brand_a,brand_b,malls_a,malls_b,cooccurrence,lift
法国娇兰,IPSA,5,5,5,12.2
TOD'S,LOEWE罗意威,5,5,5,12.2
梵克雅宝,LV路易威登,5,5,5,12.2
FRED斐登,BALENCIAGA,5,5,5,12.2
Dragonfly悠庭·美甲美容,Dragonfly悠庭·按摩Spa,5,5,5,12.2
MONCLER,diptyque,6,5,5,10.1667
MONCLER,FRED斐登,6,5,5,10.1667
MONCLER,BALENCIAGA,6,5,5,10.1667
CPB肌肤之钥,法国娇兰,6,5,5,10.1667
CPB肌肤之钥,IPSA,6,5,5,10.1667
法国娇兰,华歌尔,5,6,5,10.1667
WeekendMaxMara,LeCreuset酷彩,6,5,5,10.1667
IPSA,华歌尔,5,6,5,10.1667
LeCreuset酷彩,祖·玛珑,5,6,5,10.1667
Bonpoint,FRED斐登,6,5,5,10.1667
Bonpoint,BALENCIAGA,6,5,5,10.1667
BOUNCE舞蹈工作室,BOUNCEKIDS少儿街舞,6,5,5,10.1667
CPB肌肤之钥,雅诗兰黛,6,7,6,8.7143
法国娇兰,雅诗兰黛,5,7,5,8.7143
法国娇兰,PHILIPS飞利浦,5,7,5,8.7143
雅诗兰黛,IPSA,7,5,5,8.7143
雅诗兰黛,兰蔻LANCOME,7,5,5,8.7143
PHILIPS飞利浦,IPSA,7,5,5,8.7143
梵克雅宝,TASAKI,5,7,5,8.7143
TASAKI,LV路易威登,7,5,5,8.7143
醉庐·新上海菜,安又胖韩国烤肉,5,7,5,8.7143
MONCLER,Bonpoint,6,6,5,8.4722
CPB肌肤之钥,华歌尔,6,6,5,8.4722
Qeelin麒麟,Bonpoint,6,6,5,8.4722
Qeelin麒麟,卡地亚,6,6,5,8.4722
WeekendMaxMara,祖·玛珑,6,6,5,8.4722
Bonpoint,卡地亚,6,6,5,8.4722
哥弟,阿玛施,6,6,5,8.4722
BEAST野兽派,RIMOWA,8,5,5,7.625
醉庐·新上海菜,BOLON暴龙眼镜,5,8,5,7.625
POLORALPHLAUREN,d'zzit,7,6,5,7.2619
POLORALPHLAUREN,Timberland,7,6,5,7.2619
CPB肌肤之钥,PHILIPS飞利浦,6,7,5,7.2619
雅诗兰黛,华歌尔,7,6,5,7.2619
PHILIPS飞利浦,华歌尔,7,6,5,7.2619
APMMonaco,单农,7,6,5,7.2619
鮨士道寿司,MUJOSH木九十眼镜,7,6,5,7.2619
鮨人饭团,MakiHouse寿司,7,6,5,7.2619
薛记炒货,VEROMODA,7,6,5,7.2619
VEROMODA,ONLY,6,7,5,7.2619
结绳记,CHARLES&KEITH,9,5,5,6.7778
HOKA,SALOMON萨洛蒙,5,9,5,6.7778
AIGLE,jnbybyJNBY,8,7,6,6.5357
OnitsukaTiger,d'zzit,8,6,5,6.3542
COACH蔻驰,CPB肌肤之钥,8,6,5,6.3542
BEAST野兽派,MONCLER,8,6,5,6.3542
mikihouse,DAZZLE,8,6,5,6.3542
SamEdelman,WeekendMaxMara,8,6,5,6.3542
SamEdelman,DAZZLE,8,6,5,6.3542
d'zzit,万宝龙MONTBLANC,6,8,5,6.3542
Qeelin麒麟,Gucci,6,8,5,6.3542
Gucci,祖·玛珑,8,6,5,6.3542
湘辣辣鲜炒黄牛肉,朴下隆九,6,8,5,6.3542
KKV,佟源记炸肉,8,6,5,6.3542
CalvinKleinJeans,STACCATO思加图,7,7,5,6.2245
雅诗兰黛,PHILIPS飞利浦,7,7,5,6.2245
PHILIPS飞利浦,STACCATO思加图,7,7,5,6.2245
ROSEALYSSA,鲜芋仙,7,7,5,6.2245
薛记炒货,乐窑陶艺美创馆,7,7,5,6.2245
CHANEL,HR赫莲娜,10,5,5,6.1
CHANEL,Qeelin麒麟,10,6,6,6.1
CHANEL,LeCreuset酷彩,10,5,5,6.1
CHANEL,Bonpoint,10,6,6,6.1
CHANEL,FRED斐登,10,5,5,6.1
CHANEL,BALENCIAGA,10,5,5,6.1
毛戈平MAOGEPING,STACCATO思加图,10,7,7,6.1
玛嘉烈·蛋挞·茶餐厅,WenTinG文汀·半糖蛋糕,5,10,5,6.1
玛嘉烈·蛋挞·茶餐厅,FILAKIDS,5,10,5,6.1
Clarks,ICICLE之禾女装店,10,5,5,6.1
阿嬷手作,RIMOWA,10,5,5,6.1
华为智能生活馆,鸿蒙智行体验中心,9,8,7,5.9306
阿元来了,ubras,9,8,7,5.9306
ARIOSEYEARS,鮨士道寿司,9,7,6,5.8095
TommyHilfiger,CalvinKlein,7,9,6,5.8095
montbell,SALOMON萨洛蒙,7,9,6,5.8095
SALOMON萨洛蒙,ShakeShack,9,7,6,5.8095
万宝龙MONTBLANC,Gucci,8,8,6,5.7188
结绳记,MUJOSH木九十眼镜,9,6,5,5.6481
德罗心DELORSIM,MUJOSH木九十眼镜,9,6,5,5.6481
d'zzit,Rebecca瑞贝卡时尚假发,6,9,5,5.6481
三星授权体验店,AOJO眼镜,9,6,5,5.6481
VEROMODA,亚一金店,6,9,5,5.6481
森马,LELECHA乐乐茶,6,9,5,5.6481
亚一金店,阿玛施,9,6,5,5.6481
MONOLOGUE,燕之屋·燕窝,11,5,5,5.5455
米村拌饭,华硕电脑智汇家,11,5,5,5.5455
玛嘉烈·蛋挞·茶餐厅,英氏YeeHoO,5,11,5,5.5455
玛嘉烈·蛋挞·茶餐厅,moodytiger,5,11,5,5.5455
燕之屋·燕窝,HAZZYS哈吉斯,5,11,5,5.5455
HAZZYS哈吉斯,d'zzit,11,6,6,5.5455
HAZZYS哈吉斯,CAMICISSIMA恺米切,11,5,5,5.5455
HAZZYS哈吉斯,英皇珠宝,11,5,5,5.5455
CPB肌肤之钥,欧舒丹,6,11,6,5.5455
法国娇兰,欧舒丹,5,11,5,5.5455
欧舒丹,雅诗兰黛,11,7,7,5.5455
欧舒丹,IPSA,11,5,5,5.5455
欧舒丹,兰蔻LANCOME,11,5,5,5.5455
moodytiger,PetitBateau,11,5,5,5.5455
moodytiger,HOKA,11,5,5,5.5455
OnitsukaTiger,POLORALPHLAUREN,8,7,5,5.4464
COACH蔻驰,雅诗兰黛,8,7,5,5.4464
COACH蔻驰,PHILIPS飞利浦,8,7,5,5.4464
BEAST野兽派,0566咖啡制作所,8,7,5,5.4464
BEAST野兽派,ShakeShack,8,7,5,5.4464
mikihouse,Saucony索康尼,8,7,5,5.4464
mikihouse,0566咖啡制作所,8,7,5,5.4464
POLORALPHLAUREN,万宝龙MONTBLANC,7,8,5,5.4464
万宝龙MONTBLANC,TASAKI,8,7,5,5.4464
Gucci,APMMonaco,8,7,5,5.4464
Gucci,TASAKI,8,7,5,5.4464
安又胖韩国烤肉,BOLON暴龙眼镜,7,8,5,5.4464
Clarks,PHILIPS飞利浦,10,7,6,5.2286
PHILIPS飞利浦,浪琴表LONGINES,7,10,6,5.2286
APMMonaco,阿嬷手作,7,10,6,5.2286
Saucony索康尼,影石Insta360,7,10,6,5.2286
镭战大联盟真人CS·生日派对·亲,酷乐潮玩,10,7,6,5.2286
常乐·对症推拿,灸春堂·专业艾灸·连锁品牌,6,10,5,5.0833
T9tea,edition,12,5,5,5.0833
CHANEL,MONCLER,10,6,5,5.0833
CHANEL,CPB肌肤之钥,10,6,5,5.0833
CHANEL,WeekendMaxMara,10,6,5,5.0833
CHANEL,祖·玛珑,10,6,5,5.0833
CHANEL,卡地亚,10,6,5,5.0833
巡湘记·乡野湖南菜,安踏,10,6,5,5.0833
燕之屋·燕窝,ecco,5,12,5,5.0833
POLORALPHLAUREN,ecco,7,12,7,5.0833
ecco,d'zzit,12,6,6,5.0833
ecco,ICICLE之禾女装店,12,5,5,5.0833
Samsonite新秀丽,法国娇兰,12,5,5,5.0833
Samsonite新秀丽,IPSA,12,5,5,5.0833
TSL谢瑞麟,华歌尔,10,6,5,5.0833
阿嬷手作,单农,10,6,5,5.0833
潮界,BOUNCE舞蹈工作室,10,6,5,5.0833
乐高授权专卖店,Olé精品超市,12,5,5,5.0833
丝芙兰Sephora,OGAWA奥佳华,12,5,5,5.0833
丝芙兰Sephora,VIEAING,12,5,5,5.0833
lululemon,LensCrafters亮视点,12,5,5,5.0833
斯凯奇,LuckHaHa好运椰,12,5,5,5.0833
moodytiger,SALOMON萨洛蒙,11,9,8,4.9293
结绳记,鮨士道寿司,9,7,5,4.8413
德罗心DELORSIM,ZAKKAMI杂货猫,9,7,5,4.8413
ZAKKAMI杂货猫,卡游,7,9,5,4.8413
滨寿司,乡村基·川菜小炒,9,7,5,4.8413
jnbybyJNBY,SALOMON萨洛蒙,7,9,5,4.8413
点都德,三星授权体验店,7,9,5,4.8413
周大生CHOWTAISENG,亚一金店,7,9,5,4.8413
东瀛造型,日置名媛,7,9,5,4.8413
汕心·潮汕甜汤,SALOMON萨洛蒙,7,9,5,4.8413
亚一金店,ONLY,9,7,5,4.8413
OnitsukaTiger,万宝龙MONTBLANC,8,8,5,4.7656
AIGLE,COACH蔻驰,8,8,5,4.7656
mikihouse,Gucci,8,8,5,4.7656
LIOU&LANS了岚,BOLON暴龙眼镜,8,8,5,4.7656
煲仔皇腊味煲仔饭,朴下隆九,8,8,5,4.7656
煲仔皇腊味煲仔饭,松山棉店,8,8,5,4.7656
读酥世家,鸿蒙智行体验中心,8,8,5,4.7656
读酥世家,乐道体验店,8,8,5,4.7656
DR·KONG江博士健康鞋,乐道体验店,8,8,5,4.7656
POLORALPHLAUREN,HAZZYS哈吉斯,7,11,6,4.7532
HAZZYS哈吉斯,PHILIPS飞利浦,11,7,6,4.7532
小猿学练机,科大讯飞AI学习机专卖店,7,11,6,4.7532
欧舒丹,PHILIPS飞利浦,11,7,6,4.7532
moodytiger,jnbybyJNBY,11,7,6,4.7532
moodytiger,montbell,11,7,6,4.7532
moodytiger,ShakeShack,11,7,6,4.7532
桂满陇·蟹黄小笼汤包,indicia,13,5,5,4.6923
朱炳仁铜,六福珠宝,5,13,5,4.6923
安踏,鱼酷活鱼烤鱼,6,11,5,4.6212
麦记牛奶,阿甘锅盔,11,6,5,4.6212
麦记牛奶,哥弟,11,6,5,4.6212
HAZZYS哈吉斯,73hours,11,6,5,4.6212
HAZZYS哈吉斯,Timberland,11,6,5,4.6212
英氏YeeHoO,Timberland,11,6,5,4.6212
周大福荟馆JEWELRIA,Qeelin麒麟,11,6,5,4.6212
欧舒丹,华歌尔,11,6,5,4.6212
科大讯飞AI学习机专卖店,VEROMODA,11,6,5,4.6212
科大讯飞AI学习机专卖店,哥弟,11,6,5,4.6212
科大讯飞AI学习机专卖店,阿玛施,11,6,5,4.6212
moodytiger,%Arabica阿拉比卡咖啡,11,6,5,4.6212
鱼酷活鱼烤鱼,TATA,11,6,5,4.6212
混果汁,AOJO眼镜,11,6,5,4.6212
混果汁,茶米有言,11,6,5,4.6212
一绪に寿喜烧放题,C-Oli,11,6,5,4.6212
CHANEL,Gucci,10,8,6,4.575
BEAST野兽派,阿嬷手作,8,10,6,4.575
浪琴表LONGINES,LEE,10,8,6,4.575
西塔星球,鸿蒙智行体验中心,10,8,6,4.575
德罗心DELORSIM,卡游,9,9,6,4.5185
HAZZYS哈吉斯,浪琴表LONGINES,11,10,8,4.4364
CHANEL,POLORALPHLAUREN,10,7,5,4.3571
CHANEL,雅诗兰黛,10,7,5,4.3571
CHANEL,TASAKI,10,7,5,4.3571
毛戈平MAOGEPING,CalvinKleinJeans,10,7,5,4.3571
毛戈平MAOGEPING,雅诗兰黛,10,7,5,4.3571
毛戈平MAOGEPING,PHILIPS飞利浦,10,7,5,4.3571
Wagas沃歌斯,ROSEALYSSA,10,7,5,4.3571
裕莲茶楼,方快-照相馆,14,5,5,4.3571
蛙喔牛蛙,海澜之家,5,14,5,4.3571
海澜之家,鸿星尔克,14,5,5,4.3571
海澜之家,洗脸熊·洗脸吧,14,5,5,4.3571
海澜之家,阿甘锅盔,14,6,6,4.3571
海澜之家,森马,14,6,6,4.3571
鸿星尔克,JACK&JONES,5,14,5,4.3571
JACK&JONES,洗脸熊·洗脸吧,14,5,5,4.3571
玛嘉烈·蛋挞·茶餐厅,Columbia,5,14,5,4.3571
JNBY,咏发顺德海鲜大排档,14,5,5,4.3571
燕之屋·燕窝,LACOSTE,5,14,5,4.3571
WenTinG文汀·半糖蛋糕,点都德,10,7,5,4.3571
FILAKIDS,montbell,10,7,5,4.3571
POLORALPHLAUREN,Samsonite新秀丽,7,12,6,4.3571
POLORALPHLAUREN,Clarks,7,10,5,4.3571
POLORALPHLAUREN,Columbia,7,14,7,4.3571
ecco,Saucony索康尼,12,7,6,4.3571
Samsonite新秀丽,雅诗兰黛,12,7,6,4.3571
Samsonite新秀丽,PHILIPS飞利浦,12,7,6,4.3571
Samsonite新秀丽,STACCATO思加图,12,7,6,4.3571
Clarks,雅诗兰黛,10,7,5,4.3571
Clarks,鄂尔多斯1980,10,7,5,4.3571
d'zzit,LACOSTE,6,14,6,4.3571
泰兰尼斯TARANIS,CAMICISSIMA恺米切,14,5,5,4.3571
泰兰尼斯TARANIS,英皇珠宝,14,5,5,4.3571
泰兰尼斯TARANIS,法国娇兰,14,5,5,4.3571
泰兰尼斯TARANIS,IPSA,14,5,5,4.3571
泰兰尼斯TARANIS,华歌尔,14,6,6,4.3571
Columbia,英皇珠宝,14,5,5,4.3571
Columbia,Timberland,14,6,6,4.3571
TSL谢瑞麟,雅诗兰黛,10,7,5,4.3571
TSL谢瑞麟,点都德,10,7,5,4.3571
法国娇兰,LACOSTE,5,14,5,4.3571
雅诗兰黛,浪琴表LONGINES,7,10,5,4.3571
PHILIPS飞利浦,LACOSTE,7,14,7,4.3571
STACCATO思加图,浪琴表LONGINES,7,10,5,4.3571
IPSA,LACOSTE,5,14,5,4.3571
泽田本家·铜锣烧,阿嬷手作,7,10,5,4.3571
阿嬷手作,Shokz韶音,10,7,5,4.3571
阿嬷手作,ShakeShack,10,7,5,4.3571
谭木匠,MUJOSH木九十眼镜,14,6,6,4.3571
点都德,浪琴表LONGINES,7,10,5,4.3571
丝芙兰Sephora,URBANREVIVO,12,7,6,4.3571
lululemon,montbell,12,7,6,4.3571
lululemon,ShakeShack,12,7,6,4.3571
GXG,TESLA特斯拉,10,7,5,4.3571
浪琴表LONGINES,鄂尔多斯1980,10,7,5,4.3571
宝粤楼广式点心茶楼,和府捞面,7,12,6,4.3571
HAZZYS哈吉斯,Rebecca瑞贝卡时尚假发,11,9,7,4.3131
科大讯飞AI学习机专卖店,亚一金店,11,9,7,4.3131
FILAKIDS,OSIM傲胜,10,10,7,4.27
BUT·飞顿牛奶肌·INDIBA·科技美,南里山房·新淮扬菜,8,9,5,4.2361
结绳记,煲仔皇腊味煲仔饭,9,8,5,4.2361
AIGLE,SALOMON萨洛蒙,8,9,5,4.2361
滨寿司,林清轩,9,8,5,4.2361
GODIVA,三星授权体验店,8,9,5,4.2361
ecco,Timberland,12,6,5,4.2361
ecco,Theory,12,6,5,4.2361
SamEdelman,SALOMON萨洛蒙,8,9,5,4.2361
Samsonite新秀丽,d'zzit,12,6,5,4.2361
Samsonite新秀丽,CPB肌肤之钥,12,6,5,4.2361
Samsonite新秀丽,华歌尔,12,6,5,4.2361
Samsonite新秀丽,Timberland,12,6,5,4.2361
南里山房·新淮扬菜,ubras,9,8,5,4.2361
BOLON暴龙眼镜,华为智能生活馆,8,9,5,4.2361
VS假发,FILA,8,9,5,4.2361
煲仔皇腊味煲仔饭,三星授权体验店,8,9,5,4.2361
阿甘锅盔,和府捞面,6,12,5,4.2361
AOJO眼镜,lululemon,6,12,5,4.2361
lululemon,%Arabica阿拉比卡咖啡,12,6,5,4.2361
斯凯奇,星洲小馆·新加坡料理,12,6,5,4.2361
ubras,伽喱博士Dr.CURRY咖喱饭,8,9,5,4.2361
森马,和府捞面,6,12,5,4.2361
AIGLE,moodytiger,8,11,6,4.1591
COACH蔻驰,HAZZYS哈吉斯,8,11,6,4.1591
COACH蔻驰,欧舒丹,8,11,6,4.1591
吉的堡成长中心,麦记牛奶,8,11,6,4.1591
GODIVA,moodytiger,8,11,6,4.1591
MOUSSY,moodytiger,8,11,6,4.1591
英氏YeeHoO,DR·KONG江博士健康鞋,11,8,6,4.1591
moodytiger,lululemon,11,12,9,4.1591
混果汁,ubras,11,8,6,4.1591
一绪に寿喜烧放题,DR·KONG江博士健康鞋,11,8,6,4.1591
一绪に寿喜烧放题,乐道体验店,11,8,6,4.1591
陈香贵·兰州牛肉面,朴大叔拌饭,15,5,5,4.0667
陈香贵·兰州牛肉面,泸溪河桃酥,15,5,5,4.0667
蛙喔牛蛙,小菜园新徽菜,5,15,5,4.0667
蛙喔牛蛙,屈臣氏,5,15,5,4.0667
胡子大厨·超级小炒肉,呆板日式料理,15,5,5,4.0667
小菜园新徽菜,满巍明生炸鸡架,15,7,7,4.0667
小菜园新徽菜,朴大叔拌饭,15,5,5,4.0667
萨莉亚意式餐厅,鸿星尔克,15,5,5,4.0667
鸿星尔克,屈臣氏,5,15,5,4.0667
屈臣氏,阿玛施,15,6,6,4.0667
THENORTHFACE,FLAGLADY,15,5,5,4.0667
HAZZYS哈吉斯,英氏YeeHoO,11,11,8,4.0331
爱婴室,作业帮学习机,13,7,6,4.022
来伊份,ONLY,13,7,6,4.022
作业帮学习机,六福珠宝,7,13,6,4.022
六福珠宝,鮨人饭团,13,7,6,4.022
ZAKKAMI杂货猫,ACTREE,7,11,5,3.961
CHUU,ACTREE,7,11,5,3.961
椿田熟成茶行,酷乐潮玩,11,7,5,3.961
ACTREE,争鲜回转寿司,11,7,5,3.961
米村拌饭,薛记炒货,11,7,5,3.961
POLORALPHLAUREN,欧舒丹,7,11,5,3.961
POLORALPHLAUREN,天真蓝照相馆,7,11,5,3.961
HAZZYS哈吉斯,雅诗兰黛,11,7,5,3.961
HAZZYS哈吉斯,STACCATO思加图,11,7,5,3.961
HAZZYS哈吉斯,LACOSTE,11,14,10,3.961
HAZZYS哈吉斯,jnbybyJNBY,11,7,5,3.961
HAZZYS哈吉斯,点都德,11,7,5,3.961
HAZZYS哈吉斯,Saucony索康尼,11,7,5,3.961
英氏YeeHoO,点都德,11,7,5,3.961
英氏YeeHoO,montbell,11,7,5,3.961
欧舒丹,STACCATO思加图,11,7,5,3.961
欧舒丹,TEENIEWEENIE,11,7,5,3.961
科大讯飞AI学习机专卖店,ONLY,11,7,5,3.961
点都德,一绪に寿喜烧放题,7,11,5,3.961
鱼酷活鱼烤鱼,正烧记现捞卤味,11,7,5,3.961
鱼酷活鱼烤鱼,TESLA特斯拉,11,7,5,3.961
转转二手回收,盒马鲜生,11,7,5,3.961
牛New寿喜烧,新太二·鲜料川菜,11,7,5,3.961
争鲜回转寿司,hotwind热风,7,11,5,3.961
hotwind热风,ONLY,11,7,5,3.961
ShakeShack,楼下酸奶,7,11,5,3.961
lululemon,SALOMON萨洛蒙,12,9,7,3.9537
JACK&JONES,GXG,14,10,9,3.9214
FILAKIDS,Columbia,10,14,9,3.9214
桂满陇·蟹黄小笼汤包,MakiHouse寿司,13,6,5,3.9103
爱婴室,VEROMODA,13,6,5,3.9103
爱婴室,阿玛施,13,6,5,3.9103
CoCo都可,阿甘锅盔,13,6,5,3.9103
西町村屋,哥弟,13,6,5,3.9103
西町村屋,JOYMARK,13,6,5,3.9103
西町村屋,泰兰尼斯,13,6,5,3.9103
西町村屋,沼津港精致料理·寿喜烧·烧鸟,13,6,5,3.9103
西町村屋,阿玛施,13,6,5,3.9103
小杨生煎,文通冰室,13,6,5,3.9103
小杨生煎,阿甘锅盔,13,6,5,3.9103
小杨生煎,魅KTV·AI辅唱,13,6,5,3.9103
美珍香,星洲小馆·新加坡料理,13,6,5,3.9103
海马体照相馆,湘辣辣鲜炒黄牛肉,13,6,5,3.9103
六福珠宝,VEROMODA,13,6,5,3.9103
毛戈平MAOGEPING,HAZZYS哈吉斯,10,11,7,3.8818
FILAKIDS,moodytiger,10,11,7,3.8818
英氏YeeHoO,浪琴表LONGINES,11,10,7,3.8818
JNBY,ARIOSEYEARS,14,9,8,3.873
西町村屋,麦记牛奶,13,11,9,3.8392
美丽田园,OGAWA奥佳华,16,5,5,3.8125
BUT·飞顿牛奶肌·INDIBA·科技美,浪琴表LONGINES,8,10,5,3.8125
厚贞日式烤肉,汤姆熊欢乐世界,16,6,6,3.8125
OnitsukaTiger,毛戈平MAOGEPING,8,10,5,3.8125
OnitsukaTiger,Samsonite新秀丽,8,12,6,3.8125
MO&Co.,玛嘉烈·蛋挞·茶餐厅,16,5,5,3.8125
MO&Co.,燕之屋·燕窝,16,5,5,3.8125
MO&Co.,73hours,16,6,6,3.8125
CHANEL,COACH蔻驰,10,8,5,3.8125
CHANEL,mikihouse,10,8,5,3.8125
CHANEL,SamEdelman,10,8,5,3.8125
CHANEL,万宝龙MONTBLANC,10,8,5,3.8125
AIGLE,Levi's,8,10,5,3.8125
KOIThé,家府潮汕菜,16,5,5,3.8125
KOIThé,NITORI宜得利家居,16,6,6,3.8125
COACH蔻驰,Levi's,8,10,5,3.8125
COACH蔻驰,浪琴表LONGINES,8,10,5,3.8125
Levi's,VS假发,10,8,5,3.8125
Levi's,BELLE,10,8,5,3.8125
Levi's,LEE,10,8,5,3.8125
BEAST野兽派,lululemon,8,12,6,3.8125
吉的堡成长中心,和府捞面,8,12,6,3.8125
巡湘记·乡野湖南菜,鸿蒙智行体验中心,10,8,5,3.8125
蛙喔牛蛙,老庙黄金,5,16,5,3.8125
马记永·兰州牛肉面,Anruz安润适,16,5,5,3.8125
马记永·兰州牛肉面,MaXiaoNa,16,5,5,3.8125
马记永·兰州牛肉面,茶米有言,16,6,6,3.8125
鸡柳大人,海澜之家,8,14,7,3.8125
老庙黄金,周大生CHOWTAISENG,16,7,7,3.8125
GODIVA,WenTinG文汀·半糖蛋糕,8,10,5,3.8125
GODIVA,OSIM傲胜,8,10,5,3.8125
GODIVA,TSL谢瑞麟,8,10,5,3.8125
mikihouse,ecco,8,12,6,3.8125
ecco,SamEdelman,12,8,6,3.8125
ecco,NewBalance,12,8,6,3.8125
SamEdelman,阿嬷手作,8,10,5,3.8125
OSIM傲胜,MOUSSY,10,8,5,3.8125
OSIM傲胜,松山棉店,10,8,5,3.8125
OSIM傲胜,BELLE,10,8,5,3.8125
Gucci,阿嬷手作,8,10,5,3.8125
阿嬷手作,NewBalance,10,8,5,3.8125
BOLON暴龙眼镜,Champion,8,10,5,3.8125
文通冰室,Yee3·三号椰·椰子炒冰,6,16,6,3.8125
Yee3·三号椰·椰子炒冰,HOTCRUSH趁热集合·现烤面包,16,5,5,3.8125
Yee3·三号椰·椰子炒冰,FLAGLADY,16,5,5,3.8125
Yee3·三号椰·椰子炒冰,大神太神·铁板烧,16,8,8,3.8125
VS假发,浪琴表LONGINES,8,10,5,3.8125
TheGreenParty,MaXiaoNa,16,5,5,3.8125
太犇牛手作茶铺,乐道体验店,10,8,5,3.8125
很久以前羊肉串,7分甜,8,10,5,3.8125
