category_l2,mall_count,ubiquity_ratio,store_count
茶饮果汁,61,1.0,626
粤菜,61,1.0,217
咖啡,61,1.0,403
日料,61,1.0,406
其它,61,1.0,843
美容医美,61,1.0,393
西餐,61,1.0,286
服饰鞋包,60,0.983607,2470
面包甜点,60,0.983607,715
美发,59,0.967213,325
小吃快餐,59,0.967213,902
数码家电,59,0.967213,573
潮玩礼品,59,0.967213,468
烧烤烤肉,58,0.95082,160
其它地方菜,58,0.95082,248
江浙菜,57,0.934426,242
超市便利,57,0.934426,286
珠宝首饰,56,0.918033,461
眼镜店,56,0.918033,251
火锅,56,0.918033,252
美甲美睫,56,0.918033,176
川菜,54,0.885246,129
运动户外,53,0.868852,415
居家日用,51,0.836066,171
美妆护肤,51,0.836066,409
湘菜,50,0.819672,114
健身中心,50,0.819672,117
东南亚料理,46,0.754098,84
家具家居,46,0.754098,152
回收护理,46,0.754098,119
教育培训,44,0.721311,254
汽车服务,43,0.704918,50
按摩足疗,42,0.688525,107
花店,42,0.688525,61
电影院,41,0.672131,49
球馆,40,0.655738,89
游戏电竞,39,0.639344,111
维修,37,0.606557,69
KTV,36,0.590164,40
摄影写真,35,0.57377,57
舞蹈,35,0.57377,67
瑜伽普拉提,33,0.540984,42
儿童乐园,33,0.540984,101
烟酒茶叶,33,0.540984,43
彩票,33,0.540984,53
DIY手工,32,0.52459,67
撸宠购宠,31,0.508197,73
洗衣护理,30,0.491803,43
汽车体验,30,0.491803,107
食品滋补,28,0.459016,57
韩料,28,0.459016,41
母婴用品,27,0.442623,46
奢侈品,26,0.42623,266
自助餐,26,0.42623,42
北京菜,26,0.42623,29
手表腕表,26,0.42623,85
演出活动,25,0.409836,59
茶馆,25,0.409836,34
亲子活动,22,0.360656,42
书店,21,0.344262,23
酒吧,20,0.327869,47
游泳冰雪,19,0.311475,24
密室逃脱,16,0.262295,29
桌游棋牌,13,0.213115,15
药店保健,12,0.196721,18
VR体验,8,0.131148,11
儿童摄影,6,0.098361,8
营业网点,5,0.081967,6
洗浴汗蒸,1,0.016393,1
