variable,n,kind,corr_factor1,corr_factor2
standardization_loo,61,constructed_indicator,0.7254,0.2283
local_only_rate,61,constructed_indicator,-0.0846,0.4449
function_rarity_loo,61,constructed_indicator,0.3648,-0.0729
sitdown_price_log,61,constructed_indicator,-0.6671,-0.1953
subculture_index,61,constructed_indicator,0.0557,0.0727
light_consumption_index,61,constructed_indicator,0.2663,0.6343
experiential_share,61,constructed_indicator,0.609,0.5582
l2_breadth,61,constructed_indicator,0.5309,-0.1497
store_count,61,constructed_indicator,0.1757,-0.5917
dining_share,61,constructed_indicator,0.2669,0.7601
retail_share,61,constructed_indicator,-0.5533,-0.9289
distance_from_centre_km,57,geography,0.4299,-0.0647
opening_year,13,metadata,0.4799,0.0529
