mall_name,category_l1,store_instance_count,category_ratio,result_status
BFC外滩金融中心,丽人美发,19,0.092683,current
BFC外滩金融中心,亲子,2,0.009756,current
BFC外滩金融中心,休闲玩乐,24,0.117073,current
BFC外滩金融中心,生活服务,8,0.039024,current
BFC外滩金融中心,美食,77,0.37561,current
BFC外滩金融中心,购物,70,0.341463,current
BFC外滩金融中心,运动健身,5,0.02439,current
K11购物艺术中心,丽人美发,15,0.122951,current
K11购物艺术中心,休闲玩乐,6,0.04918,current
K11购物艺术中心,教育培训,2,0.016393,current
K11购物艺术中心,生活服务,3,0.02459,current
K11购物艺术中心,美食,45,0.368852,current
K11购物艺术中心,购物,50,0.409836,current
K11购物艺术中心,运动健身,1,0.008197,current
ONE ITC,丽人美发,7,0.073684,current
ONE ITC,休闲玩乐,2,0.021053,current
ONE ITC,生活服务,2,0.021053,current
ONE ITC,美食,41,0.431579,current
ONE ITC,购物,40,0.421053,current
ONE ITC,运动健身,3,0.031579,current
万达茂,丽人美发,21,0.09417,current
万达茂,亲子,2,0.008969,current
万达茂,休闲玩乐,15,0.067265,current
万达茂,教育培训,13,0.058296,current
万达茂,生活服务,6,0.026906,current
万达茂,美食,82,0.367713,current
万达茂,购物,76,0.340807,current
万达茂,运动健身,8,0.035874,current
上海久光百货,丽人美发,10,0.024038,current
上海久光百货,亲子,1,0.002404,current
上海久光百货,休闲玩乐,3,0.007212,current
上海久光百货,教育培训,1,0.002404,current
上海久光百货,生活服务,4,0.009615,current
上海久光百货,美食,78,0.1875,current
上海久光百货,购物,318,0.764423,current
上海久光百货,运动健身,1,0.002404,current
上海恒隆广场,丽人美发,8,0.057971,current
上海恒隆广场,教育培训,1,0.007246,current
上海恒隆广场,生活服务,1,0.007246,current
上海恒隆广场,美食,22,0.15942,current
上海恒隆广场,购物,106,0.768116,current
上海来福士广场,丽人美发,10,0.048077,current
上海来福士广场,休闲玩乐,7,0.033654,current
上海来福士广场,教育培训,1,0.004808,current
上海来福士广场,生活服务,7,0.033654,current
上海来福士广场,美食,73,0.350962,current
上海来福士广场,购物,105,0.504808,current
上海来福士广场,运动健身,5,0.024038,current
上海环球港,丽人美发,25,0.051653,current
上海环球港,亲子,6,0.012397,current
上海环球港,休闲玩乐,37,0.076446,current
上海环球港,教育培训,6,0.012397,current
上海环球港,生活服务,14,0.028926,current
上海环球港,美食,147,0.303719,current
上海环球港,购物,242,0.5,current
上海环球港,运动健身,7,0.014463,current
上海荟聚中心,丽人美发,14,0.037433,current
上海荟聚中心,亲子,8,0.02139,current
上海荟聚中心,休闲玩乐,12,0.032086,current
上海荟聚中心,教育培训,3,0.008021,current
上海荟聚中心,生活服务,12,0.032086,current
上海荟聚中心,美食,138,0.368984,current
上海荟聚中心,购物,180,0.481283,current
上海荟聚中心,运动健身,7,0.018717,current
世博天地,丽人美发,3,0.019608,current
世博天地,亲子,2,0.013072,current
世博天地,休闲玩乐,8,0.052288,current
世博天地,教育培训,2,0.013072,current
世博天地,生活服务,2,0.013072,current
世博天地,美食,81,0.529412,current
世博天地,购物,54,0.352941,current
世博天地,运动健身,1,0.006536,current
世博源,丽人美发,12,0.040678,current
世博源,亲子,8,0.027119,current
世博源,休闲玩乐,26,0.088136,current
世博源,教育培训,16,0.054237,current
世博源,生活服务,13,0.044068,current
世博源,美食,93,0.315254,current
世博源,购物,103,0.349153,current
世博源,运动健身,24,0.081356,current
世贸广场,丽人美发,2,0.016529,current
世贸广场,休闲玩乐,24,0.198347,current
世贸广场,生活服务,1,0.008264,current
世贸广场,美食,51,0.421488,current
世贸广场,购物,42,0.347107,current
世贸广场,运动健身,1,0.008264,current
中信泰富广场,丽人美发,10,0.136986,current
中信泰富广场,休闲玩乐,3,0.041096,current
中信泰富广场,教育培训,1,0.013699,current
中信泰富广场,生活服务,4,0.054795,current
中信泰富广场,美食,23,0.315068,current
中信泰富广场,购物,27,0.369863,current
中信泰富广场,运动健身,5,0.068493,current
五角场万达广场,丽人美发,33,0.09375,current
五角场万达广场,亲子,3,0.008523,current
五角场万达广场,休闲玩乐,19,0.053977,current
五角场万达广场,教育培训,8,0.022727,current
五角场万达广场,生活服务,14,0.039773,current
五角场万达广场,美食,117,0.332386,current
五角场万达广场,购物,148,0.420455,current
五角场万达广场,运动健身,10,0.028409,current
五角场合生汇,丽人美发,16,0.037296,current
五角场合生汇,亲子,3,0.006993,current
五角场合生汇,休闲玩乐,21,0.048951,current
五角场合生汇,教育培训,5,0.011655,current
五角场合生汇,生活服务,10,0.02331,current
五角场合生汇,美食,159,0.370629,current
五角场合生汇,购物,208,0.484848,current
五角场合生汇,运动健身,7,0.016317,current
光启城,丽人美发,13,0.069892,current
光启城,亲子,4,0.021505,current
光启城,休闲玩乐,10,0.053763,current
光启城,教育培训,11,0.05914,current
光启城,生活服务,8,0.043011,current
光启城,美食,100,0.537634,current
光启城,购物,34,0.182796,current
光启城,运动健身,6,0.032258,current
兴业太古汇,丽人美发,11,0.044534,current
兴业太古汇,休闲玩乐,4,0.016194,current
兴业太古汇,生活服务,7,0.02834,current
兴业太古汇,美食,78,0.315789,current
兴业太古汇,购物,142,0.574899,current
兴业太古汇,运动健身,5,0.020243,current
凯德晶萃广场,丽人美发,27,0.114407,current
凯德晶萃广场,亲子,2,0.008475,current
凯德晶萃广场,休闲玩乐,13,0.055085,current
凯德晶萃广场,教育培训,4,0.016949,current
凯德晶萃广场,生活服务,13,0.055085,current
凯德晶萃广场,美食,82,0.347458,current
凯德晶萃广场,购物,84,0.355932,current
凯德晶萃广场,运动健身,11,0.04661,current
前滩太古里,丽人美发,9,0.028037,current
前滩太古里,休闲玩乐,11,0.034268,current
前滩太古里,生活服务,2,0.006231,current
前滩太古里,美食,99,0.308411,current
前滩太古里,购物,198,0.616822,current
前滩太古里,运动健身,2,0.006231,current
北外滩来福士,丽人美发,23,0.091633,current
北外滩来福士,亲子,1,0.003984,current
北外滩来福士,休闲玩乐,18,0.071713,current
北外滩来福士,教育培训,1,0.003984,current
北外滩来福士,生活服务,14,0.055777,current
北外滩来福士,美食,93,0.370518,current
北外滩来福士,购物,86,0.342629,current
北外滩来福士,运动健身,15,0.059761,current
国金ifc商场,丽人美发,9,0.036,current
国金ifc商场,休闲玩乐,2,0.008,current
国金ifc商场,生活服务,3,0.012,current
国金ifc商场,美食,73,0.292,current
国金ifc商场,购物,162,0.648,current
国金ifc商场,运动健身,1,0.004,current
大宁久光中心,丽人美发,16,0.038929,current
大宁久光中心,亲子,8,0.019465,current
大宁久光中心,休闲玩乐,13,0.03163,current
大宁久光中心,教育培训,4,0.009732,current
大宁久光中心,生活服务,11,0.026764,current
大宁久光中心,美食,131,0.318735,current
大宁久光中心,购物,220,0.53528,current
大宁久光中心,运动健身,8,0.019465,current
大融城,丽人美发,20,0.056022,current
大融城,亲子,16,0.044818,current
大融城,休闲玩乐,27,0.07563,current
大融城,教育培训,17,0.047619,current
大融城,生活服务,10,0.028011,current
大融城,美食,118,0.330532,current
大融城,购物,125,0.35014,current
大融城,运动健身,24,0.067227,current
奉贤宝龙城市广场,丽人美发,27,0.104651,current
奉贤宝龙城市广场,亲子,5,0.01938,current
奉贤宝龙城市广场,休闲玩乐,13,0.050388,current
奉贤宝龙城市广场,教育培训,8,0.031008,current
奉贤宝龙城市广场,生活服务,5,0.01938,current
奉贤宝龙城市广场,美食,109,0.422481,current
奉贤宝龙城市广场,购物,87,0.337209,current
奉贤宝龙城市广场,运动健身,4,0.015504,current
奉贤龙湖天街,丽人美发,11,0.035948,current
奉贤龙湖天街,亲子,3,0.009804,current
奉贤龙湖天街,休闲玩乐,13,0.042484,current
奉贤龙湖天街,教育培训,5,0.01634,current
奉贤龙湖天街,生活服务,14,0.045752,current
奉贤龙湖天街,美食,109,0.356209,current
奉贤龙湖天街,购物,148,0.48366,current
奉贤龙湖天街,运动健身,3,0.009804,current
尚嘉中心,丽人美发,7,0.051095,current
尚嘉中心,休闲玩乐,5,0.036496,current
尚嘉中心,生活服务,3,0.021898,current
尚嘉中心,美食,67,0.489051,current
尚嘉中心,购物,50,0.364964,current
尚嘉中心,运动健身,5,0.036496,current
崇明万达广场,丽人美发,9,0.042453,current
崇明万达广场,亲子,3,0.014151,current
崇明万达广场,休闲玩乐,8,0.037736,current
崇明万达广场,教育培训,6,0.028302,current
崇明万达广场,生活服务,7,0.033019,current
崇明万达广场,美食,80,0.377358,current
崇明万达广场,购物,92,0.433962,current
崇明万达广场,运动健身,7,0.033019,current
控江旭辉MALL,丽人美发,6,0.065217,current
控江旭辉MALL,亲子,1,0.01087,current
控江旭辉MALL,休闲玩乐,7,0.076087,current
控江旭辉MALL,教育培训,13,0.141304,current
控江旭辉MALL,生活服务,3,0.032609,current
控江旭辉MALL,美食,40,0.434783,current
控江旭辉MALL,购物,13,0.141304,current
控江旭辉MALL,运动健身,9,0.097826,current
新世界城,丽人美发,8,0.021448,current
新世界城,休闲玩乐,15,0.040214,current
新世界城,教育培训,1,0.002681,current
新世界城,生活服务,3,0.008043,current
新世界城,美食,61,0.163539,current
新世界城,购物,279,0.747989,current
新世界城,运动健身,6,0.016086,current
新天地广场,丽人美发,5,0.053763,current
新天地广场,休闲玩乐,4,0.043011,current
新天地广场,教育培训,1,0.010753,current
新天地广场,生活服务,1,0.010753,current
新天地广场,美食,55,0.591398,current
新天地广场,购物,26,0.27957,current
新天地广场,运动健身,1,0.010753,current
晶耀前滩,丽人美发,14,0.084848,current
晶耀前滩,亲子,2,0.012121,current
晶耀前滩,休闲玩乐,6,0.036364,current
晶耀前滩,教育培训,7,0.042424,current
晶耀前滩,生活服务,5,0.030303,current
晶耀前滩,美食,71,0.430303,current
晶耀前滩,购物,48,0.290909,current
晶耀前滩,运动健身,12,0.072727,current
正大乐城,丽人美发,11,0.101852,current
正大乐城,亲子,3,0.027778,current
正大乐城,休闲玩乐,13,0.12037,current
正大乐城,教育培训,8,0.074074,current
正大乐城,生活服务,5,0.046296,current
正大乐城,美食,45,0.416667,current
正大乐城,购物,15,0.138889,current
正大乐城,运动健身,8,0.074074,current
正大广场,丽人美发,14,0.059829,current
正大广场,亲子,4,0.017094,current
正大广场,休闲玩乐,16,0.068376,current
正大广场,教育培训,2,0.008547,current
正大广场,生活服务,10,0.042735,current
正大广场,美食,103,0.440171,current
正大广场,购物,83,0.354701,current
正大广场,运动健身,2,0.008547,current
浦东嘉里中心,丽人美发,10,0.056818,current
浦东嘉里中心,亲子,1,0.005682,current
浦东嘉里中心,休闲玩乐,1,0.005682,current
浦东嘉里中心,教育培训,2,0.011364,current
浦东嘉里中心,生活服务,5,0.028409,current
浦东嘉里中心,美食,54,0.306818,current
浦东嘉里中心,购物,102,0.579545,current
浦东嘉里中心,运动健身,1,0.005682,current
港汇恒隆广场,丽人美发,8,0.021978,current
港汇恒隆广场,休闲玩乐,3,0.008242,current
港汇恒隆广场,生活服务,9,0.024725,current
港汇恒隆广场,美食,78,0.214286,current
港汇恒隆广场,购物,265,0.728022,current
港汇恒隆广场,运动健身,1,0.002747,current
瑞虹天地太阳宫,丽人美发,22,0.05314,current
瑞虹天地太阳宫,亲子,9,0.021739,current
瑞虹天地太阳宫,休闲玩乐,17,0.041063,current
瑞虹天地太阳宫,教育培训,4,0.009662,current
瑞虹天地太阳宫,生活服务,7,0.016908,current
瑞虹天地太阳宫,美食,161,0.388889,current
瑞虹天地太阳宫,购物,181,0.437198,current
瑞虹天地太阳宫,运动健身,13,0.031401,current
瑞虹天地月亮湾,丽人美发,8,0.054422,current
瑞虹天地月亮湾,休闲玩乐,36,0.244898,current
瑞虹天地月亮湾,教育培训,1,0.006803,current
瑞虹天地月亮湾,生活服务,4,0.027211,current
瑞虹天地月亮湾,美食,70,0.47619,current
瑞虹天地月亮湾,购物,16,0.108844,current
瑞虹天地月亮湾,运动健身,12,0.081633,current
白玉兰广场,丽人美发,13,0.079268,current
白玉兰广场,休闲玩乐,15,0.091463,current
白玉兰广场,生活服务,5,0.030488,current
白玉兰广场,美食,90,0.54878,current
白玉兰广场,购物,34,0.207317,current
白玉兰广场,运动健身,7,0.042683,current
百联又一城,丽人美发,16,0.058394,current
百联又一城,亲子,3,0.010949,current
百联又一城,休闲玩乐,14,0.051095,current
百联又一城,教育培训,7,0.025547,current
百联又一城,生活服务,8,0.029197,current
百联又一城,美食,61,0.222628,current
百联又一城,购物,157,0.572993,current
百联又一城,运动健身,8,0.029197,current
百联金山,丽人美发,4,0.022989,current
百联金山,亲子,2,0.011494,current
百联金山,休闲玩乐,6,0.034483,current
百联金山,教育培训,2,0.011494,current
百联金山,生活服务,4,0.022989,current
百联金山,美食,59,0.33908,current
百联金山,购物,94,0.54023,current
百联金山,运动健身,3,0.017241,current
真如环宇城,丽人美发,17,0.04607,current
真如环宇城,亲子,2,0.00542,current
真如环宇城,休闲玩乐,6,0.01626,current
真如环宇城,教育培训,5,0.01355,current
真如环宇城,生活服务,3,0.00813,current
真如环宇城,美食,160,0.433604,current
真如环宇城,购物,164,0.444444,current
真如环宇城,运动健身,12,0.03252,current
第一八佰伴,丽人美发,9,0.023256,current
第一八佰伴,亲子,1,0.002584,current
第一八佰伴,休闲玩乐,8,0.020672,current
第一八佰伴,生活服务,5,0.01292,current
第一八佰伴,美食,41,0.105943,current
第一八佰伴,购物,319,0.824289,current
第一八佰伴,运动健身,4,0.010336,current
第一百货,丽人美发,10,0.044843,current
第一百货,亲子,1,0.004484,current
第一百货,休闲玩乐,25,0.112108,current
第一百货,教育培训,1,0.004484,current
第一百货,生活服务,3,0.013453,current
第一百货,美食,40,0.179372,current
第一百货,购物,143,0.641256,current
紫荆广场,丽人美发,10,0.061728,current
紫荆广场,亲子,2,0.012346,current
紫荆广场,休闲玩乐,4,0.024691,current
紫荆广场,教育培训,7,0.04321,current
紫荆广场,生活服务,3,0.018519,current
紫荆广场,美食,82,0.506173,current
紫荆广场,购物,41,0.253086,current
紫荆广场,运动健身,13,0.080247,current
绿地缤纷城,丽人美发,20,0.088889,current
绿地缤纷城,亲子,4,0.017778,current
绿地缤纷城,休闲玩乐,18,0.08,current
绿地缤纷城,教育培训,9,0.04,current
绿地缤纷城,生活服务,9,0.04,current
绿地缤纷城,美食,103,0.457778,current
绿地缤纷城,购物,42,0.186667,current
绿地缤纷城,运动健身,20,0.088889,current
美罗城,丽人美发,6,0.027149,current
美罗城,休闲玩乐,8,0.036199,current
美罗城,生活服务,13,0.058824,current
美罗城,美食,104,0.470588,current
美罗城,购物,85,0.384615,current
美罗城,运动健身,5,0.022624,current
芮欧百货,丽人美发,7,0.049645,current
芮欧百货,休闲玩乐,6,0.042553,current
芮欧百货,生活服务,4,0.028369,current
芮欧百货,美食,62,0.439716,current
芮欧百货,购物,61,0.432624,current
芮欧百货,运动健身,1,0.007092,current
虹口凯德龙之梦,丽人美发,23,0.065903,current
虹口凯德龙之梦,亲子,3,0.008596,current
虹口凯德龙之梦,休闲玩乐,21,0.060172,current
虹口凯德龙之梦,教育培训,9,0.025788,current
虹口凯德龙之梦,生活服务,8,0.022923,current
虹口凯德龙之梦,美食,143,0.409742,current
虹口凯德龙之梦,购物,127,0.363897,current
虹口凯德龙之梦,运动健身,15,0.04298,current
虹桥南丰城,丽人美发,30,0.119522,current
虹桥南丰城,亲子,10,0.039841,current
虹桥南丰城,休闲玩乐,20,0.079681,current
虹桥南丰城,教育培训,6,0.023904,current
虹桥南丰城,生活服务,11,0.043825,current
虹桥南丰城,美食,102,0.406375,current
虹桥南丰城,购物,62,0.247012,current
虹桥南丰城,运动健身,10,0.039841,current
虹桥新天地,丽人美发,22,0.090535,current
虹桥新天地,休闲玩乐,18,0.074074,current
虹桥新天地,生活服务,4,0.016461,current
虹桥新天地,美食,105,0.432099,current
虹桥新天地,购物,88,0.36214,current
虹桥新天地,运动健身,6,0.024691,current
西岸梦中心,丽人美发,2,0.0125,current
西岸梦中心,休闲玩乐,12,0.075,current
西岸梦中心,生活服务,1,0.00625,current
西岸梦中心,美食,81,0.50625,current
西岸梦中心,购物,61,0.38125,current
西岸梦中心,运动健身,3,0.01875,current
金山万达广场,丽人美发,22,0.067485,current
金山万达广场,亲子,6,0.018405,current
金山万达广场,休闲玩乐,30,0.092025,current
金山万达广场,教育培训,11,0.033742,current
金山万达广场,生活服务,11,0.033742,current
金山万达广场,美食,108,0.331288,current
金山万达广场,购物,124,0.380368,current
金山万达广场,运动健身,14,0.042945,current
金虹桥,丽人美发,22,0.102326,current
金虹桥,休闲玩乐,12,0.055814,current
金虹桥,教育培训,3,0.013953,current
金虹桥,生活服务,9,0.04186,current
金虹桥,美食,116,0.539535,current
金虹桥,购物,38,0.176744,current
金虹桥,运动健身,15,0.069767,current
长宁来福士,丽人美发,36,0.119205,current
长宁来福士,亲子,3,0.009934,current
长宁来福士,休闲玩乐,22,0.072848,current
长宁来福士,教育培训,8,0.02649,current
长宁来福士,生活服务,17,0.056291,current
长宁来福士,美食,100,0.331126,current
长宁来福士,购物,97,0.321192,current
长宁来福士,运动健身,19,0.062914,current
长泰广场,丽人美发,20,0.076336,current
长泰广场,亲子,5,0.019084,current
长泰广场,休闲玩乐,19,0.072519,current
长泰广场,教育培训,7,0.026718,current
长泰广场,生活服务,12,0.045802,current
长泰广场,美食,104,0.396947,current
长泰广场,购物,88,0.335878,current
长泰广场,运动健身,7,0.026718,current
长风大悦城,丽人美发,9,0.052941,current
长风大悦城,亲子,4,0.023529,current
长风大悦城,休闲玩乐,15,0.088235,current
长风大悦城,生活服务,6,0.035294,current
长风大悦城,美食,80,0.470588,current
长风大悦城,购物,42,0.247059,current
长风大悦城,运动健身,14,0.082353,current
陆家嘴中心L+MALL,丽人美发,19,0.079498,current
陆家嘴中心L+MALL,亲子,1,0.004184,current
陆家嘴中心L+MALL,休闲玩乐,12,0.050209,current
陆家嘴中心L+MALL,教育培训,3,0.012552,current
陆家嘴中心L+MALL,生活服务,9,0.037657,current
陆家嘴中心L+MALL,美食,100,0.41841,current
陆家嘴中心L+MALL,购物,83,0.34728,current
陆家嘴中心L+MALL,运动健身,12,0.050209,current
青浦吾悦广场,丽人美发,40,0.127796,current
青浦吾悦广场,亲子,6,0.019169,current
青浦吾悦广场,休闲玩乐,16,0.051118,current
青浦吾悦广场,教育培训,21,0.067093,current
青浦吾悦广场,生活服务,9,0.028754,current
青浦吾悦广场,美食,90,0.28754,current
青浦吾悦广场,购物,117,0.373802,current
青浦吾悦广场,运动健身,14,0.044728,current
静安嘉里中心,丽人美发,11,0.051402,current
静安嘉里中心,亲子,1,0.004673,current
静安嘉里中心,休闲玩乐,2,0.009346,current
静安嘉里中心,生活服务,3,0.014019,current
静安嘉里中心,美食,75,0.350467,current
静安嘉里中心,购物,120,0.560748,current
静安嘉里中心,运动健身,2,0.009346,current
静安大悦城,丽人美发,15,0.050505,current
静安大悦城,休闲玩乐,26,0.087542,current
静安大悦城,教育培训,1,0.003367,current
静安大悦城,生活服务,4,0.013468,current
静安大悦城,美食,114,0.383838,current
静安大悦城,购物,132,0.444444,current
静安大悦城,运动健身,5,0.016835,current
香港广场,丽人美发,18,0.25,current
香港广场,休闲玩乐,5,0.069444,current
香港广场,美食,31,0.430556,current
香港广场,购物,15,0.208333,current
香港广场,运动健身,3,0.041667,current
