mall_id,mall_name,brand_id,canonical_brand_name,rows_before,instances_after,duplicates_removed,known_floors,dedup_policy,store_instance_ids,source_record_ids
MALL-BE7EFB7264,万达茂,BRAND-CB7B7D95BF46,安踏,2,1,1,2F,merge_same_or_missing_floor,STORE-6B0761889782,上海__万达茂__20260826/CARD-0117 | 上海__万达茂__20260826/CARD-0220
MALL-F19DF9DD4E,上海恒隆广场,BRAND-A542C3681C41,Dior迪奥,2,1,1,L1,merge_same_or_missing_floor,STORE-A4677464F9C5,上海__上海恒隆广场__20260825/CARD-0067 | 上海__上海恒隆广场__20260825/CARD-0091
MALL-F19DF9DD4E,上海恒隆广场,BRAND-E6DB24335FED,LoroPiana诺悠翩雅,3,2,1,L1 | L4,keep_confirmed_different_floors,STORE-B3CDF272F510 | STORE-D88E30C3978D,上海__上海恒隆广场__20260825/CARD-0028 | 上海__上海恒隆广场__20260825/CARD-0035 | 上海__上海恒隆广场__20260825/CARD-0128
MALL-2B22607E4F,上海环球港,BRAND-F7F367924C39,Peet's皮爷咖啡,2,1,1,B1,merge_same_or_missing_floor,STORE-2B7AD37AE765,上海__上海环球港__20260826/CARD-0110 | 上海__上海环球港__20260826/CARD-0114
MALL-165A8439FF,世博天地,BRAND-EE2859116C32,西町村屋,2,1,1,B1,merge_same_or_missing_floor,STORE-944CC8B5538E,上海__世博天地__20260826/CARD-0020 | 上海__世博天地__20260826/CARD-0093
MALL-72BD897DB4,中信泰富广场,BRAND-AB8E16A2BBB8,全家便利店,2,1,1,L5,merge_same_or_missing_floor,STORE-74892CC55B61,上海__中信泰富广场__20260825/CARD-0065 | 上海__中信泰富广场__20260825/CARD-0071
MALL-78249E050F,正大广场,BRAND-2FD6224F6A35,瑞幸咖啡,2,1,1,B2,merge_same_or_missing_floor,STORE-D50516F1F214,上海__正大广场__20260826/CARD-0078 | 上海__正大广场__20260826/CARD-0091
MALL-A474F587E1,瑞虹天地月亮湾,BRAND-CB7D5FE59B33,24/7FITNESS健身,2,1,1,L5,merge_same_or_missing_floor,STORE-AC0830FE1F96,上海__瑞虹天地月亮湾__20260825/CARD-0136 | 上海__瑞虹天地月亮湾__20260825/CARD-0137
MALL-39F8CC674A,绿地缤纷城,BRAND-2FD6224F6A35,瑞幸咖啡,2,1,1,F1,merge_same_or_missing_floor,STORE-A4CD8D6C74D0,上海__绿地缤纷城__20260825/CARD-0066 | 上海__绿地缤纷城__20260825/CARD-0067
MALL-3556D14FA7,美罗城,BRAND-6910B1479ED5,nikoand..COFFEE,2,1,1,B1,merge_same_or_missing_floor,STORE-DBA783442A9A,上海__美罗城__20260825/CARD-0056 | 上海__美罗城__20260825/CARD-0172
MALL-0FF8F4D2F9,陆家嘴中心L+MALL,BRAND-F7F367924C39,Peet's皮爷咖啡,2,1,1,F5,merge_same_or_missing_floor,STORE-603CCB2A37F9,上海__陆家嘴中心L+MALL__20260826/CARD-0081 | 上海__陆家嘴中心L+MALL__20260826/CARD-0086
MALL-0FF8F4D2F9,陆家嘴中心L+MALL,BRAND-5BC71BD97AD8,果之满满鲜榨果汁,2,1,1,F7,merge_same_or_missing_floor,STORE-C0EC44A2C3D7,上海__陆家嘴中心L+MALL__20260826/CARD-0094 | 上海__陆家嘴中心L+MALL__20260826/CARD-0118
MALL-38955ECCD5,BFC外滩金融中心,BRAND-8577E64EC6BD,MStand,2,2,0,B1 | B2,keep_confirmed_different_floors,STORE-7E7C902D46FB | STORE-A01DE0F09D0C,上海__BFC外滩金融中心__20260825/CARD-0073 | 上海__BFC外滩金融中心__20260825/CARD-0078
MALL-38955ECCD5,BFC外滩金融中心,BRAND-CE5D06C0075E,MannerCoffee,2,2,0,1F | B2,keep_confirmed_different_floors,STORE-B3D55E3D6A62 | STORE-43D9773F47EB,上海__BFC外滩金融中心__20260825/CARD-0110 | 上海__BFC外滩金融中心__20260825/CARD-0111
MALL-BE7EFB7264,万达茂,BRAND-B9C632DC9E4B,琦王花生,2,2,0,4F | B1,keep_confirmed_different_floors,STORE-7CCC52F3A2E0 | STORE-D96CF862552C,上海__万达茂__20260826/CARD-0107 | 上海__万达茂__20260826/CARD-0144
MALL-1C07E1E0D7,上海久光百货,BRAND-A678A245AA75,ERDOS,2,2,0,3F | 6F,keep_confirmed_different_floors,STORE-F95BA3B006FB | STORE-EA1163DFE256,上海__上海久光百货__20260825/CARD-0411 | 上海__上海久光百货__20260825/CARD-0413
MALL-1C07E1E0D7,上海久光百货,BRAND-1426155206B8,POLORALPHLAUREN,2,2,0,1F | 6F,keep_confirmed_different_floors,STORE-489447125C30 | STORE-60B3858285B6,上海__上海久光百货__20260825/CARD-0130 | 上海__上海久光百货__20260825/CARD-0376
MALL-F19DF9DD4E,上海恒隆广场,BRAND-72E2E772F7D5,BURBERRY,2,2,0,B1 | L4,keep_confirmed_different_floors,STORE-ED6241D7568F | STORE-FBBC5FB8DB34,上海__上海恒隆广场__20260825/CARD-0069 | 上海__上海恒隆广场__20260825/CARD-0098
MALL-F19DF9DD4E,上海恒隆广场,BRAND-CEC11F954E07,CHANEL,2,2,0,L1 | L3,keep_confirmed_different_floors,STORE-D98F2315094D | STORE-B11018837204,上海__上海恒隆广场__20260825/CARD-0090 | 上海__上海恒隆广场__20260825/CARD-0103
MALL-F19DF9DD4E,上海恒隆广场,BRAND-4662435D427D,FENDI,2,2,0,L1 | L4,keep_confirmed_different_floors,STORE-5AFE20638904 | STORE-68B0D319F1B5,上海__上海恒隆广场__20260825/CARD-0089 | 上海__上海恒隆广场__20260825/CARD-0126
MALL-6F9F040B67,上海来福士广场,BRAND-661FA3834727,星巴克,2,2,0,L1 | L2,keep_confirmed_different_floors,STORE-0C661E9B77C7 | STORE-E35CA07751F1,上海__上海来福士广场__20260825/CARD-0071 | 上海__上海来福士广场__20260825/CARD-0073
MALL-2B22607E4F,上海环球港,BRAND-E64E65B7A710,佩格酥脂坊,2,2,0,B1 | B2,keep_confirmed_different_floors,STORE-4839CD0C822C | STORE-EE7CD58E426D,上海__上海环球港__20260826/CARD-0156 | 上海__上海环球港__20260826/CARD-0168
MALL-2B22607E4F,上海环球港,BRAND-661FA3834727,星巴克,2,2,0,B1 | L1,keep_confirmed_different_floors,STORE-50657EFC8A1D | STORE-465AF4E6386C,上海__上海环球港__20260826/CARD-0102 | 上海__上海环球港__20260826/CARD-0138
MALL-2B22607E4F,上海环球港,BRAND-B1587431929C,转转二手回收,2,2,0,B1 | B2,keep_confirmed_different_floors,STORE-9FDF55F79B78 | STORE-C46BAE43EF74,上海__上海环球港__20260826/CARD-0346 | 上海__上海环球港__20260826/CARD-0361
MALL-2B22607E4F,上海环球港,BRAND-5CEF95BDB77E,野人先生Gelato,2,2,0,B2 | L3,keep_confirmed_different_floors,STORE-84231FC12593 | STORE-42FB722A86B6,上海__上海环球港__20260826/CARD-0135 | 上海__上海环球港__20260826/CARD-0140
MALL-212B78EF1B,五角场万达广场,BRAND-C2A6B03F190D,New,2,2,0,B1 | F2,keep_confirmed_different_floors,STORE-5FD7AD6B133E | STORE-3ED179EE937F,上海__五角场万达广场__20260825/CARD-0131 | 上海__五角场万达广场__20260825/CARD-0132
MALL-212B78EF1B,五角场万达广场,BRAND-CC7EA4F5C262,NewBalance,2,2,0,B1 | F2,keep_confirmed_different_floors,STORE-D8AE6CCB916E | STORE-43C20C7CA515,上海__五角场万达广场__20260825/CARD-0126 | 上海__五角场万达广场__20260825/CARD-0129
MALL-212B78EF1B,五角场万达广场,BRAND-661FA3834727,星巴克,2,2,0,F1 | F3,keep_confirmed_different_floors,STORE-42DC8973E4DC | STORE-F83DBFC44D3D,上海__五角场万达广场__20260825/CARD-0073 | 上海__五角场万达广场__20260825/CARD-0098
MALL-D51FF78780,五角场合生汇,BRAND-5572DBBE6FA9,DQ·蛋糕·冰淇淋,2,2,0,B2 | L4,keep_confirmed_different_floors,STORE-D29560E5FF75 | STORE-A8390327B771,上海__五角场合生汇__20260824/CARD-0068 | 上海__五角场合生汇__20260824/CARD-0071
MALL-D51FF78780,五角场合生汇,BRAND-F94D8F060ADC,MUJOSH木九十眼镜,2,2,0,B1 | L2,keep_confirmed_different_floors,STORE-EB516B9AFB70 | STORE-8D7CA82D69F2,上海__五角场合生汇__20260824/CARD-0334 | 上海__五角场合生汇__20260824/CARD-0337
MALL-D51FF78780,五角场合生汇,BRAND-CE5D06C0075E,MannerCoffee,2,2,0,B2 | L1,keep_confirmed_different_floors,STORE-8BA44F6E4120 | STORE-91955CC3AB15,上海__五角场合生汇__20260824/CARD-0134 | 上海__五角场合生汇__20260824/CARD-0136
MALL-D51FF78780,五角场合生汇,BRAND-567E1EC8783C,柠檬向右,2,2,0,B2 | L4,keep_confirmed_different_floors,STORE-B2B20B557073 | STORE-2D78EC71F9C8,上海__五角场合生汇__20260824/CARD-0064 | 上海__五角场合生汇__20260824/CARD-0073
MALL-FF967D5D93,光启城,BRAND-2FD6224F6A35,瑞幸咖啡,2,2,0,1F | B1,keep_confirmed_different_floors,STORE-B19A25C78F75 | STORE-D0827244E93B,上海__光启城__20260825/CARD-0058 | 上海__光启城__20260825/CARD-0067
MALL-76B0414A0B,兴业太古汇,BRAND-E849399D7FDF,RIMOWA,2,2,0,L1 | L7,keep_confirmed_different_floors,STORE-3B543F1DB30A | STORE-3B5E2350956F,上海__兴业太古汇__20260825/CARD-0229 | 上海__兴业太古汇__20260825/CARD-0230
MALL-6CED5DFE21,北外滩来福士,BRAND-CE5D06C0075E,MannerCoffee,2,2,0,B2 | L1,keep_confirmed_different_floors,STORE-6F889E8EAAA4 | STORE-7A16F2E2D0F8,上海__北外滩来福士__20260826/CARD-0138 | 上海__北外滩来福士__20260826/CARD-0140
MALL-02080976D1,国金ifc商场,BRAND-72E2E772F7D5,BURBERRY,2,2,0,L1 | L3,keep_confirmed_different_floors,STORE-DEF0E85C550F | STORE-C8803ABB9976,上海__国金ifc商场__20260826/CARD-0224 | 上海__国金ifc商场__20260826/CARD-0231
MALL-02080976D1,国金ifc商场,BRAND-786F95EB5473,CHAUMET,2,2,0,L1 | L2,keep_confirmed_different_floors,STORE-86AD5194FDAF | STORE-1787A0597BC4,上海__国金ifc商场__20260826/CARD-0172 | 上海__国金ifc商场__20260826/CARD-0177
MALL-02080976D1,国金ifc商场,BRAND-A542C3681C41,Dior迪奥,2,2,0,L1 | L2,keep_confirmed_different_floors,STORE-521733F057A2 | STORE-4DCC44306BF1,上海__国金ifc商场__20260826/CARD-0179 | 上海__国金ifc商场__20260826/CARD-0210
MALL-02080976D1,国金ifc商场,BRAND-4662435D427D,FENDI,2,2,0,L1 | L3,keep_confirmed_different_floors,STORE-B867C745456C | STORE-501470E1205E,上海__国金ifc商场__20260826/CARD-0199 | 上海__国金ifc商场__20260826/CARD-0221
MALL-02080976D1,国金ifc商场,BRAND-A6E16047B819,Gucci,2,2,0,L1 | L3,keep_confirmed_different_floors,STORE-32839FB9B354 | STORE-B83487773DA2,上海__国金ifc商场__20260826/CARD-0189 | 上海__国金ifc商场__20260826/CARD-0195
MALL-02080976D1,国金ifc商场,BRAND-D5CA9FBF0E1C,VERSACE范思哲,2,2,0,L2 | L3,keep_confirmed_different_floors,STORE-A66E6092E77B | STORE-F67DA65A9700,上海__国金ifc商场__20260826/CARD-0236 | 上海__国金ifc商场__20260826/CARD-0248
MALL-E7226D858D,大融城,BRAND-5235F1831102,欢囍花生,2,2,0,1F | B1,keep_confirmed_different_floors,STORE-4546CEAE1CDB | STORE-2BBBAF02B5A4,上海__大融城__20260825/CARD-0182 | 上海__大融城__20260825/CARD-0193
MALL-E7226D858D,大融城,BRAND-2FD6224F6A35,瑞幸咖啡,2,2,0,1F | 2F,keep_confirmed_different_floors,STORE-FE0C3417E7C9 | STORE-345A3467E640,上海__大融城__20260825/CARD-0099 | 上海__大融城__20260825/CARD-0100
MALL-930779D00D,奉贤宝龙城市广场,BRAND-2FD6224F6A35,瑞幸咖啡,2,2,0,B1 | L1,keep_confirmed_different_floors,STORE-DAEE10D49DD2 | STORE-8EBC09E3C4B6,上海__奉贤宝龙城市广场__20260826/CARD-0044 | 上海__奉贤宝龙城市广场__20260826/CARD-0053
MALL-7C57E7D2F4,奉贤龙湖天街,BRAND-30E3FC84AAD4,拾光星球弹珠堂,2,2,0,2F | 3F,keep_confirmed_different_floors,STORE-EC6B58C5177D | STORE-7B110CB76D4C,上海__奉贤龙湖天街__20260826/CARD-0009 | 上海__奉贤龙湖天街__20260826/CARD-0020
MALL-E8D11D1F94,崇明万达广场,BRAND-5235F1831102,欢囍花生,2,2,0,3F | B1,keep_confirmed_different_floors,STORE-73CF8D0E6FF4 | STORE-DC2D3B8C12D9,上海__崇明万达广场__20260826/CARD-0089 | 上海__崇明万达广场__20260826/CARD-0117
MALL-E4FA493BB5,新世界城,BRAND-252E70D802E8,CoCo都可,2,2,0,9F | B1,keep_confirmed_different_floors,STORE-9A45F399BA78 | STORE-A9CC066592F5,上海__新世界城__20260825/CARD-0054 | 上海__新世界城__20260825/CARD-0057
MALL-E4FA493BB5,新世界城,BRAND-2FD6224F6A35,瑞幸咖啡,2,2,0,4F | B1,keep_confirmed_different_floors,STORE-23C3E3B1014D | STORE-A7FBED42EF5A,上海__新世界城__20260825/CARD-0042 | 上海__新世界城__20260825/CARD-0051
MALL-4E7B7E4621,港汇恒隆广场,BRAND-AC74C2BE7BB5,LeCreuset酷彩,2,2,0,B1 | L6,keep_confirmed_different_floors,STORE-E8BCB6C47593 | STORE-D70769495CBF,上海__港汇恒隆广场__20260825/CARD-0152 | 上海__港汇恒隆广场__20260825/CARD-0357
MALL-4E7B7E4621,港汇恒隆广场,BRAND-1426155206B8,POLORALPHLAUREN,2,2,0,L2 | L4,keep_confirmed_different_floors,STORE-811ECF4495DA | STORE-D61BEEECE120,上海__港汇恒隆广场__20260825/CARD-0308 | 上海__港汇恒隆广场__20260825/CARD-0345
MALL-4E7B7E4621,港汇恒隆广场,BRAND-622C2C52A051,波司登,2,2,0,L2 | L4,keep_confirmed_different_floors,STORE-FC0CA3D4FE8A | STORE-E1EB992647C1,上海__港汇恒隆广场__20260825/CARD-0226 | 上海__港汇恒隆广场__20260825/CARD-0358
MALL-4771F4EC07,白玉兰广场,BRAND-4AE40D156DE9,JUST·FOTO大头贴自助店,2,2,0,L3 | LG1,keep_confirmed_different_floors,STORE-775A46B52F59 | STORE-B38F378C68D9,上海__白玉兰广场__20260826/CARD-0163 | 上海__白玉兰广场__20260826/CARD-0180
MALL-FE6D1C5AE9,真如环宇城,BRAND-8577E64EC6BD,MStand,2,2,0,L1 | L5,keep_confirmed_different_floors,STORE-F4C30CDAE50B | STORE-8260500B4A7F,上海__真如环宇城__20260825/CARD-0130 | 上海__真如环宇城__20260825/CARD-0159
MALL-2064C6B8D7,第一八佰伴,BRAND-A63E8777DEDC,Clarks,2,2,0,2F | 5F,keep_confirmed_different_floors,STORE-DA7A620C4C80 | STORE-6B4A0FAED56F,上海__第一八佰伴__20260826/CARD-0147 | 上海__第一八佰伴__20260826/CARD-0320
MALL-2064C6B8D7,第一八佰伴,BRAND-E993B58BF9E5,TEENIEWEENIE,2,2,0,5F | 8F,keep_confirmed_different_floors,STORE-6BDA8106831A | STORE-9BC459936DDF,上海__第一八佰伴__20260826/CARD-0200 | 上海__第一八佰伴__20260826/CARD-0349
MALL-2064C6B8D7,第一八佰伴,BRAND-9311464F03D4,罗莱家纺,2,2,0,7F | 8F,keep_confirmed_different_floors,STORE-BAAA5AE53D00 | STORE-03562D00376B,上海__第一八佰伴__20260826/CARD-0119 | 上海__第一八佰伴__20260826/CARD-0306
MALL-2064C6B8D7,第一八佰伴,BRAND-E41E887744D6,鄂尔多斯1980,2,2,0,4F | 5F,keep_confirmed_different_floors,STORE-8C2FC6EB6DEA | STORE-BCEE65B7A8A1,上海__第一八佰伴__20260826/CARD-0137 | 上海__第一八佰伴__20260826/CARD-0182
MALL-FE23B05368,第一百货,BRAND-661FA3834727,星巴克,2,2,0,1F | 4F,keep_confirmed_different_floors,STORE-D51DCE038FC2 | STORE-648D75ED298A,上海__第一百货__20260825/CARD-0032 | 上海__第一百货__20260825/CARD-0035
MALL-3556D14FA7,美罗城,BRAND-A34B8D023B99,追觅DREAME,2,2,0,L1 | L7,keep_confirmed_different_floors,STORE-45280E72797D | STORE-72CC5290029B,上海__美罗城__20260825/CARD-0175 | 上海__美罗城__20260825/CARD-0176
MALL-4F5CD19D6F,虹口凯德龙之梦,BRAND-1E41C9816378,adidas,2,2,0,L4 | L5,keep_confirmed_different_floors,STORE-24C1D42AB50B | STORE-F247A22B66A1,上海__虹口凯德龙之梦__20260826/CARD-0254 | 上海__虹口凯德龙之梦__20260826/CARD-0267
MALL-9466562298,长宁来福士,BRAND-661FA3834727,星巴克,2,2,0,1F | 6F,keep_confirmed_different_floors,STORE-4489758C4832 | STORE-23D47BC3A6D6,上海__长宁来福士__20260825/CARD-0078 | 上海__长宁来福士__20260825/CARD-0095
MALL-9466562298,长宁来福士,BRAND-2FD6224F6A35,瑞幸咖啡,2,2,0,5F | B1,keep_confirmed_different_floors,STORE-3A5F6A4124D9 | STORE-05178D62A8AC,上海__长宁来福士__20260825/CARD-0082 | 上海__长宁来福士__20260825/CARD-0086
MALL-B46278DE6A,静安大悦城,BRAND-D1A775818710,柠季·手打柠檬茶,2,2,0,B1 | L7,keep_confirmed_different_floors,STORE-8092A5379C23 | STORE-A40806589B96,上海__静安大悦城__20260825/CARD-0083 | 上海__静安大悦城__20260825/CARD-0103
MALL-B46278DE6A,静安大悦城,BRAND-251451E34005,次元波板糖,2,2,0,L6 | L8,keep_confirmed_different_floors,STORE-DF8B6DC0C261 | STORE-6F806C783FA3,上海__静安大悦城__20260825/CARD-0144 | 上海__静安大悦城__20260825/CARD-0172
