mall_a,mall_b,shared_brand_count,union_brand_count,jaccard_similarity,result_status
上海恒隆广场,国金ifc商场,54,324,0.166667,current
上海荟聚中心,真如环宇城,96,646,0.148607,current
万达茂,崇明万达广场,56,377,0.148541,current
奉贤龙湖天街,金山万达广场,81,550,0.147273,current
大融城,奉贤龙湖天街,84,576,0.145833,current
奉贤龙湖天街,虹口凯德龙之梦,81,572,0.141608,current
前滩太古里,国金ifc商场,69,496,0.139113,current
上海久光百货,第一八佰伴,97,700,0.138571,current
国金ifc商场,港汇恒隆广场,73,532,0.137218,current
万达茂,金山万达广场,66,482,0.136929,current
五角场合生汇,瑞虹天地太阳宫,101,738,0.136856,current
五角场合生汇,真如环宇城,94,699,0.134478,current
上海环球港,五角场合生汇,107,798,0.134085,current
奉贤宝龙城市广场,崇明万达广场,55,413,0.133172,current
崇明万达广场,金山万达广场,63,474,0.132911,current
崇明万达广场,百联金山,45,340,0.132353,current
上海荟聚中心,五角场合生汇,91,708,0.128531,current
奉贤龙湖天街,真如环宇城,75,598,0.125418,current
奉贤龙湖天街,崇明万达广场,57,459,0.124183,current
万达茂,奉贤龙湖天街,57,470,0.121277,current
百联又一城,第一八佰伴,70,587,0.11925,current
奉贤宝龙城市广场,奉贤龙湖天街,59,503,0.117296,current
奉贤宝龙城市广场,金山万达广场,61,522,0.116858,current
万达茂,奉贤宝龙城市广场,50,429,0.11655,current
上海荟聚中心,瑞虹天地太阳宫,82,706,0.116147,current
五角场万达广场,奉贤龙湖天街,68,586,0.116041,current
新世界城,第一八佰伴,78,676,0.115385,current
长风大悦城,静安大悦城,48,417,0.115108,current
北外滩来福士,长风大悦城,43,377,0.114058,current
奉贤宝龙城市广场,百联金山,44,387,0.113695,current
五角场合生汇,奉贤龙湖天街,74,656,0.112805,current
前滩太古里,港汇恒隆广场,69,613,0.112561,current
上海恒隆广场,前滩太古里,46,409,0.112469,current
瑞虹天地太阳宫,真如环宇城,79,703,0.112376,current
大融城,长风大悦城,53,472,0.112288,current
凯德晶萃广场,北外滩来福士,49,437,0.112128,current
奉贤龙湖天街,静安大悦城,60,540,0.111111,current
美罗城,长泰广场,48,434,0.110599,current
虹口凯德龙之梦,静安大悦城,64,579,0.110535,current
上海久光百货,港汇恒隆广场,77,698,0.110315,current
五角场合生汇,静安大悦城,71,649,0.109399,current
大融城,金山万达广场,67,614,0.109121,current
世博源,奉贤龙湖天街,59,541,0.109057,current
上海环球港,奉贤龙湖天街,77,708,0.108757,current
长泰广场,长风大悦城,42,390,0.107692,current
美罗城,静安大悦城,50,465,0.107527,current
万达茂,大融城,56,521,0.107486,current
世博源,大融城,63,587,0.107325,current
大融城,虹口凯德龙之梦,68,635,0.107087,current
兴业太古汇,国金ifc商场,47,443,0.106095,current
大融城,青浦吾悦广场,64,604,0.10596,current
大宁久光中心,瑞虹天地太阳宫,79,746,0.105898,current
上海环球港,真如环宇城,81,767,0.105606,current
金山万达广场,青浦吾悦广场,61,578,0.105536,current
大融城,崇明万达广场,54,512,0.105469,current
北外滩来福士,虹桥新天地,47,446,0.105381,current
世博源,长泰广场,53,504,0.105159,current
上海环球港,瑞虹天地太阳宫,85,809,0.105068,current
上海环球港,上海荟聚中心,81,773,0.104787,current
大融城,百联金山,50,479,0.104384,current
上海荟聚中心,奉贤龙湖天街,64,615,0.104065,current
奉贤龙湖天街,百联金山,45,434,0.103687,current
奉贤龙湖天街,青浦吾悦广场,58,560,0.103571,current
百联又一城,百联金山,42,406,0.103448,current
真如环宇城,虹口凯德龙之梦,67,649,0.103236,current
大融城,奉贤宝龙城市广场,57,555,0.102703,current
虹口凯德龙之梦,虹桥新天地,55,536,0.102612,current
五角场合生汇,美罗城,60,585,0.102564,current
上海环球港,虹口凯德龙之梦,77,751,0.10253,current
上海荟聚中心,大宁久光中心,73,712,0.102528,current
上海环球港,长泰广场,69,673,0.102526,current
北外滩来福士,虹口凯德龙之梦,55,543,0.101289,current
五角场合生汇,虹口凯德龙之梦,71,702,0.10114,current
北外滩来福士,静安大悦城,50,495,0.10101,current
奉贤龙湖天街,长泰广场,52,515,0.100971,current
大宁久光中心,真如环宇城,71,708,0.100282,current
五角场合生汇,大宁久光中心,76,760,0.1,current
凯德晶萃广场,虹口凯德龙之梦,53,531,0.099812,current
真如环宇城,长泰广场,57,573,0.099476,current
港汇恒隆广场,静安嘉里中心,52,523,0.099426,current
瑞虹天地太阳宫,长泰广场,61,615,0.099187,current
百联金山,金山万达广场,45,455,0.098901,current
长泰广场,静安大悦城,50,507,0.098619,current
上海久光百货,大宁久光中心,74,751,0.098535,current
崇明万达广场,青浦吾悦广场,47,477,0.098532,current
世博源,百联金山,42,427,0.098361,current
奉贤宝龙城市广场,青浦吾悦广场,51,519,0.098266,current
大融城,静安大悦城,58,592,0.097973,current
北外滩来福士,长宁来福士,49,501,0.097804,current
上海来福士广场,美罗城,38,389,0.097686,current
虹口凯德龙之梦,长风大悦城,46,472,0.097458,current
五角场合生汇,长泰广场,61,626,0.097444,current
世博源,虹口凯德龙之梦,57,586,0.09727,current
万达茂,青浦吾悦广场,47,488,0.096311,current
奉贤龙湖天街,瑞虹天地太阳宫,63,656,0.096037,current
上海环球港,大宁久光中心,78,813,0.095941,current
上海环球港,大融城,73,762,0.095801,current
五角场合生汇,大融城,68,712,0.095506,current
虹口凯德龙之梦,虹桥南丰城,52,547,0.095064,current
万达茂,长风大悦城,34,358,0.094972,current
五角场万达广场,大融城,61,643,0.094868,current
瑞虹天地太阳宫,虹口凯德龙之梦,66,696,0.094828,current
上海荟聚中心,长泰广场,55,581,0.094664,current
凯德晶萃广场,虹桥南丰城,42,445,0.094382,current
万达茂,百联金山,34,362,0.093923,current
奉贤龙湖天街,紫荆广场,40,427,0.093677,current
浦东嘉里中心,静安嘉里中心,33,357,0.092437,current
崇明万达广场,长泰广场,40,433,0.092379,current
上海荟聚中心,虹口凯德龙之梦,61,661,0.092284,current
奉贤龙湖天街,长风大悦城,40,435,0.091954,current
凯德晶萃广场,长宁来福士,45,491,0.09165,current
世博源,长风大悦城,39,426,0.091549,current
上海来福士广场,五角场合生汇,53,579,0.091537,current
光启城,奉贤宝龙城市广场,37,405,0.091358,current
万达茂,紫荆广场,32,352,0.090909,current
万达茂,世博源,43,474,0.090717,current
兴业太古汇,前滩太古里,47,520,0.090385,current
大融城,长泰广场,51,566,0.090106,current
五角场合生汇,虹桥新天地,55,613,0.089723,current
上海荟聚中心,静安大悦城,55,614,0.089577,current
虹口凯德龙之梦,长泰广场,50,560,0.089286,current
凯德晶萃广场,长风大悦城,33,373,0.088472,current
大融城,紫荆广场,42,475,0.088421,current
奉贤宝龙城市广场,虹口凯德龙之梦,49,556,0.088129,current
美罗城,虹口凯德龙之梦,46,522,0.088123,current
光启城,崇明万达广场,32,364,0.087912,current
新世界城,百联又一城,52,593,0.08769,current
大宁久光中心,第一八佰伴,64,730,0.087671,current
虹桥南丰城,静安大悦城,44,502,0.087649,current
金山万达广场,静安大悦城,50,571,0.087566,current
崇明万达广场,紫荆广场,30,343,0.087464,current
前滩太古里,静安嘉里中心,43,492,0.087398,current
五角场万达广场,崇明万达广场,45,515,0.087379,current
真如环宇城,静安大悦城,53,610,0.086885,current
金山万达广场,长泰广场,47,541,0.086876,current
世博源,静安大悦城,47,543,0.086556,current
上海环球港,五角场万达广场,66,763,0.086501,current
北外滩来福士,大融城,48,557,0.086176,current
大融城,虹桥南丰城,48,558,0.086022,current
上海久光百货,新世界城,62,723,0.085754,current
上海环球港,虹桥新天地,57,666,0.085586,current
万达茂,五角场万达广场,45,526,0.085551,current
崇明万达广场,长风大悦城,30,351,0.08547,current
万达茂,光启城,32,375,0.085333,current
绿地缤纷城,长风大悦城,31,364,0.085165,current
奉贤龙湖天街,虹桥新天地,43,505,0.085149,current
五角场万达广场,虹桥南丰城,47,553,0.084991,current
光启城,百联金山,28,331,0.084592,current
虹桥南丰城,长泰广场,40,473,0.084567,current
上海荟聚中心,世博天地,41,486,0.084362,current
大宁久光中心,百联又一城,53,632,0.083861,current
万达茂,静安大悦城,40,477,0.083857,current
瑞虹天地太阳宫,美罗城,49,585,0.083761,current
五角场合生汇,长宁来福士,56,669,0.083707,current
万达茂,虹口凯德龙之梦,44,526,0.08365,current
虹口凯德龙之梦,金山万达广场,52,622,0.083601,current
世博源,崇明万达广场,39,467,0.083512,current
凯德晶萃广场,瑞虹天地太阳宫,50,600,0.083333,current
百联金山,静安大悦城,36,433,0.083141,current
正大广场,长泰广场,38,458,0.082969,current
世博源,紫荆广场,35,422,0.082938,current
虹桥新天地,静安大悦城,41,497,0.082495,current
北外滩来福士,长泰广场,39,473,0.082452,current
上海环球港,静安大悦城,59,716,0.082402,current
百联金山,青浦吾悦广场,37,450,0.082222,current
北外滩来福士,虹桥南丰城,38,463,0.082073,current
虹口凯德龙之梦,长宁来福士,49,599,0.081803,current
光启城,绿地缤纷城,31,379,0.081794,current
上海环球港,北外滩来福士,55,675,0.081481,current
紫荆广场,长风大悦城,25,307,0.081433,current
大宁久光中心,虹口凯德龙之梦,57,702,0.081197,current
世博源,虹桥南丰城,41,505,0.081188,current
世博源,五角场合生汇,54,666,0.081081,current
百联金山,虹口凯德龙之梦,39,483,0.080745,current
上海荟聚中心,五角场万达广场,54,669,0.080717,current
大融城,真如环宇城,54,669,0.080717,current
五角场万达广场,虹口凯德龙之梦,52,645,0.08062,current
金山万达广场,长风大悦城,37,459,0.08061,current
五角场万达广场,百联金山,39,484,0.080579,current
世博天地,北外滩来福士,30,373,0.080429,current
第一八佰伴,第一百货,45,560,0.080357,current
美罗城,长风大悦城,29,361,0.080332,current
上海环球港,美罗城,52,648,0.080247,current
崇明万达广场,真如环宇城,43,536,0.080224,current
世博天地,奉贤龙湖天街,34,424,0.080189,current
兴业太古汇,港汇恒隆广场,45,562,0.080071,current
大融城,瑞虹天地太阳宫,57,712,0.080056,current
上海荟聚中心,大融城,54,675,0.08,current
世博源,金山万达广场,46,575,0.08,current
美罗城,陆家嘴中心L+MALL,34,425,0.08,current
北外滩来福士,奉贤龙湖天街,41,514,0.079767,current
虹桥南丰城,长风大悦城,31,390,0.079487,current
凯德晶萃广场,静安大悦城,39,492,0.079268,current
上海环球港,百联金山,48,606,0.079208,current
崇明万达广场,虹口凯德龙之梦,41,518,0.079151,current
光启城,长风大悦城,26,329,0.079027,current
世博源,五角场万达广场,47,597,0.078727,current
五角场万达广场,静安大悦城,47,597,0.078727,current
虹桥新天地,长风大悦城,30,383,0.078329,current
奉贤宝龙城市广场,长风大悦城,31,396,0.078283,current
五角场万达广场,金山万达广场,49,626,0.078275,current
五角场合生汇,北外滩来福士,49,626,0.078275,current
奉贤龙湖天街,百联又一城,42,537,0.078212,current
上海荟聚中心,美罗城,43,551,0.07804,current
凯德晶萃广场,长泰广场,36,462,0.077922,current
上海来福士广场,虹口凯德龙之梦,40,515,0.07767,current
五角场万达广场,长泰广场,44,567,0.077601,current
瑞虹天地太阳宫,静安大悦城,51,658,0.077508,current
五角场合生汇,金山万达广场,54,697,0.077475,current
上海来福士广场,静安大悦城,36,466,0.077253,current
奉贤宝龙城市广场,紫荆广场,30,389,0.077121,current
世博源,北外滩来福士,39,506,0.077075,current
上海环球港,正大广场,51,663,0.076923,current
世博天地,静安大悦城,32,416,0.076923,current
瑞虹天地太阳宫,长宁来福士,51,663,0.076923,current
百联金山,紫荆广场,24,312,0.076923,current
美罗城,金山万达广场,39,507,0.076923,current
五角场万达广场,真如环宇城,51,666,0.076577,current
万达茂,五角场合生汇,46,601,0.076539,current
百联金山,美罗城,28,366,0.076503,current
晶耀前滩,金虹桥,27,353,0.076487,current
世博源,真如环宇城,47,616,0.076299,current
虹桥南丰城,虹桥新天地,35,459,0.076253,current
新世界城,第一百货,42,551,0.076225,current
虹桥南丰城,长宁来福士,39,512,0.076172,current
世博天地,瑞虹天地太阳宫,40,527,0.075901,current
上海荟聚中心,北外滩来福士,44,580,0.075862,current
奉贤龙湖天街,虹桥南丰城,39,517,0.075435,current
紫荆广场,静安大悦城,32,425,0.075294,current
上海来福士广场,上海环球港,48,639,0.075117,current
大宁久光中心,长泰广场,47,626,0.07508,current
大宁久光中心,奉贤龙湖天街,50,666,0.075075,current
五角场万达广场,五角场合生汇,54,720,0.075,current
百联金山,长风大悦城,24,320,0.075,current
世博天地,美罗城,26,347,0.074928,current
大融城,美罗城,40,535,0.074766,current
真如环宇城,虹桥南丰城,43,576,0.074653,current
长宁来福士,长泰广场,39,523,0.07457,current
光启城,奉贤龙湖天街,34,456,0.074561,current
五角场万达广场,长风大悦城,36,483,0.074534,current
崇明万达广场,虹桥南丰城,32,430,0.074419,current
崇明万达广场,静安大悦城,35,471,0.07431,current
世博天地,真如环宇城,36,485,0.074227,current
浦东嘉里中心,港汇恒隆广场,37,500,0.074,current
奉贤宝龙城市广场,静安大悦城,38,514,0.07393,current
光启城,虹桥南丰城,30,406,0.073892,current
大宁久光中心,虹桥新天地,45,609,0.073892,current
真如环宇城,长风大悦城,37,501,0.073852,current
长宁来福士,陆家嘴中心L+MALL,37,502,0.073705,current
紫荆广场,虹口凯德龙之梦,35,475,0.073684,current
港汇恒隆广场,第一八佰伴,51,693,0.073593,current
光启城,大融城,37,503,0.073559,current
瑞虹天地太阳宫,虹桥新天地,45,612,0.073529,current
上海环球港,凯德晶萃广场,49,667,0.073463,current
凯德晶萃广场,奉贤龙湖天街,37,504,0.073413,current
百联金山,虹桥南丰城,29,396,0.073232,current
五角场万达广场,瑞虹天地太阳宫,52,711,0.073136,current
北外滩来福士,美罗城,32,438,0.073059,current
五角场合生汇,凯德晶萃广场,45,616,0.073052,current
虹口凯德龙之梦,青浦吾悦广场,45,616,0.073052,current
世博源,美罗城,35,480,0.072917,current
世博天地,虹口凯德龙之梦,34,467,0.072805,current
长泰广场,陆家嘴中心L+MALL,34,467,0.072805,current
上海来福士广场,北外滩来福士,31,426,0.07277,current
万达茂,真如环宇城,40,550,0.072727,current
世博源,瑞虹天地太阳宫,48,661,0.072617,current
紫荆广场,金山万达广场,33,455,0.072527,current
虹桥南丰城,金山万达广场,39,538,0.072491,current
光启城,金虹桥,27,373,0.072386,current
世博源,青浦吾悦广场,41,567,0.07231,current
虹桥新天地,长泰广场,34,471,0.072187,current
上海荟聚中心,世博源,45,624,0.072115,current
长宁来福士,静安大悦城,40,555,0.072072,current
上海荟聚中心,虹桥南丰城,42,583,0.072041,current
真如环宇城,虹桥新天地,41,570,0.07193,current
世博源,奉贤宝龙城市广场,37,515,0.071845,current
美罗城,虹桥新天地,31,432,0.071759,current
世博源,虹桥新天地,36,502,0.071713,current
上海荟聚中心,陆家嘴中心L+MALL,41,572,0.071678,current
凯德晶萃广场,虹桥新天地,32,447,0.071588,current
上海荟聚中心,长宁来福士,45,629,0.071542,current
万达茂,正大乐城,22,308,0.071429,current
上海恒隆广场,港汇恒隆广场,33,462,0.071429,current
控江旭辉MALL,白玉兰广场,17,238,0.071429,current
美罗城,金虹桥,29,406,0.071429,current
大宁久光中心,新世界城,52,730,0.071233,current
上海荟聚中心,虹桥新天地,41,576,0.071181,current
正大广场,真如环宇城,40,562,0.071174,current
奉贤宝龙城市广场,绿地缤纷城,32,450,0.071111,current
晶耀前滩,虹桥新天地,27,381,0.070866,current
正大广场,静安大悦城,35,494,0.07085,current
万达茂,长泰广场,32,452,0.070796,current
北外滩来福士,正大广场,32,452,0.070796,current
凯德晶萃广场,大融城,39,552,0.070652,current
绿地缤纷城,金虹桥,29,411,0.07056,current
凯德晶萃广场,金山万达广场,37,525,0.070476,current
美罗城,虹桥南丰城,31,440,0.070455,current
奉贤宝龙城市广场,正大乐城,24,341,0.070381,current
奉贤宝龙城市广场,金虹桥,31,441,0.070295,current
光启城,虹口凯德龙之梦,35,498,0.070281,current
晶耀前滩,真如环宇城,35,498,0.070281,current
世博天地,虹桥新天地,26,370,0.07027,current
陆家嘴中心L+MALL,静安大悦城,35,499,0.07014,current
上海环球港,崇明万达广场,45,646,0.069659,current
五角场合生汇,虹桥南丰城,44,632,0.06962,current
世博天地,长泰广场,27,388,0.069588,current
北外滩来福士,晶耀前滩,27,388,0.069588,current
虹桥新天地,金山万达广场,37,532,0.069549,current
控江旭辉MALL,正大乐城,13,187,0.069519,current
世博天地,大融城,33,475,0.069474,current
金虹桥,长风大悦城,25,360,0.069444,current
ONE ITC,国金ifc商场,22,317,0.069401,current
真如环宇城,金山万达广场,45,649,0.069337,current
凯德晶萃广场,晶耀前滩,26,375,0.069333,current
上海环球港,世博天地,41,592,0.069257,current
奉贤龙湖天街,美罗城,34,491,0.069246,current
北外滩来福士,真如环宇城,40,578,0.069204,current
大宁久光中心,长宁来福士,46,665,0.069173,current
真如环宇城,美罗城,38,550,0.069091,current
凯德晶萃广场,真如环宇城,39,565,0.069027,current
上海来福士广场,真如环宇城,37,538,0.068773,current
上海荟聚中心,长风大悦城,35,509,0.068762,current
上海环球港,虹桥南丰城,47,684,0.068713,current
百联金山,长泰广场,28,408,0.068627,current
万达茂,金虹桥,28,409,0.06846,current
正大乐城,虹桥南丰城,23,336,0.068452,current
虹口凯德龙之梦,金虹桥,36,527,0.068311,current
控江旭辉MALL,百联金山,17,249,0.068273,current
五角场合生汇,长风大悦城,38,557,0.068223,current
百联又一城,真如环宇城,41,601,0.06822,current
长宁来福士,长风大悦城,30,440,0.068182,current
上海环球港,第一八佰伴,55,808,0.068069,current
万达茂,北外滩来福士,30,442,0.067873,current
五角场万达广场,青浦吾悦广场,42,620,0.067742,current
五角场合生汇,百联金山,38,561,0.067736,current
万达茂,虹桥南丰城,30,443,0.06772,current
瑞虹天地太阳宫,长风大悦城,37,547,0.067642,current
世博源,百联又一城,36,533,0.067542,current
五角场万达广场,美罗城,36,533,0.067542,current
虹桥南丰城,陆家嘴中心L+MALL,31,459,0.067538,current
北外滩来福士,瑞虹天地太阳宫,42,622,0.067524,current
上海环球港,世博源,49,726,0.067493,current
奉贤宝龙城市广场,虹桥南丰城,32,476,0.067227,current
真如环宇城,长宁来福士,42,626,0.067093,current
瑞虹天地太阳宫,陆家嘴中心L+MALL,41,612,0.066993,current
金虹桥,静安大悦城,32,478,0.066946,current
上海久光百货,百联又一城,43,645,0.066667,current
光启城,静安大悦城,30,450,0.066667,current
上海环球港,百联又一城,47,707,0.066478,current
世博源,大宁久光中心,44,662,0.066465,current
五角场合生汇,正大广场,41,618,0.066343,current
长风大悦城,青浦吾悦广场,30,453,0.066225,current
正大广场,长风大悦城,25,379,0.065963,current
凯德晶萃广场,大宁久光中心,40,607,0.065898,current
光启城,凯德晶萃广场,26,395,0.065823,current
五角场万达广场,正大广场,36,547,0.065814,current
真如环宇城,青浦吾悦广场,42,639,0.065728,current
瑞虹天地太阳宫,虹桥南丰城,41,624,0.065705,current
光启城,正大乐城,18,275,0.065455,current
凯德晶萃广场,美罗城,28,428,0.065421,current
北外滩来福士,陆家嘴中心L+MALL,30,459,0.065359,current
北外滩来福士,百联金山,26,398,0.065327,current
上海荟聚中心,晶耀前滩,33,506,0.065217,current
奉贤龙湖天街,正大广场,33,506,0.065217,current
上海环球港,陆家嘴中心L+MALL,44,675,0.065185,current
绿地缤纷城,虹桥南丰城,29,447,0.064877,current
上海久光百货,国金ifc商场,40,618,0.064725,current
光启城,金山万达广场,31,480,0.064583,current
上海荟聚中心,凯德晶萃广场,37,573,0.064572,current
北外滩来福士,大宁久光中心,40,621,0.064412,current
万达茂,控江旭辉MALL,19,295,0.064407,current
晶耀前滩,虹口凯德龙之梦,31,482,0.064315,current
世博源,光启城,29,451,0.064302,current
大融城,百联又一城,38,591,0.064298,current
奉贤龙湖天街,绿地缤纷城,32,498,0.064257,current
凯德晶萃广场,紫荆广场,24,374,0.064171,current
世博源,凯德晶萃广场,32,499,0.064128,current
上海环球港,长宁来福士,47,733,0.06412,current
万达茂,虹桥新天地,28,437,0.064073,current
凯德晶萃广场,白玉兰广场,24,375,0.064,current
五角场万达广场,北外滩来福士,36,563,0.063943,current
晶耀前滩,虹桥南丰城,25,391,0.063939,current
白玉兰广场,长风大悦城,20,313,0.063898,current
上海来福士广场,虹桥新天地,27,423,0.06383,current
上海环球港,长风大悦城,39,611,0.06383,current
上海荟聚中心,金山万达广场,42,658,0.06383,current
百联金山,虹桥新天地,25,392,0.063776,current
万达茂,上海环球港,42,660,0.063636,current
五角场合生汇,崇明万达广场,38,598,0.063545,current
五角场合生汇,青浦吾悦广场,44,694,0.063401,current
上海环球港,金山万达广场,48,758,0.063325,current
百联又一城,虹口凯德龙之梦,37,585,0.063248,current
世博天地,虹桥南丰城,24,380,0.063158,current
五角场万达广场,奉贤宝龙城市广场,36,570,0.063158,current
长泰广场,青浦吾悦广场,34,541,0.062847,current
万达茂,凯德晶萃广场,27,431,0.062645,current
国金ifc商场,静安嘉里中心,27,431,0.062645,current
凯德晶萃广场,陆家嘴中心L+MALL,28,447,0.06264,current
大宁久光中心,虹桥南丰城,39,623,0.0626,current
世博源,长宁来福士,35,560,0.0625,current
上海环球港,新世界城,50,801,0.062422,current
大宁久光中心,大融城,45,721,0.062413,current
奉贤宝龙城市广场,美罗城,28,449,0.062361,current
世博天地,陆家嘴中心L+MALL,23,369,0.062331,current
五角场合生汇,百联又一城,41,658,0.06231,current
凯德晶萃广场,绿地缤纷城,27,434,0.062212,current
奉贤宝龙城市广场,百联又一城,31,500,0.062,current
大宁久光中心,港汇恒隆广场,45,727,0.061898,current
光启城,青浦吾悦广场,29,469,0.061834,current
上海久光百货,上海环球港,52,842,0.061758,current
光启城,长泰广场,26,421,0.061758,current
五角场万达广场,凯德晶萃广场,34,551,0.061706,current
北外滩来福士,金虹桥,27,438,0.061644,current
五角场万达广场,光启城,31,503,0.06163,current
五角场万达广场,大宁久光中心,44,716,0.061453,current
五角场万达广场,百联又一城,36,587,0.061329,current
世博天地,崇明万达广场,21,343,0.061224,current
美罗城,长宁来福士,30,490,0.061224,current
百联金山,绿地缤纷城,23,376,0.06117,current
光启城,紫荆广场,20,327,0.061162,current
紫荆广场,美罗城,22,360,0.061111,current
奉贤宝龙城市广场,控江旭辉MALL,20,329,0.06079,current
奉贤宝龙城市广场,白玉兰广场,24,396,0.060606,current
晶耀前滩,美罗城,22,363,0.060606,current
世博天地,五角场合生汇,33,545,0.06055,current
大宁久光中心,美罗城,36,595,0.060504,current
晶耀前滩,瑞虹天地太阳宫,33,546,0.06044,current
上海环球港,奉贤宝龙城市广场,42,695,0.060432,current
大融城,虹桥新天地,34,564,0.060284,current
上海来福士广场,上海荟聚中心,33,548,0.060219,current
晶耀前滩,长风大悦城,19,316,0.060127,current
万达茂,美罗城,25,417,0.059952,current
凯德晶萃广场,青浦吾悦广场,31,518,0.059846,current
北外滩来福士,崇明万达广场,26,435,0.05977,current
上海来福士广场,瑞虹天地太阳宫,35,586,0.059727,current
崇明万达广场,金虹桥,24,402,0.059701,current
光启城,虹桥新天地,24,404,0.059406,current
上海久光百货,五角场合生汇,47,792,0.059343,current
万达茂,世博天地,21,354,0.059322,current
万达茂,绿地缤纷城,25,422,0.059242,current
凯德晶萃广场,崇明万达广场,25,422,0.059242,current
上海荟聚中心,正大广场,34,574,0.059233,current
青浦吾悦广场,静安大悦城,34,574,0.059233,current
北外滩来福士,紫荆广场,23,389,0.059126,current
世博天地,长风大悦城,18,305,0.059016,current
五角场合生汇,陆家嘴中心L+MALL,37,627,0.059011,current
紫荆广场,金虹桥,21,356,0.058989,current
奉贤龙湖天街,正大乐城,23,390,0.058974,current
紫荆广场,虹桥南丰城,23,390,0.058974,current
崇明万达广场,美罗城,24,407,0.058968,current
上海久光百货,瑞虹天地太阳宫,46,782,0.058824,current
正大乐城,紫荆广场,15,255,0.058824,current
上海环球港,青浦吾悦广场,44,749,0.058745,current
上海来福士广场,长泰广场,26,443,0.058691,current
瑞虹天地太阳宫,金山万达广场,41,699,0.058655,current
百联金山,真如环宇城,30,512,0.058594,current
上海荟聚中心,青浦吾悦广场,38,649,0.058552,current
北外滩来福士,奉贤宝龙城市广场,28,479,0.058455,current
世博天地,百联金山,18,309,0.058252,current
世贸广场,长风大悦城,16,275,0.058182,current
世博源,正大广场,29,500,0.058,current
白玉兰广场,虹口凯德龙之梦,28,483,0.057971,current
五角场合生汇,港汇恒隆广场,43,743,0.057873,current
上海荟聚中心,崇明万达广场,32,553,0.057866,current
大宁久光中心,百联金山,32,553,0.057866,current
上海来福士广场,奉贤龙湖天街,28,484,0.057851,current
奉贤龙湖天街,长宁来福士,33,572,0.057692,current
崇明万达广场,瑞虹天地太阳宫,34,591,0.05753,current
真如环宇城,陆家嘴中心L+MALL,33,574,0.057491,current
晶耀前滩,静安大悦城,25,435,0.057471,current
光启城,美罗城,22,383,0.057441,current
世博源,陆家嘴中心L+MALL,29,505,0.057426,current
光启城,控江旭辉MALL,15,262,0.057252,current
上海荟聚中心,百联又一城,35,613,0.057096,current
大融城,正大乐城,25,438,0.057078,current
上海来福士广场,五角场万达广场,30,526,0.057034,current
崇明万达广场,正大广场,24,421,0.057007,current
奉贤龙湖天街,金虹桥,28,492,0.056911,current
大宁久光中心,静安大悦城,38,668,0.056886,current
长风大悦城,陆家嘴中心L+MALL,22,387,0.056848,current
控江旭辉MALL,绿地缤纷城,17,300,0.056667,current
上海来福士广场,光启城,21,371,0.056604,current
上海久光百货,第一百货,34,602,0.056478,current
控江旭辉MALL,长风大悦城,14,248,0.056452,current
虹桥新天地,长宁来福士,29,514,0.05642,current
正大广场,虹口凯德龙之梦,31,551,0.056261,current
五角场合生汇,第一八佰伴,43,765,0.056209,current
正大乐城,百联金山,15,267,0.05618,current
虹桥南丰城,青浦吾悦广场,30,534,0.05618,current
世博天地,长宁来福士,24,429,0.055944,current
世博源,金虹桥,27,483,0.055901,current
上海荟聚中心,百联金山,29,519,0.055877,current
白玉兰广场,金虹桥,20,358,0.055866,current
世贸广场,静安大悦城,22,394,0.055838,current
奉贤宝龙城市广场,真如环宇城,33,592,0.055743,current
上海来福士广场,世博天地,19,341,0.055718,current
大融城,正大广场,31,558,0.055556,current
正大乐城,金虹桥,17,306,0.055556,current
五角场合生汇,晶耀前滩,31,559,0.055456,current
浦东嘉里中心,瑞虹天地太阳宫,31,559,0.055456,current
美罗城,青浦吾悦广场,28,505,0.055446,current
万达茂,百联又一城,26,470,0.055319,current
上海来福士广场,虹桥南丰城,24,434,0.0553,current
绿地缤纷城,虹口凯德龙之梦,30,543,0.055249,current
上海环球港,港汇恒隆广场,44,797,0.055207,current
光启城,百联又一城,24,435,0.055172,current
大融城,陆家嘴中心L+MALL,31,563,0.055062,current
奉贤宝龙城市广场,虹桥新天地,26,474,0.054852,current
万达茂,白玉兰广场,20,365,0.054795,current
世博源,绿地缤纷城,27,493,0.054767,current
绿地缤纷城,静安大悦城,27,493,0.054767,current
大融城,长宁来福士,34,621,0.05475,current
紫荆广场,长泰广场,22,402,0.054726,current
虹桥新天地,陆家嘴中心L+MALL,25,457,0.054705,current
奉贤龙湖天街,新世界城,35,641,0.054602,current
正大乐城,白玉兰广场,14,257,0.054475,current
百联又一城,虹桥南丰城,27,498,0.054217,current
绿地缤纷城,长宁来福士,27,498,0.054217,current
世博天地,凯德晶萃广场,20,369,0.054201,current
上海来福士广场,长宁来福士,26,481,0.054054,current
绿地缤纷城,虹桥新天地,24,444,0.054054,current
凯德晶萃广场,正大广场,24,446,0.053812,current
瑞虹天地太阳宫,百联金山,30,558,0.053763,current
百联又一城,静安大悦城,29,540,0.053704,current
上海荟聚中心,金虹桥,30,559,0.053667,current
瑞虹天地太阳宫,青浦吾悦广场,37,690,0.053623,current
五角场万达广场,紫荆广场,26,485,0.053608,current
大融城,金虹桥,29,541,0.053604,current
上海久光百货,上海荟聚中心,40,748,0.053476,current
正大广场,美罗城,23,431,0.053364,current
北外滩来福士,绿地缤纷城,24,451,0.053215,current
五角场万达广场,绿地缤纷城,29,545,0.053211,current
白玉兰广场,百联金山,17,320,0.053125,current
正大乐城,长风大悦城,14,264,0.05303,current
北外滩来福士,金山万达广场,29,547,0.053016,current
大宁久光中心,晶耀前滩,29,547,0.053016,current
上海荟聚中心,港汇恒隆广场,37,698,0.053009,current
五角场合生汇,新世界城,40,756,0.05291,current
白玉兰广场,静安大悦城,23,435,0.052874,current
虹桥新天地,金虹桥,23,435,0.052874,current
大宁久光中心,金山万达广场,37,700,0.052857,current
世博天地,金山万达广场,24,455,0.052747,current
奉贤宝龙城市广场,长泰广场,26,493,0.052738,current
五角场万达广场,新世界城,36,684,0.052632,current
大宁久光中心,长风大悦城,29,552,0.052536,current
金山万达广场,金虹桥,27,514,0.052529,current
晶耀前滩,浦东嘉里中心,17,324,0.052469,current
万达茂,长宁来福士,26,496,0.052419,current
上海来福士广场,凯德晶萃广场,22,421,0.052257,current
北外滩来福士,百联又一城,26,498,0.052209,current
金山万达广场,陆家嘴中心L+MALL,28,537,0.052142,current
新世界城,百联金山,27,518,0.052124,current
大宁久光中心,金虹桥,31,595,0.052101,current
晶耀前滩,陆家嘴中心L+MALL,20,384,0.052083,current
瑞虹天地太阳宫,百联又一城,34,654,0.051988,current
正大广场,瑞虹天地太阳宫,32,616,0.051948,current
紫荆广场,虹桥新天地,20,385,0.051948,current
大宁久光中心,陆家嘴中心L+MALL,32,618,0.05178,current
正大广场,百联又一城,25,483,0.05176,current
奉贤龙湖天街,白玉兰广场,23,445,0.051685,current
白玉兰广场,绿地缤纷城,19,369,0.051491,current
奉贤龙湖天街,晶耀前滩,23,447,0.051454,current
瑞虹天地太阳宫,第一八佰伴,39,758,0.051451,current
晶耀前滩,紫荆广场,16,311,0.051447,current
BFC外滩金融中心,晶耀前滩,18,350,0.051429,current
真如环宇城,绿地缤纷城,29,564,0.051418,current
百联金山,金虹桥,19,370,0.051351,current
世博天地,奉贤宝龙城市广场,20,390,0.051282,current
凯德晶萃广场,金虹桥,22,429,0.051282,current
百联又一城,长宁来福士,28,546,0.051282,current
万达茂,瑞虹天地太阳宫,31,605,0.05124,current
晶耀前滩,绿地缤纷城,19,371,0.051213,current
百联又一城,美罗城,24,470,0.051064,current
紫荆广场,青浦吾悦广场,23,452,0.050885,current
奉贤宝龙城市广场,陆家嘴中心L+MALL,24,472,0.050847,current
百联又一城,第一百货,24,472,0.050847,current
前滩太古里,浦东嘉里中心,24,473,0.05074,current
大宁久光中心,崇明万达广场,30,592,0.050676,current
崇明万达广场,绿地缤纷城,21,415,0.050602,current
世博源,白玉兰广场,22,436,0.050459,current
ONE ITC,浦东嘉里中心,13,258,0.050388,current
兴业太古汇,静安嘉里中心,22,438,0.050228,current
五角场合生汇,紫荆广场,28,559,0.050089,current
上海荟聚中心,奉贤宝龙城市广场,30,601,0.049917,current
白玉兰广场,长宁来福士,22,441,0.049887,current
崇明万达广场,百联又一城,23,462,0.049784,current
晶耀前滩,长宁来福士,22,443,0.049661,current
五角场万达广场,虹桥新天地,28,564,0.049645,current
控江旭辉MALL,紫荆广场,12,242,0.049587,current
绿地缤纷城,金山万达广场,26,525,0.049524,current
大宁久光中心,绿地缤纷城,30,606,0.049505,current
世博源,正大乐城,19,384,0.049479,current
正大乐城,静安大悦城,19,384,0.049479,current
新世界城,瑞虹天地太阳宫,37,748,0.049465,current
上海荟聚中心,新天地广场,22,445,0.049438,current
上海来福士广场,陆家嘴中心L+MALL,21,425,0.049412,current
凯德晶萃广场,百联又一城,24,486,0.049383,current
崇明万达广场,正大乐城,15,304,0.049342,current
光启城,真如环宇城,26,527,0.049336,current
五角场合生汇,奉贤宝龙城市广场,32,650,0.049231,current
晶耀前滩,长泰广场,20,407,0.04914,current
世贸广场,五角场万达广场,22,448,0.049107,current
上海环球港,紫荆广场,30,612,0.04902,current
正大乐城,长宁来福士,19,389,0.048843,current
大融城,绿地缤纷城,27,553,0.048825,current
大宁久光中心,正大广场,30,615,0.04878,current
正大广场,金山万达广场,26,534,0.048689,current
凯德晶萃广场,百联金山,19,391,0.048593,current
上海来福士广场,大融城,26,536,0.048507,current
正大广场,虹桥新天地,22,455,0.048352,current
虹口凯德龙之梦,陆家嘴中心L+MALL,27,560,0.048214,current
光启城,北外滩来福士,20,415,0.048193,current
光启城,白玉兰广场,16,332,0.048193,current
五角场万达广场,正大乐城,21,436,0.048165,current
上海来福士广场,世博源,23,479,0.048017,current
世博天地,五角场万达广场,23,479,0.048017,current
正大乐城,美罗城,15,313,0.047923,current
正大广场,青浦吾悦广场,25,522,0.047893,current
光启城,长宁来福士,22,463,0.047516,current
正大广场,虹桥南丰城,22,463,0.047516,current
万达茂,上海荟聚中心,27,569,0.047452,current
绿地缤纷城,长泰广场,22,465,0.047312,current
港汇恒隆广场,瑞虹天地太阳宫,35,740,0.047297,current
瑞虹天地太阳宫,紫荆广场,26,550,0.047273,current
上海来福士广场,长风大悦城,17,360,0.047222,current
五角场万达广场,第一八佰伴,33,699,0.04721,current
上海荟聚中心,绿地缤纷城,27,572,0.047203,current
虹桥南丰城,金虹桥,21,445,0.047191,current
奉贤龙湖天街,第一八佰伴,31,657,0.047184,current
百联又一城,长风大悦城,20,424,0.04717,current
奉贤宝龙城市广场,晶耀前滩,19,403,0.047146,current
BFC外滩金融中心,正大乐城,14,297,0.047138,current
百联金山,第一八佰伴,25,532,0.046992,current
光启城,陆家嘴中心L+MALL,19,405,0.046914,current
百联又一城,长泰广场,24,512,0.046875,current
大融城,控江旭辉MALL,20,427,0.046838,current
北外滩来福士,正大乐城,16,342,0.046784,current
五角场万达广场,长宁来福士,29,620,0.046774,current
金虹桥,长宁来福士,23,492,0.046748,current
新世界城,真如环宇城,33,706,0.046742,current
凯德晶萃广场,奉贤宝龙城市广场,22,471,0.046709,current
上海来福士广场,百联金山,17,364,0.046703,current
世贸广场,奉贤龙湖天街,19,407,0.046683,current
K11购物艺术中心,长风大悦城,13,279,0.046595,current
世博天地,紫荆广场,14,301,0.046512,current
崇明万达广场,陆家嘴中心L+MALL,20,430,0.046512,current
北外滩来福士,青浦吾悦广场,25,538,0.046468,current
白玉兰广场,美罗城,17,366,0.046448,current
百联又一城,青浦吾悦广场,26,561,0.046346,current
晶耀前滩,百联金山,15,324,0.046296,current
港汇恒隆广场,百联又一城,28,607,0.046129,current
世贸广场,百联金山,13,282,0.046099,current
崇明万达广场,虹桥新天地,20,434,0.046083,current
长宁来福士,青浦吾悦广场,27,586,0.046075,current
金虹桥,长泰广场,21,456,0.046053,current
晶耀前滩,正大乐城,12,261,0.045977,current
真如环宇城,第一八佰伴,33,718,0.045961,current
上海荟聚中心,第一八佰伴,33,724,0.04558,current
北外滩来福士,白玉兰广场,18,395,0.04557,current
上海荟聚中心,兴业太古汇,27,593,0.045531,current
世博源,晶耀前滩,20,440,0.045455,current
白玉兰广场,虹桥南丰城,18,396,0.045455,current
陆家嘴中心L+MALL,青浦吾悦广场,24,528,0.045455,current
百联又一城,金山万达广场,26,574,0.045296,current
BFC外滩金融中心,凯德晶萃广场,19,420,0.045238,current
奉贤宝龙城市广场,瑞虹天地太阳宫,29,642,0.045171,current
控江旭辉MALL,虹口凯德龙之梦,19,421,0.045131,current
虹桥新天地,青浦吾悦广场,24,532,0.045113,current
正大广场,长宁来福士,23,511,0.04501,current
百联金山,第一百货,17,379,0.044855,current
瑞虹天地太阳宫,金虹桥,27,602,0.04485,current
光启城,晶耀前滩,15,335,0.044776,current
国金ifc商场,浦东嘉里中心,18,402,0.044776,current
奉贤龙湖天街,控江旭辉MALL,17,380,0.044737,current
崇明万达广场,白玉兰广场,16,358,0.044693,current
绿地缤纷城,美罗城,19,426,0.044601,current
凯德晶萃广场,控江旭辉MALL,14,314,0.044586,current
晶耀前滩,白玉兰广场,14,314,0.044586,current
大宁久光中心,第一百货,27,606,0.044554,current
新天地广场,晶耀前滩,11,247,0.044534,current
晶耀前滩,正大广场,17,382,0.044503,current
崇明万达广场,晶耀前滩,16,360,0.044444,current
上海久光百货,兴业太古汇,28,632,0.044304,current
白玉兰广场,长泰广场,18,407,0.044226,current
控江旭辉MALL,金虹桥,13,294,0.044218,current
奉贤龙湖天街,陆家嘴中心L+MALL,23,521,0.044146,current
世贸广场,正大广场,15,340,0.044118,current
世贸广场,白玉兰广场,12,272,0.044118,current
大融城,第一八佰伴,31,707,0.043847,current
BFC外滩金融中心,虹桥南丰城,19,435,0.043678,current
金虹桥,陆家嘴中心L+MALL,19,435,0.043678,current
港汇恒隆广场,芮欧百货,21,481,0.043659,current
上海荟聚中心,浦东嘉里中心,23,527,0.043643,current
世贸广场,长泰广场,16,367,0.043597,current
上海荟聚中心,前滩太古里,29,666,0.043544,current
万达茂,正大广场,19,437,0.043478,current
真如环宇城,紫荆广场,22,508,0.043307,current
ONE ITC,大宁久光中心,21,485,0.043299,current
白玉兰广场,真如环宇城,22,509,0.043222,current
奉贤宝龙城市广场,长宁来福士,23,534,0.043071,current
崇明万达广场,新世界城,24,558,0.043011,current
真如环宇城,金虹桥,24,559,0.042934,current
上海荟聚中心,光启城,23,536,0.04291,current
上海环球港,绿地缤纷城,29,676,0.042899,current
崇明万达广场,长宁来福士,21,490,0.042857,current
万达茂,大宁久光中心,26,607,0.042834,current
前滩太古里,大宁久光中心,30,702,0.042735,current
控江旭辉MALL,百联又一城,15,351,0.042735,current
上海来福士广场,奉贤宝龙城市广场,19,445,0.042697,current
百联又一城,陆家嘴中心L+MALL,21,492,0.042683,current
上海久光百货,真如环宇城,32,750,0.042667,current
绿地缤纷城,青浦吾悦广场,22,516,0.042636,current
世博天地,晶耀前滩,13,305,0.042623,current
五角场万达广场,晶耀前滩,21,493,0.042596,current
万达茂,世贸广场,14,329,0.042553,current
控江旭辉MALL,虹桥南丰城,14,329,0.042553,current
BFC外滩金融中心,陆家嘴中心L+MALL,18,424,0.042453,current
上海来福士广场,崇明万达广场,17,401,0.042394,current
五角场合生汇,金虹桥,26,614,0.042345,current
百联又一城,虹桥新天地,21,496,0.042339,current
上海环球港,光启城,27,638,0.04232,current
世博源,新世界城,27,639,0.042254,current
世贸广场,虹口凯德龙之梦,19,450,0.042222,current
上海来福士广场,港汇恒隆广场,23,545,0.042202,current
上海来福士广场,大宁久光中心,25,593,0.042159,current
大宁久光中心,奉贤宝龙城市广场,27,641,0.042122,current
浦东嘉里中心,美罗城,16,380,0.042105,current
大融城,晶耀前滩,21,499,0.042084,current
上海来福士广场,晶耀前滩,15,357,0.042017,current
BFC外滩金融中心,长风大悦城,15,358,0.041899,current
百联金山,长宁来福士,19,455,0.041758,current
大融城,新世界城,29,697,0.041607,current
五角场合生汇,浦东嘉里中心,24,577,0.041594,current
BFC外滩金融中心,长宁来福士,20,483,0.041408,current
万达茂,上海来福士广场,17,412,0.041262,current
崇明万达广场,控江旭辉MALL,12,291,0.041237,current
正大乐城,虹口凯德龙之梦,18,438,0.041096,current
上海来福士广场,金山万达广场,21,512,0.041016,current
五角场合生汇,光启城,24,586,0.040956,current
世贸广场,正大乐城,9,220,0.040909,current
ONE ITC,凯德晶萃广场,13,318,0.040881,current
世贸广场,凯德晶萃广场,14,343,0.040816,current
正大广场,百联金山,16,392,0.040816,current
大宁久光中心,浦东嘉里中心,23,564,0.04078,current
五角场万达广场,陆家嘴中心L+MALL,23,565,0.040708,current
万达茂,陆家嘴中心L+MALL,18,443,0.040632,current
百联又一城,紫荆广场,17,419,0.040573,current
上海久光百货,浦东嘉里中心,23,567,0.040564,current
上海荟聚中心,新世界城,29,716,0.040503,current
世贸广场,紫荆广场,11,272,0.040441,current
绿地缤纷城,陆家嘴中心L+MALL,18,446,0.040359,current
上海环球港,晶耀前滩,25,620,0.040323,current
BFC外滩金融中心,光启城,15,373,0.040214,current
世博天地,青浦吾悦广场,18,448,0.040179,current
ONE ITC,前滩太古里,16,400,0.04,current
上海环球港,第一百货,27,675,0.04,current
五角场合生汇,绿地缤纷城,25,625,0.04,current
大宁久光中心,紫荆广场,22,551,0.039927,current
世博源,第一八佰伴,26,652,0.039877,current
金山万达广场,长宁来福士,24,602,0.039867,current
大宁久光中心,白玉兰广场,22,552,0.039855,current
BFC外滩金融中心,白玉兰广场,14,352,0.039773,current
ONE ITC,兴业太古汇,13,328,0.039634,current
百联又一城,绿地缤纷城,19,480,0.039583,current
K11购物艺术中心,芮欧百货,10,253,0.039526,current
K11购物艺术中心,美罗城,13,329,0.039514,current
正大乐城,正大广场,13,329,0.039514,current
正大乐城,青浦吾悦广场,16,405,0.039506,current
正大广场,紫荆广场,15,381,0.03937,current
瑞虹天地月亮湾,长风大悦城,12,305,0.039344,current
上海来福士广场,白玉兰广场,14,356,0.039326,current
凯德晶萃广场,正大乐城,13,331,0.039275,current
世贸广场,北外滩来福士,14,357,0.039216,current
瑞虹天地月亮湾,虹桥南丰城,15,383,0.039164,current
ONE ITC,北外滩来福士,13,332,0.039157,current
世贸广场,虹桥南丰城,14,358,0.039106,current
北外滩来福士,浦东嘉里中心,16,410,0.039024,current
浦东嘉里中心,虹桥南丰城,16,411,0.038929,current
上海来福士广场,百联又一城,18,463,0.038877,current
BFC外滩金融中心,绿地缤纷城,16,412,0.038835,current
上海荟聚中心,紫荆广场,20,516,0.03876,current
白玉兰广场,陆家嘴中心L+MALL,15,387,0.03876,current
ONE ITC,新天地广场,7,181,0.038674,current
世博天地,大宁久光中心,21,543,0.038674,current
上海环球港,兴业太古汇,27,699,0.038627,current
凯德晶萃广场,第一百货,17,441,0.038549,current
前滩太古里,长宁来福士,23,598,0.038462,current
白玉兰广场,紫荆广场,12,313,0.038339,current
K11购物艺术中心,ONE ITC,8,209,0.038278,current
正大乐城,金山万达广场,16,418,0.038278,current
上海恒隆广场,兴业太古汇,14,366,0.038251,current
国金ifc商场,尚嘉中心,14,367,0.038147,current
上海久光百货,前滩太古里,27,708,0.038136,current
大融城,白玉兰广场,19,499,0.038076,current
上海来福士广场,新天地广场,11,289,0.038062,current
晶耀前滩,金山万达广场,18,473,0.038055,current
白玉兰广场,百联又一城,16,421,0.038005,current
K11购物艺术中心,五角场合生汇,20,527,0.037951,current
ONE ITC,五角场合生汇,19,501,0.037924,current
兴业太古汇,大宁久光中心,24,633,0.037915,current
K11购物艺术中心,长泰广场,14,370,0.037838,current
兴业太古汇,瑞虹天地太阳宫,24,636,0.037736,current
百联金山,陆家嘴中心L+MALL,15,398,0.037688,current
上海来福士广场,正大广场,16,425,0.037647,current
芮欧百货,长宁来福士,16,425,0.037647,current
上海久光百货,美罗城,23,611,0.037643,current
瑞虹天地月亮湾,静安大悦城,16,426,0.037559,current
万达茂,晶耀前滩,14,373,0.037534,current
世博源,控江旭辉MALL,14,373,0.037534,current
兴业太古汇,芮欧百货,14,373,0.037534,current
控江旭辉MALL,静安大悦城,14,373,0.037534,current
BFC外滩金融中心,静安大悦城,18,480,0.0375,current
新天地广场,陆家嘴中心L+MALL,12,320,0.0375,current
奉贤龙湖天街,第一百货,19,508,0.037402,current
正大广场,陆家嘴中心L+MALL,17,456,0.037281,current
ONE ITC,陆家嘴中心L+MALL,12,322,0.037267,current
K11购物艺术中心,中信泰富广场,7,188,0.037234,current
浦东嘉里中心,虹桥新天地,15,404,0.037129,current
世贸广场,大融城,17,459,0.037037,current
第一百货,长风大悦城,14,378,0.037037,current
港汇恒隆广场,真如环宇城,26,703,0.036984,current
正大广场,第一八佰伴,22,595,0.036975,current
ONE ITC,静安嘉里中心,11,298,0.036913,current
上海来福士广场,金虹桥,15,407,0.036855,current
兴业太古汇,浦东嘉里中心,15,407,0.036855,current
新天地广场,瑞虹天地太阳宫,18,489,0.03681,current
世贸广场,百联又一城,14,381,0.036745,current
兴业太古汇,长泰广场,18,490,0.036735,current
世博天地,金虹桥,13,355,0.03662,current
正大广场,白玉兰广场,14,383,0.036554,current
控江旭辉MALL,美罗城,11,301,0.036545,current
光启城,大宁久光中心,21,575,0.036522,current
世贸广场,美罗城,12,329,0.036474,current
新天地广场,美罗城,11,302,0.036424,current
正大乐城,长泰广场,13,357,0.036415,current
世博天地,百联又一城,15,412,0.036408,current
国金ifc商场,第一八佰伴,22,605,0.036364,current
上海环球港,浦东嘉里中心,23,633,0.036335,current
K11购物艺术中心,北外滩来福士,13,359,0.036212,current
ONE ITC,上海恒隆广场,8,221,0.036199,current
正大广场,绿地缤纷城,16,443,0.036117,current
世博天地,白玉兰广场,11,305,0.036066,current
世贸广场,五角场合生汇,19,527,0.036053,current
上海来福士广场,绿地缤纷城,15,417,0.035971,current
新世界城,正大广场,21,584,0.035959,current
新天地广场,真如环宇城,16,445,0.035955,current
紫荆广场,长宁来福士,16,446,0.035874,current
ONE ITC,晶耀前滩,9,251,0.035857,current
正大乐城,陆家嘴中心L+MALL,12,335,0.035821,current
新世界城,静安大悦城,23,643,0.03577,current
BFC外滩金融中心,百联金山,13,364,0.035714,current
瑞虹天地太阳宫,绿地缤纷城,22,617,0.035656,current
兴业太古汇,真如环宇城,21,593,0.035413,current
新天地广场,芮欧百货,8,226,0.035398,current
晶耀前滩,百联又一城,15,424,0.035377,current
新世界城,港汇恒隆广场,25,707,0.035361,current
正大乐城,百联又一城,13,369,0.03523,current
上海荟聚中心,静安嘉里中心,20,568,0.035211,current
凯德晶萃广场,浦东嘉里中心,14,398,0.035176,current
ONE ITC,芮欧百货,8,228,0.035088,current
真如环宇城,第一百货,20,570,0.035088,current
K11购物艺术中心,大宁久光中心,18,515,0.034951,current
万达茂,新世界城,20,573,0.034904,current
崇明万达广场,第一八佰伴,20,574,0.034843,current
世博源,世贸广场,14,402,0.034826,current
浦东嘉里中心,长宁来福士,16,460,0.034783,current
大宁久光中心,静安嘉里中心,21,604,0.034768,current
世博天地,正大广场,13,374,0.034759,current
紫荆广场,绿地缤纷城,13,374,0.034759,current
K11购物艺术中心,瑞虹天地太阳宫,18,518,0.034749,current
世贸广场,金山万达广场,15,432,0.034722,current
五角场合生汇,前滩太古里,25,721,0.034674,current
世博天地,世博源,15,433,0.034642,current
奉贤宝龙城市广场,新世界城,21,607,0.034596,current
ONE ITC,瑞虹天地太阳宫,17,492,0.034553,current
新世界城,虹口凯德龙之梦,24,695,0.034532,current
五角场万达广场,白玉兰广场,17,495,0.034343,current
K11购物艺术中心,长宁来福士,14,408,0.034314,current
世贸广场,崇明万达广场,11,321,0.034268,current
ONE ITC,上海来福士广场,10,292,0.034247,current
BFC外滩金融中心,美罗城,14,409,0.03423,current
上海环球港,金虹桥,23,672,0.034226,current
新世界城,金山万达广场,23,674,0.034125,current
世贸广场,虹桥新天地,12,352,0.034091,current
BFC外滩金融中心,万达茂,14,411,0.034063,current
世贸广场,控江旭辉MALL,7,206,0.033981,current
五角场合生汇,新天地广场,17,501,0.033932,current
五角场合生汇,兴业太古汇,22,649,0.033898,current
新天地广场,虹桥新天地,11,325,0.033846,current
百联又一城,金虹桥,16,473,0.033827,current
上海来福士广场,青浦吾悦广场,17,503,0.033797,current
晶耀前滩,芮欧百货,10,296,0.033784,current
BFC外滩金融中心,奉贤宝龙城市广场,15,445,0.033708,current
世博天地,光启城,11,327,0.033639,current
上海来福士广场,紫荆广场,12,357,0.033613,current
前滩太古里,芮欧百货,15,447,0.033557,current
上海环球港,前滩太古里,26,775,0.033548,current
五角场合生汇,第一百货,21,626,0.033546,current
中信泰富广场,凯德晶萃广场,10,299,0.033445,current
瑞虹天地月亮湾,紫荆广场,10,299,0.033445,current
崇明万达广场,第一百货,14,419,0.033413,current
北外滩来福士,控江旭辉MALL,11,331,0.033233,current
控江旭辉MALL,青浦吾悦广场,13,392,0.033163,current
西岸梦中心,静安嘉里中心,12,362,0.033149,current
国金ifc商场,大宁久光中心,21,634,0.033123,current
BFC外滩金融中心,芮欧百货,11,333,0.033033,current
浦东嘉里中心,长泰广场,14,424,0.033019,current
五角场万达广场,金虹桥,18,546,0.032967,current
瑞虹天地太阳宫,静安嘉里中心,20,608,0.032895,current
港汇恒隆广场,长宁来福士,21,640,0.032813,current
世博天地,绿地缤纷城,12,366,0.032787,current
五角场万达广场,控江旭辉MALL,14,427,0.032787,current
光启城,瑞虹天地太阳宫,19,580,0.032759,current
新世界城,长泰广场,20,613,0.032626,current
K11购物艺术中心,上海环球港,19,583,0.03259,current
五角场万达广场,第一百货,18,553,0.03255,current
万达茂,第一八佰伴,19,586,0.032423,current
晶耀前滩,青浦吾悦广场,15,463,0.032397,current
K11购物艺术中心,晶耀前滩,9,278,0.032374,current
金虹桥,香港广场,9,278,0.032374,current
正大乐城,虹桥新天地,11,340,0.032353,current
凯德晶萃广场,新世界城,19,588,0.032313,current
前滩太古里,瑞虹天地太阳宫,23,712,0.032303,current
浦东嘉里中心,真如环宇城,17,527,0.032258,current
大融城,第一百货,18,559,0.0322,current
瑞虹天地太阳宫,白玉兰广场,18,559,0.0322,current
正大广场,金虹桥,14,435,0.032184,current
兴业太古汇,长宁来福士,17,529,0.032136,current
ONE ITC,大融城,14,436,0.03211,current
上海环球港,白玉兰广场,20,623,0.032103,current
BFC外滩金融中心,金虹桥,13,405,0.032099,current
控江旭辉MALL,金山万达广场,13,405,0.032099,current
上海久光百货,长泰广场,21,655,0.032061,current
K11购物艺术中心,港汇恒隆广场,15,468,0.032051,current
光启城,正大广场,13,406,0.03202,current
BFC外滩金融中心,大宁久光中心,19,595,0.031933,current
兴业太古汇,陆家嘴中心L+MALL,15,470,0.031915,current
上海来福士广场,兴业太古汇,14,439,0.031891,current
世贸广场,长宁来福士,13,408,0.031863,current
BFC外滩金融中心,虹口凯德龙之梦,17,534,0.031835,current
大宁久光中心,正大乐城,16,503,0.031809,current
ONE ITC,长泰广场,11,346,0.031792,current
ONE ITC,世博源,12,378,0.031746,current
白玉兰广场,金山万达广场,15,474,0.031646,current
瑞虹天地太阳宫,芮欧百货,17,538,0.031599,current
控江旭辉MALL,长宁来福士,12,380,0.031579,current
上海久光百货,上海来福士广场,19,602,0.031561,current
前滩太古里,尚嘉中心,14,444,0.031532,current
奉贤宝龙城市广场,正大广场,15,476,0.031513,current
BFC外滩金融中心,控江旭辉MALL,9,286,0.031469,current
上海来福士广场,世贸广场,10,318,0.031447,current
前滩太古里,真如环宇城,21,668,0.031437,current
K11购物艺术中心,陆家嘴中心L+MALL,11,350,0.031429,current
美罗城,芮欧百货,11,350,0.031429,current
浦东嘉里中心,第一八佰伴,17,542,0.031365,current
世博天地,浦东嘉里中心,10,319,0.031348,current
ONE ITC,长宁来福士,12,383,0.031332,current
K11购物艺术中心,百联又一城,12,384,0.03125,current
上海荟聚中心,世贸广场,15,480,0.03125,current
金虹桥,青浦吾悦广场,16,512,0.03125,current
ONE ITC,长风大悦城,8,257,0.031128,current
第一八佰伴,青浦吾悦广场,21,675,0.031111,current
K11购物艺术中心,虹桥新天地,11,354,0.031073,current
中信泰富广场,新天地广场,5,161,0.031056,current
上海来福士广场,控江旭辉MALL,9,290,0.031034,current
第一八佰伴,虹口凯德龙之梦,22,709,0.03103,current
正大乐城,绿地缤纷城,10,323,0.03096,current
上海环球港,世贸广场,18,583,0.030875,current
世贸广场,瑞虹天地太阳宫,16,519,0.030829,current
ONE ITC,上海荟聚中心,14,455,0.030769,current
上海荟聚中心,白玉兰广场,16,521,0.03071,current
ONE ITC,中信泰富广场,5,163,0.030675,current
浦东嘉里中心,静安大悦城,14,457,0.030635,current
K11购物艺术中心,金虹桥,10,327,0.030581,current
中信泰富广场,白玉兰广场,7,229,0.030568,current
新世界城,长风大悦城,16,525,0.030476,current
瑞虹天地月亮湾,绿地缤纷城,11,361,0.030471,current
白玉兰广场,虹桥新天地,12,394,0.030457,current
上海恒隆广场,尚嘉中心,8,263,0.030418,current
新天地广场,虹口凯德龙之梦,13,428,0.030374,current
北外滩来福士,港汇恒隆广场,18,593,0.030354,current
世贸广场,光启城,9,297,0.030303,current
白玉兰广场,青浦吾悦广场,14,462,0.030303,current
BFC外滩金融中心,上海环球港,20,663,0.030166,current
正大广场,浦东嘉里中心,12,398,0.030151,current
凯德晶萃广场,香港广场,9,299,0.0301,current
上海久光百货,奉贤龙湖天街,21,698,0.030086,current
世博天地,世贸广场,8,266,0.030075,current
长宁来福士,静安嘉里中心,15,499,0.03006,current
BFC外滩金融中心,瑞虹天地太阳宫,18,599,0.03005,current
世贸广场,奉贤宝龙城市广场,11,367,0.029973,current
新天地广场,虹桥南丰城,10,334,0.02994,current
瑞虹天地月亮湾,白玉兰广场,9,301,0.0299,current
大宁久光中心,青浦吾悦广场,21,703,0.029872,current
BFC外滩金融中心,崇明万达广场,12,402,0.029851,current
新世界城,虹桥南丰城,18,604,0.029801,current
五角场合生汇,白玉兰广场,17,571,0.029772,current
K11购物艺术中心,绿地缤纷城,10,337,0.029674,current
上海环球港,静安嘉里中心,20,674,0.029674,current
K11购物艺术中心,世贸广场,7,236,0.029661,current
中信泰富广场,长风大悦城,7,236,0.029661,current
K11购物艺术中心,静安大悦城,12,405,0.02963,current
第一八佰伴,虹桥新天地,18,608,0.029605,current
上海来福士广场,浦东嘉里中心,11,372,0.02957,current
凯德晶萃广场,瑞虹天地月亮湾,11,372,0.02957,current
尚嘉中心,香港广场,6,203,0.029557,current
BFC外滩金融中心,大融城,16,542,0.02952,current
上海久光百货,静安嘉里中心,18,610,0.029508,current
兴业太古汇,虹桥新天地,14,475,0.029474,current
ONE ITC,光启城,8,272,0.029412,current
上海来福士广场,正大乐城,9,306,0.029412,current
国金ifc商场,芮欧百货,11,374,0.029412,current
西岸梦中心,静安大悦城,13,442,0.029412,current
世博天地,新天地广场,7,239,0.029289,current
上海来福士广场,前滩太古里,15,513,0.02924,current
新天地广场,静安大悦城,11,377,0.029178,current
港汇恒隆广场,陆家嘴中心L+MALL,17,583,0.02916,current
瑞虹天地月亮湾,虹口凯德龙之梦,14,481,0.029106,current
控江旭辉MALL,长泰广场,10,344,0.02907,current
K11购物艺术中心,上海荟聚中心,14,482,0.029046,current
第一八佰伴,金山万达广场,20,689,0.029028,current
兴业太古汇,虹桥南丰城,14,483,0.028986,current
正大乐城,芮欧百货,7,242,0.028926,current
上海荟聚中心,西岸梦中心,15,519,0.028902,current
ONE ITC,真如环宇城,13,450,0.028889,current
芮欧百货,虹桥南丰城,11,381,0.028871,current
上海久光百货,长宁来福士,20,694,0.028818,current
BFC外滩金融中心,长泰广场,13,452,0.028761,current
K11购物艺术中心,凯德晶萃广场,10,348,0.028736,current
兴业太古汇,美罗城,13,453,0.028698,current
虹桥南丰城,香港广场,9,314,0.028662,current
新世界城,青浦吾悦广场,19,665,0.028571,current
新世界城,虹桥新天地,17,597,0.028476,current
世贸广场,青浦吾悦广场,12,422,0.028436,current
瑞虹天地月亮湾,金虹桥,10,352,0.028409,current
上海久光百货,陆家嘴中心L+MALL,18,635,0.028346,current
ONE ITC,奉贤龙湖天街,11,389,0.028278,current
正大乐城,瑞虹天地月亮湾,7,248,0.028226,current
K11购物艺术中心,上海来福士广场,9,320,0.028125,current
正大乐城,真如环宇城,13,463,0.028078,current
BFC外滩金融中心,百联又一城,13,464,0.028017,current
光启城,香港广场,7,250,0.028,current
控江旭辉MALL,陆家嘴中心L+MALL,9,322,0.02795,current
中信泰富广场,静安大悦城,10,358,0.027933,current
世博源,瑞虹天地月亮湾,12,430,0.027907,current
光启城,瑞虹天地月亮湾,9,323,0.027864,current
世博源,第一百货,14,503,0.027833,current
第一百货,静安大悦城,14,503,0.027833,current
BFC外滩金融中心,五角场合生汇,17,611,0.027823,current
前滩太古里,西岸梦中心,13,468,0.027778,current
前滩太古里,第一八佰伴,19,685,0.027737,current
兴业太古汇,百联又一城,14,506,0.027668,current
长宁来福士,香港广场,10,362,0.027624,current
中信泰富广场,绿地缤纷城,8,290,0.027586,current
新世界城,绿地缤纷城,16,580,0.027586,current
瑞虹天地月亮湾,长宁来福士,12,435,0.027586,current
BFC外滩金融中心,上海来福士广场,11,399,0.027569,current
世贸广场,金虹桥,9,327,0.027523,current
尚嘉中心,百联又一城,11,400,0.0275,current
五角场万达广场,港汇恒隆广场,19,691,0.027496,current
瑞虹天地太阳宫,第一百货,17,619,0.027464,current
世博天地,新世界城,14,510,0.027451,current
五角场合生汇,静安嘉里中心,17,622,0.027331,current
前滩太古里,虹桥新天地,15,549,0.027322,current
世贸广场,真如环宇城,13,476,0.027311,current
真如环宇城,西岸梦中心,14,514,0.027237,current
BFC外滩金融中心,北外滩来福士,12,441,0.027211,current
BFC外滩金融中心,金山万达广场,14,515,0.027184,current
兴业太古汇,长风大悦城,11,405,0.02716,current
第一八佰伴,长泰广场,17,628,0.02707,current
ONE ITC,港汇恒隆广场,12,444,0.027027,current
白玉兰广场,芮欧百货,8,296,0.027027,current
第一百货,虹口凯德龙之梦,15,555,0.027027,current
芮欧百货,陆家嘴中心L+MALL,10,370,0.027027,current
BFC外滩金融中心,真如环宇城,15,556,0.026978,current
五角场合生汇,正大乐城,14,519,0.026975,current
新世界城,紫荆广场,14,519,0.026975,current
虹桥新天地,静安嘉里中心,12,445,0.026966,current
北外滩来福士,新天地广场,9,334,0.026946,current
五角场万达广场,瑞虹天地月亮湾,13,483,0.026915,current
K11购物艺术中心,上海久光百货,14,522,0.02682,current
新天地广场,浦东嘉里中心,7,262,0.026718,current
世贸广场,绿地缤纷城,9,337,0.026706,current
上海久光百货,晶耀前滩,15,564,0.026596,current
兴业太古汇,静安大悦城,14,527,0.026565,current
ONE ITC,尚嘉中心,6,226,0.026549,current
上海来福士广场,芮欧百货,9,339,0.026549,current
凯德晶萃广场,第一八佰伴,16,603,0.026534,current
大宁久光中心,新天地广场,13,491,0.026477,current
北外滩来福士,新世界城,16,605,0.026446,current
国金ifc商场,长宁来福士,14,530,0.026415,current
晶耀前滩,瑞虹天地月亮湾,8,304,0.026316,current
崇明万达广场,芮欧百货,9,343,0.026239,current
第一百货,金山万达广场,14,534,0.026217,current
中信泰富广场,紫荆广场,6,229,0.026201,current
K11购物艺术中心,世博天地,7,268,0.026119,current
兴业太古汇,第一八佰伴,16,613,0.026101,current
上海来福士广场,第一八佰伴,15,575,0.026087,current
新世界城,美罗城,15,576,0.026042,current
BFC外滩金融中心,中信泰富广场,7,269,0.026022,current
BFC外滩金融中心,五角场万达广场,14,538,0.026022,current
晶耀前滩,香港广场,6,231,0.025974,current
第一八佰伴,长风大悦城,14,539,0.025974,current
瑞虹天地月亮湾,真如环宇城,13,502,0.025896,current
ONE ITC,万达茂,8,309,0.02589,current
浦东嘉里中心,芮欧百货,8,309,0.02589,current
中信泰富广场,晶耀前滩,6,232,0.025862,current
光启城,新世界城,14,542,0.02583,current
五角场合生汇,控江旭辉MALL,13,504,0.025794,current
奉贤宝龙城市广场,第一八佰伴,16,624,0.025641,current
上海久光百货,虹口凯德龙之梦,19,743,0.025572,current
瑞虹天地月亮湾,百联金山,8,313,0.025559,current
上海久光百货,五角场万达广场,19,744,0.025538,current
BFC外滩金融中心,前滩太古里,13,511,0.02544,current
中信泰富广场,北外滩来福士,8,315,0.025397,current
白玉兰广场,西岸梦中心,8,315,0.025397,current
BFC外滩金融中心,K11购物艺术中心,8,317,0.025237,current
第一百货,绿地缤纷城,11,436,0.025229,current
瑞虹天地月亮湾,美罗城,9,358,0.02514,current
K11购物艺术中心,真如环宇城,12,478,0.025105,current
世博天地,控江旭辉MALL,6,239,0.025105,current
世贸广场,晶耀前滩,7,279,0.02509,current
K11购物艺术中心,兴业太古汇,9,359,0.02507,current
兴业太古汇,白玉兰广场,10,399,0.025063,current
浦东嘉里中心,百联又一城,11,439,0.025057,current
世贸广场,大宁久光中心,13,519,0.025048,current
ONE ITC,百联又一城,9,360,0.025,current
上海来福士广场,国金ifc商场,11,440,0.025,current
国金ifc商场,新世界城,15,600,0.025,current
控江旭辉MALL,香港广场,4,160,0.025,current
奉贤龙湖天街,瑞虹天地月亮湾,11,441,0.024943,current
中信泰富广场,控江旭辉MALL,4,161,0.024845,current
上海来福士广场,新世界城,14,564,0.024823,current
K11购物艺术中心,虹桥南丰城,9,364,0.024725,current
中信泰富广场,长宁来福士,9,364,0.024725,current
浦东嘉里中心,陆家嘴中心L+MALL,10,405,0.024691,current
ONE ITC,香港广场,4,163,0.02454,current
上海环球港,瑞虹天地月亮湾,15,612,0.02451,current
控江旭辉MALL,真如环宇城,11,449,0.024499,current
西岸梦中心,长宁来福士,11,449,0.024499,current
大融城,瑞虹天地月亮湾,12,490,0.02449,current
中信泰富广场,美罗城,7,286,0.024476,current
控江旭辉MALL,虹桥新天地,8,327,0.024465,current
新世界城,长宁来福士,16,655,0.024427,current
北外滩来福士,第一八佰伴,15,618,0.024272,current
上海荟聚中心,控江旭辉MALL,11,455,0.024176,current
大宁久光中心,芮欧百货,13,539,0.024119,current
BFC外滩金融中心,尚嘉中心,8,332,0.024096,current
前滩太古里,百联又一城,14,581,0.024096,current
K11购物艺术中心,浦东嘉里中心,7,291,0.024055,current
上海荟聚中心,第一百货,14,582,0.024055,current
上海环球港,国金ifc商场,17,707,0.024045,current
凯德晶萃广场,港汇恒隆广场,14,583,0.024014,current
第一百货,紫荆广场,9,375,0.024,current
K11购物艺术中心,奉贤龙湖天街,10,417,0.023981,current
K11购物艺术中心,虹口凯德龙之梦,11,459,0.023965,current
控江旭辉MALL,晶耀前滩,6,251,0.023904,current
ONE ITC,白玉兰广场,6,252,0.02381,current
前滩太古里,陆家嘴中心L+MALL,13,547,0.023766,current
浦东嘉里中心,长风大悦城,8,338,0.023669,current
百联又一城,西岸梦中心,10,424,0.023585,current
浦东嘉里中心,金虹桥,9,382,0.02356,current
芮欧百货,静安大悦城,10,426,0.023474,current
ONE ITC,崇明万达广场,7,299,0.023411,current
港汇恒隆广场,静安大悦城,15,641,0.023401,current
正大广场,西岸梦中心,9,385,0.023377,current
上海久光百货,虹桥新天地,15,642,0.023364,current
上海荟聚中心,正大乐城,11,471,0.023355,current
国金ifc商场,瑞虹天地太阳宫,15,643,0.023328,current
前滩太古里,北外滩来福士,13,558,0.023297,current
上海环球港,控江旭辉MALL,13,559,0.023256,current
中信泰富广场,瑞虹天地月亮湾,5,215,0.023256,current
前滩太古里,静安大悦城,14,602,0.023256,current
新天地广场,金虹桥,7,301,0.023256,current
上海久光百货,北外滩来福士,15,649,0.023112,current
ONE ITC,金虹桥,7,303,0.023102,current
上海久光百货,虹桥南丰城,15,650,0.023077,current
尚嘉中心,长泰广场,9,390,0.023077,current
新天地广场,长泰广场,8,347,0.023055,current
万达茂,第一百货,10,434,0.023041,current
芮欧百货,长风大悦城,7,304,0.023026,current
芮欧百货,虹口凯德龙之梦,11,478,0.023013,current
BFC外滩金融中心,世博天地,8,348,0.022989,current
港汇恒隆广场,长泰广场,14,609,0.022989,current
芮欧百货,金虹桥,8,348,0.022989,current
BFC外滩金融中心,虹桥新天地,10,436,0.022936,current
新世界城,晶耀前滩,12,524,0.022901,current
真如环宇城,静安嘉里中心,13,569,0.022847,current
芮欧百货,长泰广场,9,394,0.022843,current
ONE ITC,美罗城,7,308,0.022727,current
正大乐城,香港广场,4,176,0.022727,current
百联金山,芮欧百货,7,308,0.022727,current
世博源,兴业太古汇,12,529,0.022684,current
兴业太古汇,西岸梦中心,9,397,0.02267,current
上海环球港,正大乐城,13,575,0.022609,current
BFC外滩金融中心,世博源,11,487,0.022587,current
瑞虹天地月亮湾,长泰广场,9,400,0.0225,current
兴业太古汇,晶耀前滩,9,402,0.022388,current
兴业太古汇,虹口凯德龙之梦,13,581,0.022375,current
ONE ITC,绿地缤纷城,7,313,0.022364,current
正大广场,港汇恒隆广场,13,582,0.022337,current
上海久光百货,新天地广场,11,496,0.022177,current
ONE ITC,上海久光百货,11,498,0.022088,current
五角场万达广场,西岸梦中心,11,498,0.022088,current
上海久光百货,正大广场,14,634,0.022082,current
K11购物艺术中心,世博源,9,408,0.022059,current
上海久光百货,凯德晶萃广场,14,636,0.022013,current
港汇恒隆广场,虹桥新天地,13,591,0.021997,current
光启城,芮欧百货,7,319,0.021944,current
控江旭辉MALL,芮欧百货,5,228,0.02193,current
尚嘉中心,陆家嘴中心L+MALL,8,368,0.021739,current
白玉兰广场,香港广场,5,230,0.021739,current
五角场合生汇,芮欧百货,12,554,0.021661,current
北外滩来福士,第一百货,10,462,0.021645,current
上海久光百货,世博天地,12,555,0.021622,current
上海久光百货,世博源,15,694,0.021614,current
瑞虹天地月亮湾,金山万达广场,10,463,0.021598,current
第一百货,虹桥南丰城,10,463,0.021598,current
中信泰富广场,崇明万达广场,6,278,0.021583,current
上海荟聚中心,瑞虹天地月亮湾,11,510,0.021569,current
晶耀前滩,静安嘉里中心,8,371,0.021563,current
第一百货,长宁来福士,11,511,0.021526,current
K11购物艺术中心,白玉兰广场,6,279,0.021505,current
K11购物艺术中心,崇明万达广场,7,326,0.021472,current
浦东嘉里中心,虹口凯德龙之梦,11,513,0.021442,current
上海来福士广场,第一百货,9,420,0.021429,current
五角场合生汇,瑞虹天地月亮湾,12,560,0.021429,current
五角场万达广场,浦东嘉里中心,11,514,0.021401,current
五角场合生汇,国金ifc商场,14,655,0.021374,current
第一八佰伴,陆家嘴中心L+MALL,13,609,0.021346,current
奉贤宝龙城市广场,第一百货,10,469,0.021322,current
BFC外滩金融中心,上海荟聚中心,12,565,0.021239,current
兴业太古汇,凯德晶萃广场,10,472,0.021186,current
ONE ITC,虹桥新天地,7,331,0.021148,current
崇明万达广场,浦东嘉里中心,8,379,0.021108,current
港汇恒隆广场,美罗城,12,569,0.02109,current
世博源,芮欧百货,9,427,0.021077,current
港汇恒隆广场,第一百货,12,571,0.021016,current
ONE ITC,静安大悦城,8,382,0.020942,current
瑞虹天地月亮湾,虹桥新天地,8,382,0.020942,current
第一八佰伴,虹桥南丰城,13,621,0.020934,current
第一八佰伴,长宁来福士,14,669,0.020927,current
新天地广场,长宁来福士,8,385,0.020779,current
K11购物艺术中心,万达茂,7,337,0.020772,current
K11购物艺术中心,前滩太古里,9,434,0.020737,current
ONE ITC,虹口凯德龙之梦,9,434,0.020737,current
K11购物艺术中心,百联金山,6,290,0.02069,current
中信泰富广场,百联金山,5,242,0.020661,current
北外滩来福士,国金ifc商场,10,484,0.020661,current
ONE ITC,虹桥南丰城,7,339,0.020649,current
兴业太古汇,北外滩来福士,10,486,0.020576,current
第一八佰伴,静安嘉里中心,12,585,0.020513,current
尚嘉中心,港汇恒隆广场,10,488,0.020492,current
世博天地,兴业太古汇,8,391,0.02046,current
BFC外滩金融中心,瑞虹天地月亮湾,7,343,0.020408,current
世博天地,瑞虹天地月亮湾,6,294,0.020408,current
尚嘉中心,白玉兰广场,6,294,0.020408,current
兴业太古汇,大融城,12,589,0.020374,current
紫荆广场,陆家嘴中心L+MALL,8,393,0.020356,current
大宁久光中心,控江旭辉MALL,10,493,0.020284,current
陆家嘴中心L+MALL,静安嘉里中心,9,444,0.02027,current
世博源,港汇恒隆广场,13,643,0.020218,current
上海来福士广场,瑞虹天地月亮湾,7,347,0.020173,current
上海久光百货,静安大悦城,14,695,0.020144,current
BFC外滩金融中心,奉贤龙湖天街,10,498,0.02008,current
光启城,第一百货,8,399,0.02005,current
真如环宇城,芮欧百货,10,499,0.02004,current
港汇恒隆广场,虹桥南丰城,12,600,0.02,current
崇明万达广场,瑞虹天地月亮湾,7,351,0.019943,current
新天地广场,白玉兰广场,5,251,0.01992,current
第一百货,陆家嘴中心L+MALL,9,452,0.019912,current
北外滩来福士,西岸梦中心,8,402,0.0199,current
虹桥南丰城,西岸梦中心,8,403,0.019851,current
世贸广场,陆家嘴中心L+MALL,7,353,0.01983,current
五角场万达广场,前滩太古里,13,657,0.019787,current
BFC外滩金融中心,青浦吾悦广场,10,506,0.019763,current
中信泰富广场,光启城,5,253,0.019763,current
第一百货,虹桥新天地,9,456,0.019737,current
前滩太古里,新天地广场,8,406,0.019704,current
ONE ITC,新世界城,9,457,0.019694,current
国金ifc商场,第一百货,9,457,0.019694,current
百联又一城,芮欧百货,8,407,0.019656,current
中信泰富广场,陆家嘴中心L+MALL,6,306,0.019608,current
上海久光百货,崇明万达广场,12,613,0.019576,current
上海环球港,新天地广场,11,562,0.019573,current
瑞虹天地太阳宫,西岸梦中心,11,563,0.019538,current
世博天地,正大乐城,5,256,0.019531,current
正大乐城,瑞虹天地太阳宫,10,512,0.019531,current
ONE ITC,上海环球港,11,564,0.019504,current
K11购物艺术中心,五角场万达广场,9,462,0.019481,current
上海久光百货,金虹桥,12,617,0.019449,current
中信泰富广场,尚嘉中心,4,206,0.019417,current
虹口凯德龙之梦,香港广场,8,412,0.019417,current
晶耀前滩,港汇恒隆广场,10,516,0.01938,current
万达茂,瑞虹天地月亮湾,7,362,0.019337,current
K11购物艺术中心,大融城,9,468,0.019231,current
新天地广场,绿地缤纷城,6,312,0.019231,current
前滩太古里,新世界城,13,679,0.019146,current
世贸广场,瑞虹天地月亮湾,5,263,0.019011,current
正大乐城,西岸梦中心,5,263,0.019011,current
光启城,尚嘉中心,6,316,0.018987,current
第一百货,长泰广场,9,475,0.018947,current
凯德晶萃广场,芮欧百货,7,370,0.018919,current
BFC外滩金融中心,世贸广场,6,318,0.018868,current
中信泰富广场,虹桥南丰城,6,318,0.018868,current
K11购物艺术中心,奉贤宝龙城市广场,7,372,0.018817,current
K11购物艺术中心,青浦吾悦广场,8,427,0.018735,current
正大广场,瑞虹天地月亮湾,7,374,0.018717,current
港汇恒隆广场,虹口凯德龙之梦,13,696,0.018678,current
尚嘉中心,长宁来福士,8,429,0.018648,current
新世界城,浦东嘉里中心,10,537,0.018622,current
兴业太古汇,尚嘉中心,7,376,0.018617,current
大宁久光中心,尚嘉中心,10,538,0.018587,current
第一八佰伴,美罗城,11,592,0.018581,current
西岸梦中心,长风大悦城,6,324,0.018519,current
上海久光百货,尚嘉中心,10,541,0.018484,current
兴业太古汇,奉贤龙湖天街,10,541,0.018484,current
瑞虹天地月亮湾,陆家嘴中心L+MALL,7,379,0.01847,current
五角场合生汇,香港广场,9,488,0.018443,current
第一百货,美罗城,8,434,0.018433,current
晶耀前滩,第一百货,7,380,0.018421,current
上海环球港,中信泰富广场,10,543,0.018416,current
世博源,新天地广场,7,381,0.018373,current
尚嘉中心,虹桥南丰城,7,381,0.018373,current
新世界城,陆家嘴中心L+MALL,11,599,0.018364,current
前滩太古里,正大广场,10,545,0.018349,current
奉贤龙湖天街,港汇恒隆广场,12,654,0.018349,current
光启城,新天地广场,5,273,0.018315,current
凯德晶萃广场,前滩太古里,10,547,0.018282,current
前滩太古里,虹口凯德龙之梦,12,657,0.018265,current
大宁久光中心,瑞虹天地月亮湾,10,548,0.018248,current
兴业太古汇,奉贤宝龙城市广场,9,494,0.018219,current
K11购物艺术中心,金山万达广场,8,440,0.018182,current
上海来福士广场,中信泰富广场,5,275,0.018182,current
浦东嘉里中心,西岸梦中心,6,330,0.018182,current
K11购物艺术中心,第一八佰伴,9,496,0.018145,current
国金ifc商场,长泰广场,9,497,0.018109,current
上海环球港,芮欧百货,11,610,0.018033,current
兴业太古汇,新天地广场,6,333,0.018018,current
第一八佰伴,静安大悦城,12,666,0.018018,current
北外滩来福士,瑞虹天地月亮湾,7,390,0.017949,current
奉贤宝龙城市广场,芮欧百货,7,391,0.017903,current
前滩太古里,奉贤龙湖天街,11,615,0.017886,current
上海久光百货,金山万达广场,13,727,0.017882,current
正大广场,第一百货,8,448,0.017857,current
世博天地,港汇恒隆广场,9,505,0.017822,current
兴业太古汇,金山万达广场,10,562,0.017794,current
上海荟聚中心,芮欧百货,9,506,0.017787,current
浦东嘉里中心,绿地缤纷城,7,394,0.017766,current
BFC外滩金融中心,新世界城,10,564,0.01773,current
尚嘉中心,新天地广场,4,226,0.017699,current
国金ifc商场,百联又一城,9,509,0.017682,current
兴业太古汇,金虹桥,8,453,0.01766,current
奉贤宝龙城市广场,瑞虹天地月亮湾,7,397,0.017632,current
尚嘉中心,第一八佰伴,9,511,0.017613,current
中信泰富广场,百联又一城,6,341,0.017595,current
港汇恒隆广场,西岸梦中心,9,512,0.017578,current
国金ifc商场,美罗城,8,456,0.017544,current
上海环球港,西岸梦中心,11,629,0.017488,current
前滩太古里,长泰广场,10,573,0.017452,current
上海久光百货,长风大悦城,10,574,0.017422,current
新世界城,金虹桥,10,576,0.017361,current
万达茂,香港广场,5,289,0.017301,current
世博源,浦东嘉里中心,8,463,0.017279,current
兴业太古汇,绿地缤纷城,8,463,0.017279,current
万达茂,中信泰富广场,5,290,0.017241,current
中信泰富广场,第一百货,5,290,0.017241,current
K11购物艺术中心,正大广场,6,350,0.017143,current
世贸广场,浦东嘉里中心,5,292,0.017123,current
港汇恒隆广场,百联金山,9,526,0.01711,current
第一百货,青浦吾悦广场,9,526,0.01711,current
五角场万达广场,兴业太古汇,10,585,0.017094,current
长泰广场,静安嘉里中心,8,468,0.017094,current
世博天地,第一八佰伴,9,527,0.017078,current
ONE ITC,第一八佰伴,8,470,0.017021,current
控江旭辉MALL,瑞虹天地月亮湾,4,235,0.017021,current
新世界城,正大乐城,8,471,0.016985,current
新天地广场,瑞虹天地月亮湾,4,236,0.016949,current
前滩太古里,美罗城,9,532,0.016917,current
上海来福士广场,静安嘉里中心,7,414,0.016908,current
中信泰富广场,虹口凯德龙之梦,7,414,0.016908,current
瑞虹天地月亮湾,百联又一城,7,414,0.016908,current
光启城,浦东嘉里中心,6,355,0.016901,current
中信泰富广场,五角场万达广场,7,415,0.016867,current
西岸梦中心,长泰广场,7,415,0.016867,current
中信泰富广场,正大乐城,3,178,0.016854,current
尚嘉中心,晶耀前滩,5,297,0.016835,current
万达茂,芮欧百货,6,357,0.016807,current
上海久光百货,青浦吾悦广场,12,715,0.016783,current
BFC外滩金融中心,第一百货,7,418,0.016746,current
BFC外滩金融中心,紫荆广场,6,359,0.016713,current
大融城,香港广场,7,420,0.016667,current
绿地缤纷城,芮欧百货,6,360,0.016667,current
新天地广场,百联又一城,6,361,0.01662,current
五角场万达广场,芮欧百货,8,482,0.016598,current
前滩太古里,长风大悦城,8,483,0.016563,current
K11购物艺术中心,光启城,5,302,0.016556,current
尚嘉中心,长风大悦城,5,302,0.016556,current
新天地广场,静安嘉里中心,5,302,0.016556,current
世博源,前滩太古里,10,606,0.016502,current
崇明万达广场,西岸梦中心,6,365,0.016438,current
国金ifc商场,虹桥南丰城,8,487,0.016427,current
中信泰富广场,五角场合生汇,8,490,0.016327,current
中信泰富广场,浦东嘉里中心,4,245,0.016327,current
BFC外滩金融中心,正大广场,7,430,0.016279,current
尚嘉中心,浦东嘉里中心,5,308,0.016234,current
控江旭辉MALL,第一百货,5,309,0.016181,current
中信泰富广场,虹桥新天地,5,311,0.016077,current
控江旭辉MALL,瑞虹天地太阳宫,8,498,0.016064,current
ONE ITC,第一百货,5,312,0.016026,current
ONE ITC,五角场万达广场,7,437,0.016018,current
前滩太古里,虹桥南丰城,9,563,0.015986,current
崇明万达广场,港汇恒隆广场,9,563,0.015986,current
上海久光百货,绿地缤纷城,10,629,0.015898,current
正大广场,静安嘉里中心,7,441,0.015873,current
芮欧百货,虹桥新天地,6,378,0.015873,current
上海久光百货,大融城,12,757,0.015852,current
BFC外滩金融中心,兴业太古汇,7,442,0.015837,current
北外滩来福士,香港广场,5,317,0.015773,current
北外滩来福士,尚嘉中心,6,381,0.015748,current
上海恒隆广场,第一八佰伴,8,509,0.015717,current
K11购物艺术中心,香港广场,3,191,0.015707,current
世贸广场,中信泰富广场,3,191,0.015707,current
K11购物艺术中心,尚嘉中心,4,255,0.015686,current
北外滩来福士,芮欧百货,6,385,0.015584,current
控江旭辉MALL,正大广场,5,321,0.015576,current
ONE ITC,正大广场,5,324,0.015432,current
中信泰富广场,奉贤宝龙城市广场,5,325,0.015385,current
北外滩来福士,静安嘉里中心,7,457,0.015317,current
港汇恒隆广场,长风大悦城,8,523,0.015296,current
虹桥南丰城,静安嘉里中心,7,458,0.015284,current
西岸梦中心,陆家嘴中心L+MALL,6,393,0.015267,current
新世界城,白玉兰广场,8,526,0.015209,current
新天地广场,百联金山,4,263,0.015209,current
百联金山,西岸梦中心,5,329,0.015198,current
中信泰富广场,长泰广场,5,330,0.015152,current
K11购物艺术中心,静安嘉里中心,5,331,0.015106,current
ONE ITC,百联金山,4,265,0.015094,current
国金ifc商场,西岸梦中心,6,398,0.015075,current
ONE ITC,正大乐城,3,200,0.015,current
前滩太古里,第一百货,8,535,0.014953,current
ONE ITC,青浦吾悦广场,6,402,0.014925,current
国金ifc商场,真如环宇城,9,603,0.014925,current
第一八佰伴,紫荆广场,8,537,0.014898,current
上海久光百货,上海恒隆广场,8,540,0.014815,current
世贸广场,第一百货,5,338,0.014793,current
上海荟聚中心,国金ifc商场,9,609,0.014778,current
奉贤龙湖天街,浦东嘉里中心,7,474,0.014768,current
BFC外滩金融中心,香港广场,4,271,0.01476,current
上海恒隆广场,芮欧百货,4,271,0.01476,current
国金ifc商场,陆家嘴中心L+MALL,7,476,0.014706,current
中信泰富广场,大宁久光中心,7,477,0.014675,current
前滩太古里,白玉兰广场,7,477,0.014675,current
百联又一城,香港广场,5,341,0.014663,current
前滩太古里,晶耀前滩,7,479,0.014614,current
奉贤宝龙城市广场,西岸梦中心,6,411,0.014599,current
尚嘉中心,芮欧百货,4,274,0.014599,current
中信泰富广场,瑞虹天地太阳宫,7,480,0.014583,current
上海恒隆广场,静安嘉里中心,5,343,0.014577,current
上海来福士广场,香港广场,4,275,0.014545,current
新天地广场,金山万达广场,6,413,0.014528,current
兴业太古汇,百联金山,6,414,0.014493,current
奉贤宝龙城市广场,新天地广场,5,345,0.014493,current
浦东嘉里中心,百联金山,5,345,0.014493,current
五角场万达广场,香港广场,6,415,0.014458,current
前滩太古里,百联金山,7,488,0.014344,current
崇明万达广场,香港广场,4,279,0.014337,current
K11购物艺术中心,紫荆广场,4,280,0.014286,current
光启城,第一八佰伴,8,560,0.014286,current
芮欧百货,香港广场,3,210,0.014286,current
上海恒隆广场,第一百货,5,351,0.014245,current
K11购物艺术中心,控江旭辉MALL,3,211,0.014218,current
中信泰富广场,芮欧百货,3,211,0.014218,current
光启城,兴业太古汇,6,425,0.014118,current
ONE ITC,世贸广场,3,213,0.014085,current
中信泰富广场,金虹桥,4,284,0.014085,current
尚嘉中心,真如环宇城,7,498,0.014056,current
美罗城,静安嘉里中心,6,428,0.014019,current
中信泰富广场,香港广场,2,143,0.013986,current
虹口凯德龙之梦,西岸梦中心,7,501,0.013972,current
静安嘉里中心,静安大悦城,7,502,0.013944,current
五角场合生汇,西岸梦中心,8,577,0.013865,current
BFC外滩金融中心,第一八佰伴,8,578,0.013841,current
真如环宇城,香港广场,6,434,0.013825,current
上海来福士广场,西岸梦中心,5,362,0.013812,current
静安大悦城,香港广场,5,362,0.013812,current
世博源,中信泰富广场,5,363,0.013774,current
瑞虹天地月亮湾,第一百货,5,364,0.013736,current
中信泰富广场,新世界城,6,438,0.013699,current
奉贤龙湖天街,静安嘉里中心,7,512,0.013672,current
绿地缤纷城,香港广场,4,293,0.013652,current
奉贤龙湖天街,芮欧百货,6,440,0.013636,current
凯德晶萃广场,尚嘉中心,5,368,0.013587,current
大融城,新天地广场,6,442,0.013575,current
港汇恒隆广场,青浦吾悦广场,9,665,0.013534,current
凯德晶萃广场,静安嘉里中心,6,444,0.013514,current
奉贤龙湖天街,香港广场,5,372,0.013441,current
白玉兰广场,静安嘉里中心,5,372,0.013441,current
BFC外滩金融中心,浦东嘉里中心,5,374,0.013369,current
第一八佰伴,绿地缤纷城,8,600,0.013333,current
美罗城,西岸梦中心,5,375,0.013333,current
兴业太古汇,崇明万达广场,6,451,0.013304,current
万达茂,西岸梦中心,5,377,0.013263,current
国金ifc商场,金虹桥,6,453,0.013245,current
K11购物艺术中心,正大乐城,3,227,0.013216,current
瑞虹天地月亮湾,西岸梦中心,4,303,0.013201,current
长风大悦城,静安嘉里中心,5,379,0.013193,current
白玉兰广场,第一百货,5,380,0.013158,current
青浦吾悦广场,香港广场,5,380,0.013158,current
兴业太古汇,新世界城,8,609,0.013136,current
奉贤龙湖天街,西岸梦中心,6,459,0.013072,current
陆家嘴中心L+MALL,香港广场,4,307,0.013029,current
万达茂,兴业太古汇,6,462,0.012987,current
紫荆广场,香港广场,3,231,0.012987,current
正大乐城,港汇恒隆广场,6,463,0.012959,current
晶耀前滩,第一八佰伴,7,541,0.012939,current
尚嘉中心,瑞虹天地太阳宫,7,544,0.012868,current
虹桥新天地,香港广场,4,311,0.012862,current
中信泰富广场,前滩太古里,5,389,0.012853,current
凯德晶萃广场,西岸梦中心,5,391,0.012788,current
大融城,港汇恒隆广场,9,707,0.01273,current
奉贤龙湖天街,新天地广场,5,393,0.012723,current
中信泰富广场,金山万达广场,5,394,0.01269,current
兴业太古汇,正大广场,6,474,0.012658,current
五角场合生汇,尚嘉中心,7,555,0.012613,current
虹桥新天地,西岸梦中心,5,398,0.012563,current
长风大悦城,香港广场,3,239,0.012552,current
晶耀前滩,西岸梦中心,4,321,0.012461,current
百联又一城,静安嘉里中心,6,482,0.012448,current
尚嘉中心,正大乐城,3,242,0.012397,current
新天地广场,正大广场,4,323,0.012384,current
国金ifc商场,晶耀前滩,5,404,0.012376,current
世贸广场,新世界城,6,486,0.012346,current
百联金山,香港广场,3,243,0.012346,current
奉贤宝龙城市广场,香港广场,4,325,0.012308,current
港汇恒隆广场,金虹桥,7,569,0.012302,current
正大乐城,第一百货,4,326,0.01227,current
ONE ITC,世博天地,3,245,0.012245,current
大融城,芮欧百货,6,490,0.012245,current
浦东嘉里中心,金山万达广场,6,496,0.012097,current
世贸广场,第一八佰伴,6,498,0.012048,current
控江旭辉MALL,西岸梦中心,3,249,0.012048,current
上海恒隆广场,新世界城,6,499,0.012024,current
ONE ITC,金山万达广场,5,416,0.012019,current
BFC外滩金融中心,上海恒隆广场,4,333,0.012012,current
光启城,前滩太古里,6,500,0.012,current
兴业太古汇,控江旭辉MALL,4,334,0.011976,current
前滩太古里,大融城,8,668,0.011976,current
国金ifc商场,虹口凯德龙之梦,7,585,0.011966,current
尚嘉中心,新世界城,6,502,0.011952,current
浦东嘉里中心,白玉兰广场,4,335,0.01194,current
上海荟聚中心,尚嘉中心,6,505,0.011881,current
中信泰富广场,大融城,5,423,0.01182,current
港汇恒隆广场,金山万达广场,8,679,0.011782,current
上海来福士广场,尚嘉中心,4,340,0.011765,current
世贸广场,尚嘉中心,3,255,0.011765,current
尚嘉中心,静安大悦城,5,427,0.01171,current
世贸广场,芮欧百货,3,259,0.011583,current
新天地广场,长风大悦城,3,260,0.011538,current
上海恒隆广场,上海环球港,7,607,0.011532,current
尚嘉中心,静安嘉里中心,4,347,0.011527,current
ONE ITC,奉贤宝龙城市广场,4,348,0.011494,current
兴业太古汇,正大乐城,4,350,0.011429,current
大融城,浦东嘉里中心,6,525,0.011429,current
新世界城,西岸梦中心,6,525,0.011429,current
前滩太古里,崇明万达广场,6,526,0.011407,current
上海久光百货,世贸广场,6,529,0.011342,current
尚嘉中心,美罗城,4,353,0.011331,current
上海荟聚中心,中信泰富广场,5,442,0.011312,current
尚嘉中心,绿地缤纷城,4,358,0.011173,current
BFC外滩金融中心,西岸梦中心,4,359,0.011142,current
芮欧百货,青浦吾悦广场,5,449,0.011136,current
万达茂,上海久光百货,7,629,0.011129,current
世博源,西岸梦中心,5,450,0.011111,current
白玉兰广场,第一八佰伴,6,540,0.011111,current
K11购物艺术中心,国金ifc商场,4,362,0.01105,current
世博源,香港广场,4,363,0.011019,current
前滩太古里,金山万达广场,7,640,0.010937,current
控江旭辉MALL,新天地广场,2,183,0.010929,current
控江旭辉MALL,新世界城,5,458,0.010917,current
兴业太古汇,青浦吾悦广场,6,553,0.01085,current
ONE ITC,控江旭辉MALL,2,185,0.010811,current
上海久光百货,瑞虹天地月亮湾,6,555,0.010811,current
正大广场,芮欧百货,4,371,0.010782,current
BFC外滩金融中心,港汇恒隆广场,6,558,0.010753,current
正大乐城,浦东嘉里中心,3,281,0.010676,current
世博天地,前滩太古里,5,469,0.010661,current
上海久光百货,奉贤宝龙城市广场,7,664,0.010542,current
凯德晶萃广场,国金ifc商场,5,475,0.010526,current
上海久光百货,白玉兰广场,6,571,0.010508,current
绿地缤纷城,西岸梦中心,4,381,0.010499,current
世贸广场,港汇恒隆广场,5,477,0.010482,current
尚嘉中心,虹口凯德龙之梦,5,480,0.010417,current
万达茂,港汇恒隆广场,6,577,0.010399,current
美罗城,香港广场,3,289,0.010381,current
国金ifc商场,虹桥新天地,5,482,0.010373,current
浦东嘉里中心,青浦吾悦广场,5,484,0.010331,current
上海久光百货,百联金山,6,582,0.010309,current
世博天地,芮欧百货,3,291,0.010309,current
第一百货,香港广场,3,291,0.010309,current
正大乐城,第一八佰伴,5,486,0.010288,current
K11购物艺术中心,新世界城,5,488,0.010246,current
BFC外滩金融中心,新天地广场,3,293,0.010239,current
BFC外滩金融中心,ONE ITC,3,295,0.010169,current
芮欧百货,西岸梦中心,3,298,0.010067,current
崇明万达广场,新天地广场,3,301,0.009967,current
世博源,静安嘉里中心,5,504,0.009921,current
正大广场,香港广场,3,303,0.009901,current
中信泰富广场,正大广场,3,304,0.009868,current
上海环球港,尚嘉中心,6,611,0.00982,current
大融城,西岸梦中心,5,510,0.009804,current
奉贤宝龙城市广场,港汇恒隆广场,6,612,0.009804,current
上海恒隆广场,浦东嘉里中心,3,307,0.009772,current
尚嘉中心,百联金山,3,308,0.00974,current
BFC外滩金融中心,静安嘉里中心,4,413,0.009685,current
国金ifc商场,百联金山,4,414,0.009662,current
中信泰富广场,国金ifc商场,3,314,0.009554,current
前滩太古里,青浦吾悦广场,6,628,0.009554,current
兴业太古汇,香港广场,3,315,0.009524,current
前滩太古里,正大乐城,4,425,0.009412,current
紫荆广场,西岸梦中心,3,319,0.009404,current
国金ifc商场,静安大悦城,5,534,0.009363,current
世博源,尚嘉中心,4,428,0.009346,current
奉贤宝龙城市广场,浦东嘉里中心,4,429,0.009324,current
第一八佰伴,西岸梦中心,5,538,0.009294,current
上海恒隆广场,大宁久光中心,5,540,0.009259,current
第一百货,金虹桥,4,433,0.009238,current
瑞虹天地月亮湾,香港广场,2,217,0.009217,current
凯德晶萃广场,新天地广场,3,326,0.009202,current
中信泰富广场,真如环宇城,4,437,0.009153,current
五角场万达广场,新天地广场,4,438,0.009132,current
长泰广场,香港广场,3,331,0.009063,current
世贸广场,静安嘉里中心,3,332,0.009036,current
BFC外滩金融中心,国金ifc商场,4,443,0.009029,current
虹口凯德龙之梦,静安嘉里中心,5,557,0.008977,current
浦东嘉里中心,紫荆广场,3,335,0.008955,current
世博天地,中信泰富广场,2,224,0.008929,current
中信泰富广场,第一八佰伴,4,452,0.00885,current
大宁久光中心,西岸梦中心,5,566,0.008834,current
尚嘉中心,控江旭辉MALL,2,227,0.008811,current
K11购物艺术中心,第一百货,3,341,0.008798,current
上海久光百货,西岸梦中心,5,569,0.008787,current
光启城,西岸梦中心,3,342,0.008772,current
瑞虹天地月亮湾,青浦吾悦广场,4,456,0.008772,current
上海久光百货,紫荆广场,5,571,0.008757,current
前滩太古里,奉贤宝龙城市广场,5,573,0.008726,current
尚嘉中心,崇明万达广场,3,345,0.008696,current
中信泰富广场,西岸梦中心,2,231,0.008658,current
芮欧百货,金山万达广场,4,463,0.008639,current
国金ifc商场,绿地缤纷城,4,465,0.008602,current
尚嘉中心,金虹桥,3,349,0.008596,current
芮欧百货,静安嘉里中心,3,352,0.008523,current
第一八佰伴,金虹桥,5,593,0.008432,current
尚嘉中心,第一百货,3,356,0.008427,current
大宁久光中心,香港广场,4,479,0.008351,current
五角场万达广场,尚嘉中心,4,482,0.008299,current
上海久光百货,中信泰富广场,4,483,0.008282,current
尚嘉中心,正大广场,3,368,0.008152,current
世博天地,第一百货,3,372,0.008065,current
新天地广场,西岸梦中心,2,251,0.007968,current
第一百货,西岸梦中心,3,379,0.007916,current
新天地广场,紫荆广场,2,253,0.007905,current
K11购物艺术中心,上海恒隆广场,2,254,0.007874,current
中信泰富广场,青浦吾悦广场,3,383,0.007833,current
百联金山,静安嘉里中心,3,385,0.007792,current
上海久光百货,正大乐城,4,518,0.007722,current
前滩太古里,香港广场,3,390,0.007692,current
奉贤宝龙城市广场,尚嘉中心,3,391,0.007673,current
青浦吾悦广场,静安嘉里中心,4,523,0.007648,current
万达茂,浦东嘉里中心,3,395,0.007595,current
浦东嘉里中心,第一百货,3,395,0.007595,current
光启城,静安嘉里中心,3,396,0.007576,current
前滩太古里,金虹桥,4,532,0.007519,current
K11购物艺术中心,瑞虹天地月亮湾,2,267,0.007491,current
金山万达广场,静安嘉里中心,4,536,0.007463,current
万达茂,前滩太古里,4,539,0.007421,current
光启城,港汇恒隆广场,4,542,0.00738,current
前滩太古里,控江旭辉MALL,3,410,0.007317,current
上海环球港,香港广场,4,548,0.007299,current
国金ifc商场,长风大悦城,3,411,0.007299,current
上海久光百货,芮欧百货,4,551,0.00726,current
崇明万达广场,静安嘉里中心,3,422,0.007109,current
光启城,国金ifc商场,3,426,0.007042,current
静安嘉里中心,香港广场,2,284,0.007042,current
瑞虹天地月亮湾,芮欧百货,2,286,0.006993,current
世博天地,尚嘉中心,2,288,0.006944,current
第一百货,静安嘉里中心,3,433,0.006928,current
绿地缤纷城,静安嘉里中心,3,436,0.006881,current
港汇恒隆广场,绿地缤纷城,4,582,0.006873,current
世贸广场,前滩太古里,3,439,0.006834,current
新世界城,香港广场,3,440,0.006818,current
五角场万达广场,国金ifc商场,4,589,0.006791,current
上海荟聚中心,香港广场,3,443,0.006772,current
尚嘉中心,紫荆广场,2,297,0.006734,current
紫荆广场,芮欧百货,2,301,0.006645,current
国金ifc商场,崇明万达广场,3,452,0.006637,current
上海恒隆广场,长风大悦城,2,302,0.006623,current
尚嘉中心,金山万达广场,3,460,0.006522,current
新世界城,新天地广场,3,461,0.006508,current
万达茂,国金ifc商场,3,463,0.006479,current
兴业太古汇,第一百货,3,465,0.006452,current
前滩太古里,瑞虹天地月亮湾,3,465,0.006452,current
世博天地,西岸梦中心,2,311,0.006431,current
万达茂,新天地广场,2,313,0.00639,current
新天地广场,第一百货,2,313,0.00639,current
国金ifc商场,香港广场,2,314,0.006369,current
控江旭辉MALL,第一八佰伴,3,472,0.006356,current
浦东嘉里中心,瑞虹天地月亮湾,2,321,0.006231,current
瑞虹天地太阳宫,香港广场,3,483,0.006211,current
西岸梦中心,金山万达广场,3,483,0.006211,current
新天地广场,香港广场,1,164,0.006098,current
国金ifc商场,奉贤宝龙城市广场,3,498,0.006024,current
上海恒隆广场,真如环宇城,3,499,0.006012,current
国金ifc商场,控江旭辉MALL,2,334,0.005988,current
国金ifc商场,新天地广场,2,335,0.00597,current
上海恒隆广场,上海来福士广场,2,339,0.0059,current
新世界城,芮欧百货,3,509,0.005894,current
新世界城,瑞虹天地月亮湾,3,515,0.005825,current
第一八佰伴,芮欧百货,3,521,0.005758,current
国金ifc商场,正大乐城,2,350,0.005714,current
万达茂,尚嘉中心,2,357,0.005602,current
世博源,国金ifc商场,3,536,0.005597,current
前滩太古里,绿地缤纷城,3,543,0.005525,current
上海恒隆广场,瑞虹天地太阳宫,3,545,0.005505,current
国金ifc商场,奉贤龙湖天街,3,546,0.005495,current
上海恒隆广场,正大广场,2,366,0.005464,current
上海恒隆广场,凯德晶萃广场,2,368,0.005435,current
国金ifc商场,青浦吾悦广场,3,554,0.005415,current
上海恒隆广场,陆家嘴中心L+MALL,2,371,0.005391,current
西岸梦中心,金虹桥,2,373,0.005362,current
五角场万达广场,静安嘉里中心,3,560,0.005357,current
中信泰富广场,奉贤龙湖天街,2,376,0.005319,current
尚嘉中心,虹桥新天地,2,378,0.005291,current
世贸广场,香港广场,1,192,0.005208,current
新世界城,静安嘉里中心,3,582,0.005155,current
上海恒隆广场,长泰广场,2,394,0.005076,current
世博天地,国金ifc商场,2,395,0.005063,current
金山万达广场,香港广场,2,396,0.005051,current
上海久光百货,光启城,3,596,0.005034,current
国金ifc商场,白玉兰广场,2,405,0.004938,current
兴业太古汇,紫荆广场,2,406,0.004926,current
BFC外滩金融中心,上海久光百货,3,614,0.004886,current
上海恒隆广场,香港广场,1,205,0.004878,current
世贸广场,新天地广场,1,213,0.004695,current
金虹桥,静安嘉里中心,2,427,0.004684,current
K11购物艺术中心,新天地广场,1,214,0.004673,current
港汇恒隆广场,香港广场,2,431,0.00464,current
上海恒隆广场,长宁来福士,2,432,0.00463,current
中信泰富广场,港汇恒隆广场,2,432,0.00463,current
奉贤龙湖天街,尚嘉中心,2,440,0.004545,current
尚嘉中心,青浦吾悦广场,2,448,0.004464,current
控江旭辉MALL,港汇恒隆广场,2,451,0.004435,current
新天地广场,港汇恒隆广场,2,452,0.004425,current
第一八佰伴,香港广场,2,453,0.004415,current
西岸梦中心,香港广场,1,231,0.004329,current
西岸梦中心,青浦吾悦广场,2,471,0.004246,current
上海恒隆广场,虹口凯德龙之梦,2,480,0.004167,current
前滩太古里,紫荆广场,2,481,0.004158,current
ONE ITC,瑞虹天地月亮湾,1,241,0.004149,current
大融城,尚嘉中心,2,490,0.004082,current
ONE ITC,紫荆广场,1,256,0.003906,current
港汇恒隆广场,白玉兰广场,2,522,0.003831,current
瑞虹天地月亮湾,第一八佰伴,2,528,0.003788,current
控江旭辉MALL,浦东嘉里中心,1,267,0.003745,current
K11购物艺术中心,西岸梦中心,1,281,0.003559,current
尚嘉中心,瑞虹天地月亮湾,1,283,0.003534,current
中信泰富广场,静安嘉里中心,1,286,0.003497,current
上海恒隆广场,西岸梦中心,1,293,0.003413,current
上海恒隆广场,白玉兰广场,1,296,0.003378,current
尚嘉中心,西岸梦中心,1,296,0.003378,current
上海恒隆广场,晶耀前滩,1,298,0.003356,current
国金ifc商场,大融城,2,597,0.00335,current
控江旭辉MALL,静安嘉里中心,1,305,0.003279,current
中信泰富广场,兴业太古汇,1,318,0.003145,current
正大乐城,静安嘉里中心,1,321,0.003115,current
上海恒隆广场,绿地缤纷城,1,358,0.002793,current
第一百货,芮欧百货,1,362,0.002762,current
世贸广场,国金ifc商场,1,364,0.002747,current
世博天地,静安嘉里中心,1,366,0.002732,current
世贸广场,兴业太古汇,1,366,0.002732,current
上海恒隆广场,北外滩来福士,1,383,0.002611,current
上海恒隆广场,虹桥南丰城,1,384,0.002604,current
新天地广场,青浦吾悦广场,1,405,0.002469,current
上海恒隆广场,百联又一城,1,407,0.002457,current
上海恒隆广场,世博源,1,428,0.002336,current
上海恒隆广场,静安大悦城,1,428,0.002336,current
万达茂,静安嘉里中心,1,435,0.002299,current
奉贤宝龙城市广场,静安嘉里中心,1,470,0.002128,current
新天地广场,第一八佰伴,1,475,0.002105,current
国金ifc商场,正大广场,1,477,0.002096,current
上海久光百货,香港广场,1,485,0.002062,current
上海恒隆广场,大融城,1,488,0.002049,current
上海久光百货,控江旭辉MALL,1,505,0.00198,current
上海恒隆广场,上海荟聚中心,1,507,0.001972,current
港汇恒隆广场,瑞虹天地月亮湾,1,507,0.001972,current
港汇恒隆广场,紫荆广场,1,522,0.001916,current
上海恒隆广场,五角场合生汇,1,558,0.001792,current
瑞虹天地太阳宫,瑞虹天地月亮湾,1,560,0.001786,current
大融城,静安嘉里中心,1,568,0.001761,current
国金ifc商场,金山万达广场,1,569,0.001757,current
ONE ITC,西岸梦中心,0,255,0.0,current
万达茂,上海恒隆广场,0,356,0.0,current
上海恒隆广场,世博天地,0,287,0.0,current
上海恒隆广场,世贸广场,0,255,0.0,current
上海恒隆广场,中信泰富广场,0,207,0.0,current
上海恒隆广场,五角场万达广场,0,483,0.0,current
上海恒隆广场,光启城,0,319,0.0,current
上海恒隆广场,奉贤宝龙城市广场,0,391,0.0,current
上海恒隆广场,奉贤龙湖天街,0,439,0.0,current
上海恒隆广场,崇明万达广场,0,345,0.0,current
上海恒隆广场,控江旭辉MALL,0,226,0.0,current
上海恒隆广场,新天地广场,0,227,0.0,current
上海恒隆广场,正大乐城,0,242,0.0,current
上海恒隆广场,瑞虹天地月亮湾,0,281,0.0,current
上海恒隆广场,百联金山,0,308,0.0,current
上海恒隆广场,紫荆广场,0,296,0.0,current
上海恒隆广场,美罗城,0,354,0.0,current
上海恒隆广场,虹桥新天地,0,377,0.0,current
上海恒隆广场,金山万达广场,0,460,0.0,current
上海恒隆广场,金虹桥,0,349,0.0,current
上海恒隆广场,青浦吾悦广场,0,447,0.0,current
世博天地,香港广场,0,225,0.0,current
世贸广场,西岸梦中心,0,281,0.0,current
兴业太古汇,瑞虹天地月亮湾,0,393,0.0,current
国金ifc商场,瑞虹天地月亮湾,0,391,0.0,current
国金ifc商场,紫荆广场,0,406,0.0,current
新天地广场,正大乐城,0,201,0.0,current
浦东嘉里中心,香港广场,0,248,0.0,current
瑞虹天地月亮湾,静安嘉里中心,0,361,0.0,current
紫荆广场,静安嘉里中心,0,376,0.0,current
