mall_id,mall_name,source_record_count,excluded_record_count,eligible_before_dedup,duplicates_removed,final_store_instance_count,unique_brand_count,shared_store_count,shared_store_ratio,known_chain_store_count,known_chain_rate,mapped_category_count,category_mapping_rate,unmapped_source_record_count,source_category_mapping_rate,missing_floor_count,missing_rating_count,category_entropy,normalized_category_entropy,category_hhi,result_status
MALL-38955ECCD5,BFC外滩金融中心,226,21,205,0,205,203,82,0.4,8,0.039024,205,1.0,19,0.915929,3,25,1.468599,0.706247,0.282189,current
MALL-60D9F9902D,K11购物艺术中心,130,8,122,0,122,122,59,0.483607,3,0.02459,122,1.0,7,0.946154,0,20,1.337182,0.643048,0.322494,current
MALL-3B7495644C,ONE ITC,98,3,95,0,95,95,74,0.778947,2,0.021053,95,1.0,3,0.969388,0,6,1.190704,0.572608,0.370859,current
MALL-BE7EFB7264,万达茂,243,19,224,1,223,222,138,0.618834,9,0.040359,223,1.0,19,0.921811,13,32,1.563409,0.751841,0.270245,current
MALL-1C07E1E0D7,上海久光百货,420,4,416,0,416,414,252,0.605769,0,0.0,416,1.0,4,0.990476,0,38,0.732554,0.352284,0.620239,current
MALL-F19DF9DD4E,上海恒隆广场,146,6,140,2,138,134,89,0.644928,0,0.0,138,1.0,6,0.958904,0,20,0.73187,0.351955,0.618883,current
MALL-6F9F040B67,上海来福士广场,214,6,208,0,208,207,148,0.711538,9,0.043269,208,1.0,6,0.971963,0,27,1.202033,0.578055,0.383182,current
MALL-2B22607E4F,上海环球港,518,33,485,1,484,480,286,0.590909,8,0.016529,484,1.0,27,0.947876,1,70,1.330718,0.63994,0.352111,current
MALL-1D590ACB88,上海荟聚中心,384,10,374,0,374,374,258,0.68984,6,0.016043,374,1.0,10,0.973958,0,47,1.258933,0.605419,0.372115,current
MALL-165A8439FF,世博天地,159,5,154,1,153,153,101,0.660131,2,0.013072,153,1.0,5,0.968553,0,9,1.138635,0.547568,0.408518,current
MALL-23CCD768D7,世博源,321,26,295,0,295,295,166,0.562712,8,0.027119,295,1.0,25,0.922118,196,34,1.673237,0.804657,0.242953,current
MALL-307C620397,世贸广场,141,20,121,0,121,121,56,0.46281,3,0.024793,121,1.0,13,0.907801,6,17,1.199387,0.576783,0.337887,current
MALL-72BD897DB4,中信泰富广场,80,6,74,1,73,73,29,0.39726,3,0.041096,73,1.0,6,0.925,0,5,1.536788,0.739039,0.264402,current
MALL-212B78EF1B,五角场万达广场,363,11,352,0,352,349,203,0.576705,10,0.028409,352,1.0,11,0.969697,10,51,1.465918,0.704958,0.301943,current
MALL-D51FF78780,五角场合生汇,449,20,429,0,429,425,303,0.706294,11,0.025641,429,1.0,17,0.962138,0,57,1.23057,0.591779,0.377226,current
MALL-FF967D5D93,光启城,198,12,186,0,186,185,100,0.537634,10,0.053763,186,1.0,12,0.939394,0,32,1.483319,0.713326,0.337091,current
MALL-76B0414A0B,兴业太古汇,262,15,247,0,247,246,146,0.591093,1,0.004049,247,1.0,14,0.946565,1,21,1.067521,0.513369,0.43369,current
MALL-8C2D966F67,凯德晶萃广场,238,2,236,0,236,236,172,0.728814,9,0.038136,236,1.0,2,0.991597,0,27,1.554831,0.747716,0.269104,current
MALL-FCB5A018B4,前滩太古里,324,3,321,0,321,321,198,0.616822,3,0.009346,321,1.0,1,0.996914,0,33,0.93992,0.452006,0.477625,current
MALL-6CED5DFE21,北外滩来福士,259,8,251,0,251,250,162,0.645418,7,0.027888,251,1.0,7,0.972973,0,26,1.516225,0.72915,0.274932,current
MALL-02080976D1,国金ifc商场,262,12,250,0,250,244,176,0.704,1,0.004,250,1.0,12,0.954198,0,17,0.874056,0.420332,0.506688,current
MALL-63E5BB6A87,大宁久光中心,421,10,411,0,411,411,271,0.659367,7,0.017032,411,1.0,10,0.976247,1,62,1.229913,0.591463,0.392201,current
MALL-E7226D858D,大融城,369,12,357,0,357,355,219,0.613445,10,0.028011,357,1.0,11,0.97019,0,48,1.655866,0.796303,0.250288,current
MALL-930779D00D,奉贤宝龙城市广场,275,17,258,0,258,257,133,0.515504,10,0.03876,258,1.0,17,0.938182,0,37,1.442502,0.693697,0.307644,current
MALL-7C57E7D2F4,奉贤龙湖天街,321,15,306,0,306,305,229,0.748366,8,0.026144,306,1.0,15,0.953271,0,63,1.271784,0.611599,0.366462,current
MALL-C84581E4B8,尚嘉中心,143,6,137,0,137,137,60,0.437956,1,0.007299,137,1.0,6,0.958042,0,23,1.194965,0.574657,0.378124,current
MALL-E8D11D1F94,崇明万达广场,226,14,212,0,212,211,125,0.589623,11,0.051887,212,1.0,14,0.938053,0,31,1.374198,0.660849,0.337131,current
MALL-8198DB4362,控江旭辉MALL,99,7,92,0,92,92,49,0.532609,6,0.065217,92,1.0,7,0.929293,0,8,1.677368,0.806644,0.249764,current
MALL-E4FA493BB5,新世界城,383,10,373,0,373,371,195,0.522788,6,0.016086,373,1.0,9,0.976501,0,60,0.846045,0.406862,0.588641,current
MALL-C87454D2C5,新天地广场,95,2,93,0,93,93,62,0.666667,0,0.0,93,1.0,2,0.978947,0,9,1.105651,0.531706,0.432998,current
MALL-C0ADA42BC7,晶耀前滩,177,12,165,0,165,165,109,0.660606,5,0.030303,165,1.0,12,0.932203,1,11,1.536012,0.738666,0.286465,current
MALL-4089946A05,正大乐城,115,7,108,0,108,108,56,0.518519,8,0.074074,108,1.0,7,0.93913,0,15,1.753836,0.843417,0.231653,current
MALL-78249E050F,正大广场,252,17,235,1,234,234,123,0.525641,6,0.025641,234,1.0,16,0.936508,0,45,1.366463,0.65713,0.330083,current
MALL-D9B548F99E,浦东嘉里中心,188,12,176,0,176,176,111,0.630682,3,0.017045,176,1.0,12,0.93617,0,17,1.081781,0.520227,0.434272,current
MALL-4E7B7E4621,港汇恒隆广场,371,7,364,0,364,361,256,0.703297,3,0.008242,364,1.0,6,0.983827,4,22,0.792324,0.381027,0.577104,current
MALL-1774B77C7A,瑞虹天地太阳宫,427,13,414,0,414,414,281,0.678744,7,0.016908,414,1.0,13,0.969555,2,50,1.32179,0.635647,0.348725,current
MALL-A474F587E1,瑞虹天地月亮湾,157,9,148,1,147,147,48,0.326531,2,0.013605,147,1.0,8,0.949045,5,21,1.434226,0.689717,0.308992,current
MALL-4771F4EC07,白玉兰广场,181,17,164,0,164,163,79,0.481707,5,0.030488,164,1.0,16,0.911602,0,17,1.316252,0.632983,0.361541,current
MALL-624EE8069A,百联又一城,279,5,274,0,274,274,182,0.664234,8,0.029197,274,1.0,4,0.985663,1,42,1.320827,0.635184,0.386382,current
MALL-95CEA62507,百联金山,182,8,174,0,174,174,118,0.678161,7,0.04023,174,1.0,7,0.961538,0,44,1.16162,0.558621,0.409631,current
MALL-FE6D1C5AE9,真如环宇城,376,7,369,0,369,368,265,0.718157,8,0.02168,369,1.0,6,0.984043,0,35,1.168603,0.561979,0.389267,current
MALL-2064C6B8D7,第一八佰伴,391,4,387,0,387,383,240,0.620155,4,0.010336,387,1.0,4,0.98977,0,60,0.683605,0.328744,0.691926,current
MALL-FE23B05368,第一百货,238,15,223,0,223,222,107,0.479821,6,0.026906,223,1.0,8,0.966387,1,32,1.084142,0.521362,0.458183,current
MALL-64E3F771A8,紫荆广场,175,13,162,0,162,162,98,0.604938,5,0.030864,162,1.0,12,0.931429,0,17,1.422002,0.683838,0.333486,current
MALL-39F8CC674A,绿地缤纷城,239,13,226,1,225,225,112,0.497778,7,0.031111,225,1.0,13,0.945607,8,37,1.632499,0.785066,0.270123,current
MALL-3556D14FA7,美罗城,229,7,222,1,221,220,152,0.687783,8,0.036199,221,1.0,5,0.978166,2,17,1.192644,0.573541,0.375402,current
MALL-AFDF82F696,芮欧百货,144,3,141,0,141,141,66,0.468085,4,0.028369,141,1.0,3,0.979167,0,20,1.14335,0.549835,0.385645,current
MALL-4F5CD19D6F,虹口凯德龙之梦,364,15,349,0,349,348,240,0.687679,7,0.020057,349,1.0,15,0.958791,0,24,1.438805,0.691919,0.311385,current
MALL-760E26815D,虹桥南丰城,257,6,251,0,251,251,152,0.605578,10,0.039841,251,1.0,5,0.980545,13,25,1.649918,0.793443,0.252456,current
MALL-B5FE99C2E1,虹桥新天地,252,9,243,0,243,243,160,0.658436,7,0.028807,243,1.0,9,0.964286,13,23,1.299659,0.625004,0.332419,current
MALL-1D856BF13D,西岸梦中心,166,6,160,0,160,160,60,0.375,4,0.025,160,1.0,5,0.96988,0,14,1.067582,0.513398,0.407813,current
MALL-43531A0632,金山万达广场,357,31,326,0,326,326,169,0.518405,8,0.02454,326,1.0,31,0.913165,0,74,1.572557,0.75624,0.271915,current
MALL-77E88D8CC7,金虹桥,222,7,215,0,215,215,107,0.497674,5,0.023256,215,1.0,7,0.968468,0,24,1.411763,0.678914,0.342737,current
MALL-9466562298,长宁来福士,333,31,302,0,302,300,192,0.635762,8,0.02649,302,1.0,28,0.915916,9,32,1.653096,0.794971,0.240253,current
MALL-C31B130637,长泰广场,299,37,262,0,262,262,172,0.656489,7,0.026718,262,1.0,37,0.876254,128,33,1.530214,0.735878,0.285356,current
MALL-2C7D27E8AC,长风大悦城,182,12,170,0,170,170,122,0.717647,7,0.041176,170,1.0,12,0.934066,0,22,1.481783,0.712587,0.301661,current
MALL-0FF8F4D2F9,陆家嘴中心L+MALL,249,8,241,2,239,239,154,0.644351,6,0.025105,239,1.0,7,0.971888,13,17,1.4349,0.690041,0.308626,current
MALL-5C52E06DF8,青浦吾悦广场,330,17,313,0,313,313,148,0.472843,6,0.019169,313,1.0,17,0.948485,0,65,1.639235,0.788305,0.249048,current
MALL-A06AF18325,静安嘉里中心,225,11,214,0,214,214,123,0.574766,1,0.004673,214,1.0,11,0.951111,14,12,1.016649,0.488905,0.4403,current
MALL-B46278DE6A,静安大悦城,318,21,297,0,297,295,170,0.572391,9,0.030303,297,1.0,16,0.949686,12,23,1.237907,0.595307,0.355553,current
MALL-BEEFACFA1E,香港广场,80,8,72,0,72,72,32,0.444444,3,0.041667,72,1.0,8,0.9,0,10,1.353832,0.651055,0.29784,current
