observation_id,mall_name,merchant_name_raw,merchant_name_normalized,category_raw,rating,avg_price_yuan,floor_location,card_type,research_eligible,exclusion_reason,rating_status,category_status,detection_method,ocr_confidence,title_score,title_height,frame_index,timestamp_sec,metadata_text,all_text,source_video
OBS-000001,中信泰富广场,両手 LUXURY 奢侈品包包手表首...,両手LUXURY奢侈品包包手表首,奢侈品回收,4.8,,L3,rated,True,,rated,parsed,rating_anchor,0.9576,0.9155,54,24,0.414,L3 | ★★★★★ | 奢侈品回收 | 4.8,両手 LUXURY 奢侈品包包手表首... | 商场店 | U | 奢侈品回收 | L3 | ★★★★★ | 奢侈品回收 | 4.8 | 更靠谱 | 南京西路商圈回收服务销量榜第4名 | 地理位置优越，二手奢侈品回收寄卖 | 惠￥1￥1500 | 【奢侈品回收】包包|首饰...,ocr/input_videos\上海__中信泰富广场__20260825.mp4
OBS-000002,中信泰富广场,三利音·玖弄臻鲜,三利音·玖弄臻鲜,浙菜,4.8,168,L3,rated,True,,rated,parsed,rating_anchor,0.9269,0.9501,51,24,0.414,L3 | ⭐4.8浙菜￥168/人,三利音·玖弄臻鲜 | 导味当夏 | L3 | ⭐4.8浙菜￥168/人 | 点评榜单 | 静安区浙菜口味榜第4名 | 休息中 | ￥7.24折 | ￥18 | 【推荐TOP】 | 惠 | 手工甬式汤圆 | ￥959.5折 | ￥100 | 惠 | 【超值】100元代金券,ocr/input_videos\上海__中信泰富广场__20260825.mp4
OBS-000003,中信泰富广场,溏会,溏会,潮汕菜,4.9,326,L4,rated,True,,rated,parsed,rating_anchor,0.9467,0.928,65,24,0.414,🌟🌟🎉🎉🌟4.9 | 潮汕菜￥326/人 | L4,溏会 | 家城 | 油 | 🌟🌟🎉🎉🌟4.9 | 潮汕菜￥326/人 | L4 | 点评榜单 | TANG HUI | 静安区粵菜口味榜第1名 | 海派湖啡 | 休息中 | 口味赞，服务好，午市七折优惠 | “ | ￥1685.2折 | ￥326 | 惠 | 【新品】打冷巴浪鱼 | ￥959.5折 | ￥100100元代金券 | 惠,ocr/input_videos\上海__中信泰富广场__20260825.mp4
OBS-000004,中信泰富广场,蘩楼,蘩楼,粤式茶点,4.6,100,L5,rated,True,,rated,parsed,rating_anchor,0.9734,0.9888,61,24,0.414,L5 | ⭐🌟🌟🌟 | 粤式茶点￥100/人 | 4.6,蘩楼 | R | 繁樓 | L5 | ⭐🌟🌟🌟 | 粤式茶点￥100/人 | 4.6 | 点评榜单 | 南京西路商圈粤菜销量榜第2名 | 休息中 | 独特口味，优质服务，环境舒适 | 55 | ￥13.565.9折 | 惠 | ￥23 | 生煎畔糖马蹄糕 | ￥489.6折 | 惠 | ￥5050元代金券,ocr/input_videos\上海__中信泰富广场__20260825.mp4
OBS-000005,中信泰富广场,三利音·玖弄臻鲜,三利音·玖弄臻鲜,浙菜,4.8,168,L3,rated,True,,rated,parsed,rating_anchor,0.9656,0.9735,51,180,3.105,L3 | 4.8浙菜￥168/人,三利音·玖弄臻鲜 | 导味当复 | L3 | 4.8浙菜￥168/人 | 点评榜单 | 静安区浙菜口味榜第4名 | 休息中 | 0 | ￥7.2 | ￥18 | 4折 | 惠 | 【推荐TOP】 | 手工甬式汤圆 | ￥100 | ￥95 | 9.5折 | 【超值】100元代金券 | 惠,ocr/input_videos\上海__中信泰富广场__20260825.mp4
OBS-000006,中信泰富广场,溏会,溏会,潮汕菜,4.9,326,L4,rated,True,,rated,parsed,rating_anchor,0.9308,0.9,69,180,3.105,4.9 | 潮汕菜￥326/人 | L4,溏会 | 池 | 家馆 | 4.9 | 潮汕菜￥326/人 | L4 | 点评镑单 | TANG HUI | 静安区粤菜口味榜第1名 | 海派湖邮 | 休息中 | 口味赞，服务好，午市七折优惠 | 3 | “ | ￥326 | 5.2折 | ￥168 | 【新品】打冷巴浪鱼 | 惠 | ￥959.5折 | 惠 | ￥100100元代金券,ocr/input_videos\上海__中信泰富广场__20260825.mp4
OBS-000007,中信泰富广场,蘩楼,蘩楼,粤式茶点,4.6,100,L5,rated,True,,rated,parsed,rating_anchor,0.9687,0.9817,62,180,3.105,4.6粤式茶点￥100/人 | L5,蘩楼 | 日 | ? | 蔡樓 | 4.6粤式茶点￥100/人 | L5 | 点评榜单 | 南京西路商圈粤菜销量榜第2名 | 休息中 | 独特口味，优质服务，环境舒适 | 2 | ￥13.565.9折 | ￥23 | 惠 | 生煎畔糖马蹄糕 | ￥48 | ￥5050元代金券 | 惠 | 9.6折,ocr/input_videos\上海__中信泰富广场__20260825.mp4
OBS-000008,中信泰富广场,aihpos,aihpos,服装,3.7,,L3,rated,True,,rated,parsed,rating_anchor,0.996,0.9986,60,180,3.105,🌟🌟🌟🌟🌟 | 3.7服装 | L3,aihpos | AIHPOS | 🌟🌟🌟🌟🌟 | 3.7服装 | L3 | 主题买手店，服饰款式多样”,ocr/input_videos\上海__中信泰富广场__20260825.mp4
OBS-000009,中信泰富广场,蘩楼,蘩楼,粤式茶点,4.6,100,L5,rated,True,,rated,parsed,rating_anchor,0.971,0.9889,58,228,3.933,L5 | 🌟🌟⭐🌟🌟 | 4.6 | 粤式茶点￥100/人,蘩楼 | 繁樓 | L5 | 🌟🌟⭐🌟🌟 | 4.6 | 粤式茶点￥100/人 | 点评榜单 | 南京西路商圈粤菜销量榜第2名 | 休息中 | “独特口味， | 优质服务，环境舒适 | 5 | ￥13.565.9折 | ￥23 | 惠 | 生煎畔糖马蹄糕 | ￥489.6折 | ￥5050元代金券 | 惠,ocr/input_videos\上海__中信泰富广场__20260825.mp4
OBS-000010,中信泰富广场,aihpos,aihpos,服装,3.7,,L3,rated,True,,rated,parsed,rating_anchor,0.9903,0.9991,64,228,3.933,3.7服装 | L3,aihpos | AHPOS | 3.7服装 | L3 | 主题买手店，服饰款式多样,ocr/input_videos\上海__中信泰富广场__20260825.mp4
OBS-000011,中信泰富广场,W CLINIC·海菲秀黑钻,WCLINIC·海菲秀黑钻,皮肤管理,4.7,1282,L4,rated,True,,rated,parsed,rating_anchor,0.9291,0.9603,58,228,3.933,⭐⭐4.7皮肤管理￥1282/人 | L4,W CLINIC·海菲秀黑钻 | ⭐⭐4.7皮肤管理￥1282/人 | L4 | 南京西路商圈美容美体回头客榜第4名 | CLINIC | 热力舱暴汗解压，皮肤管理放松去处 | ￥880 | 惠 | 6.3折 | ￥268090分钟清洁补水海..,ocr/input_videos\上海__中信泰富广场__20260825.mp4
OBS-000012,中信泰富广场,细记港九大牌档,细记港九大牌档,粤菜馆,4.4,105,LG,rated,True,,rated,parsed,rating_anchor,0.977,0.9984,54,228,3.933,LG | 🌟🌟🌟🌟 | 粤菜馆￥105/人 | 4.4,细记港九大牌档 | 細港 | LG | 🌟🌟🌟🌟 | 粤菜馆￥105/人 | 4.4 | 記九 | 潮州鲜子鱼汤燕饺，汤鲜料足 | ￥19 | 5.3折 | ￥9.9 | 惠 | 【单品】夏日茶档(,ocr/input_videos\上海__中信泰富广场__20260825.mp4
OBS-000013,中信泰富广场,广州酒家,广州酒家,广州菜,4.3,194,L5,rated,True,,rated,parsed,rating_anchor,0.9824,0.9991,56,228,3.933,⭐🌟⭐⭐ | L5 | 4.3广州菜￥194/人 | ★,广州酒家 | ⭐🌟⭐⭐ | L5 | 4.3广州菜￥194/人 | ★ | 廣四酒家 | 点评榜单 | 上海广州菜回头客榜第3名 | 休息中 | 美味烧鹅，乳鸽98两只,ocr/input_videos\上海__中信泰富广场__20260825.mp4
OBS-000014,中信泰富广场,细记港九大牌档,细记港九大牌档,粤菜馆,4.4,105,LG,rated,True,,rated,parsed,rating_anchor,0.9818,0.9967,51,312,5.382,LG | ⭐⭐4.4 | 粤菜馆￥105/人,细记港九大牌档 | 細港 | LG | ⭐⭐4.4 | 粤菜馆￥105/人 | 記九 | 潮州鲜子鱼汤燕饺，汤鲜料足 | 5 | ￥9.9 | ￥19 | 5.3折 | 惠 | 【单品】夏日茶档（,ocr/input_videos\上海__中信泰富广场__20260825.mp4
OBS-000015,中信泰富广场,广州酒家,广州酒家,广州菜,4.3,194,L5,rated,True,,rated,parsed,rating_anchor,0.9798,0.9992,56,312,5.382,🌟🌟🌟🌟 | L5 | 4.3广州菜￥194/人,广州酒家 | 🌟🌟🌟🌟 | L5 | 4.3广州菜￥194/人 | 廣四酒家 | 点评镑单 | 上海广州菜回头客榜第3名 | 19350 | 休息中 | 美味烧鹅，乳鸽98两只 | J | ￥132 | 8.3折 | ￥109 | 【自提】广州酒家. | 惠 | ￥1909.5折 | ￥200200元代金券 | 惠,ocr/input_videos\上海__中信泰富广场__20260825.mp4
OBS-000016,中信泰富广场,诸家,诸家,服装,3.9,2825,L3,rated,True,,rated,parsed,rating_anchor,0.9771,0.9987,64,312,5.382,3.9服装￥2825/人 | L3,诸家 | 3.9服装￥2825/人 | L3 | 新中式服装设计感强，营业员服务贴心“ | 美团,ocr/input_videos\上海__中信泰富广场__20260825.mp4
OBS-000017,中信泰富广场,丝域养发馆,丝域养发馆,养发,3.8,177,L4,rated,True,,rated,parsed,rating_anchor,0.9836,0.9992,59,312,5.382,🌟🌟🌟🌟🌟 | 3.8养发￥177/人 | L4,丝域养发馆 | AAIRLOGY | 🌟🌟🌟🌟🌟 | 3.8养发￥177/人 | L4 | 南京西路精品商圈，贵妇养发从这里开始 | 经 | ￥1385.2折 | ￥468 | 惠 | 【新客体验】玫瑰...,ocr/input_videos\上海__中信泰富广场__20260825.mp4
OBS-000018,中信泰富广场,SAISON时颂,SAISON时颂,西餐,4.4,245,商场内,rated,True,,rated,parsed,rating_anchor,0.9713,0.9984,52,312,5.382,4.4西餐￥245/人 | 商场内,SAISON时颂 | SAIROR | 4.4西餐￥245/人 | 商场内 | 环境超赞，服务到位，酉 | 酸味蟹肉饭” | 16:00休息,ocr/input_videos\上海__中信泰富广场__20260825.mp4
OBS-000019,中信泰富广场,细记港九大牌档,细记港九大牌档,粤菜馆,4.4,105,LG,rated,True,,rated,parsed,rating_anchor,0.9855,0.9982,51,324,5.589,LG | 🌟🌟🌟🎉🌟 | 4.4粤菜馆￥105/人,细记港九大牌档 | 細港 | LG | 🌟🌟🌟🎉🌟 | 4.4粤菜馆￥105/人 | 記九 | 潮州鲜子鱼汤燕饺，汤鲜料” | 5.3折 | ￥19 | 【单品】夏日茶档( | ￥9.9 | 惠,ocr/input_videos\上海__中信泰富广场__20260825.mp4
OBS-000020,中信泰富广场,广州酒家,广州酒家,广州菜,4.3,194,L5,rated,True,,rated,parsed,rating_anchor,0.9883,0.9993,57,324,5.589,🌟🌟⭐⭐ | L5 | 4.3广州菜￥194/人 | ★,广州酒家 | 🌟🌟⭐⭐ | L5 | 4.3广州菜￥194/人 | ★ | 廣四酒家 | 点评榜单 | 上海广州菜回头客榜第3名 | 休息中 | 美味烧鹅，乳鸽98两只 | ￥1098.3折 | ￥132 | 惠 | 【自提】广州酒家.. | ￥1909.5折 | ￥200200元代金券 | 惠,ocr/input_videos\上海__中信泰富广场__20260825.mp4
OBS-000021,中信泰富广场,诸家,诸家,服装,3.9,2825,L3,rated,True,,rated,parsed,rating_anchor,0.9705,0.9964,62,324,5.589,3.9服装￥2825/人 | L3,诸家 | 3.9服装￥2825/人 | L3 | 新中式服装设计感强，营业员服务贴心 | “ | 美园,ocr/input_videos\上海__中信泰富广场__20260825.mp4
OBS-000022,中信泰富广场,丝域养发馆,丝域养发馆,养发,3.8,177,L4,rated,True,,rated,parsed,rating_anchor,0.9667,0.9995,57,324,5.589,3.8养发￥177/人 | L4,AAIROGY | 丝域养发馆 | 3.8养发￥177/人 | L4 | 南京西路精品商圈，贵妇养发从这里开始 | G | 22 | 养好发做自己 | ￥1385.2折 | ￥468 | 惠 | 【新客体验】玫瑰..,ocr/input_videos\上海__中信泰富广场__20260825.mp4
OBS-000023,中信泰富广场,SAISON时颂,SAISON时颂,西餐,4.4,245,商场内,rated,True,,rated,parsed,rating_anchor,0.9854,0.9973,49,324,5.589,商场内 | 4.4西餐￥245/人 | 🌟🌟🌟🌟 | ★,SAISON时颂 | sAiSOR | 商场内 | 4.4西餐￥245/人 | 🌟🌟🌟🌟 | ★ | “环境超赞，服务到位，酸味蟹肉饭” | 16:00休息,ocr/input_videos\上海__中信泰富广场__20260825.mp4
OBS-000024,中信泰富广场,细记港九大牌档,细记港九大牌档,粤菜馆,4.4,105,LG,rated,True,,rated,parsed,rating_anchor,0.9786,0.9987,53,372,6.417,LG | 粤菜馆￥105/人 | 🌟🌟🌟 | 4.4 | ★,细记港九大牌档 | 細港 | LG | 粤菜馆￥105/人 | 🌟🌟🌟 | 4.4 | ★ | 記九 | 潮州鲜子鱼汤燕饺，汤鲜料足 | 2 | ￥9.95.3折 | ￥19 | 【单品】夏日茶档( | 惠,ocr/input_videos\上海__中信泰富广场__20260825.mp4
OBS-000025,中信泰富广场,广州酒家,广州酒家,广州菜,4.3,194,L5,rated,True,,rated,parsed,rating_anchor,0.9864,0.9992,56,372,6.417,🌟🌟🌟🎉 | L5 | 4.3广州菜￥194/人,广州酒家 | 🌟🌟🌟🎉 | L5 | 4.3广州菜￥194/人 | 廣四酒家 | 点评榜单 | 上海广州菜回头客榜第3名 | 王186 | 元3 | 休息中 | 美味烧鹅，乳鸽98两只 | ￥132 | ￥1098.3折 | 【自提】广州酒家.. | 惠 | ￥1909.5折 | 惠 | ￥200200元代金券,ocr/input_videos\上海__中信泰富广场__20260825.mp4
OBS-000026,中信泰富广场,诸家,诸家,服装,3.9,2825,L3,rated,True,,rated,parsed,rating_anchor,0.975,0.9978,66,372,6.417,3.9服装￥2825/人 | L3,诸家 | 3.9服装￥2825/人 | L3 | 新中式服装设计感强，营业员服务贴心 | 美团,ocr/input_videos\上海__中信泰富广场__20260825.mp4
OBS-000027,中信泰富广场,丝域养发馆,丝域养发馆,养发,3.8,177,L4,rated,True,,rated,parsed,rating_anchor,0.9688,0.9993,56,372,6.417,3.8养发￥177/人 | L4,AAIRCALOGY | 丝域养发馆 | 3.8养发￥177/人 | L4 | 南京西路精品商圈，贵妇养发从这里开始 | “ | 22 | ￥1385.2折 | ￥468 | 惠 | 【新客体验】玫瑰..,ocr/input_videos\上海__中信泰富广场__20260825.mp4
OBS-000028,中信泰富广场,SAISON时颂,SAISON时颂,西餐,4.4,245,商场内,rated,True,,rated,parsed,rating_anchor,0.9681,0.9977,49,372,6.417,商场内 | 4.4西餐￥245/人,SAISON时颂 | sAisoN | 商场内 | 4.4西餐￥245/人 | 环境超赞，服务到位，酸味蟹肉饭” | 16:00休息 | 1285折226上新1单人午市套餐 | 事,ocr/input_videos\上海__中信泰富广场__20260825.mp4
OBS-000029,中信泰富广场,丝域养发馆,丝域养发馆,养发,3.8,177,L4,rated,True,,rated,parsed,rating_anchor,0.9625,0.9991,59,396,6.831,3.8养发￥177/人 | L4,丝域养发馆 | AAIROGY | 3.8养发￥177/人 | L4 | 南京西路精品商圈，贵妇养发从这里开始 | 经 | 养好发 | 故自己 | ￥138 | 5.2折 | ￥468 | 【新客体验】玫瑰.. | 惠,ocr/input_videos\上海__中信泰富广场__20260825.mp4
OBS-000030,中信泰富广场,SAISON时颂,SAISON时颂,西餐,4.4,245,商场内,rated,True,,rated,parsed,rating_anchor,0.9812,0.9976,52,396,6.831,🌟⭐⭐ | 4.4西餐￥245/人 | 商场内 | ★,SAISON时颂 | SAISOR | EHE | 🌟⭐⭐ | 4.4西餐￥245/人 | 商场内 | V | ★ | “环境超赞，服务到位，酸味蟹肉饭” | 16:00休息 | 5.7折 | 惠 | ￥128 | ￥226上新一单人午市套餐,ocr/input_videos\上海__中信泰富广场__20260825.mp4
OBS-000031,中信泰富广场,DG CAFFE DOLCE&GABBANA,DGCAFFEDOLCE&GABBANA,意大利菜,4.8,258,L2,rated,True,,rated,parsed,rating_anchor,0.9424,0.9446,51,396,6.831,4.8意大利菜￥258/人 | L2,DG CAFFE DOLCE&GABBANA | D | 4.8意大利菜￥258/人 | L2 | 点评榜单 | CAFFE | 静安区意大利菜环境榜第1名 | DOUCE.CABBANA | ￥168 | 6.6折 | 惠 | ￥258两道式甄选午市套餐,ocr/input_videos\上海__中信泰富广场__20260825.mp4
OBS-000032,中信泰富广场,ELYWOOD,ELYWOOD,服装,3.9,,L2,rated,True,,rated,parsed,rating_anchor,0.9994,0.999,48,396,6.831,L2 | ⭐🌟⭐🌟3.9 | 服装,ELYWOOD | L2 | ⭐🌟⭐🌟3.9 | 服装 | 款式多，面料舒适做工精细 | “,ocr/input_videos\上海__中信泰富广场__20260825.mp4
OBS-000033,中信泰富广场,钻焕利钻石珠宝回收寄卖,钻焕利钻石珠宝回收寄卖,钻石彩宝,4.6,6257,L3,rated,True,,rated,parsed,rating_anchor,0.9747,0.9987,51,396,6.831,4.6钻石彩宝￥6257/人 | L3,钻焕利钻石珠宝回收寄卖 | GIA证书站石价更高 | 高价回收 | 喜培 | 4.6钻石彩宝￥6257/人 | L3 | 专业回收钻石珠宝，性价比高 | “ | 钻石彩宝|珍瑞|黄金,ocr/input_videos\上海__中信泰富广场__20260825.mp4
OBS-000034,中信泰富广场,丝域养发馆,丝域养发馆,养发,3.8,177,L4,rated,True,,rated,parsed,rating_anchor,0.9687,0.9993,56,420,7.245,3.8养发￥177/人 | L4,丝域养发馆 | AAIROGY | 3.8养发￥177/人 | L4 | 南京西路精品商圈，贵妇养发从这里开始 | ￥1385.2折 | ￥468 | 【新客体验】玫瑰. | 惠,ocr/input_videos\上海__中信泰富广场__20260825.mp4
OBS-000035,中信泰富广场,SAISON时颂,SAISON时颂,西餐,4.4,245,商场内,rated,True,,rated,parsed,rating_anchor,0.9841,0.9984,52,420,7.245,商场内 | 🌟🌟🌟🌟 | 4.4西餐￥245/人 | ★,SAISON时颂 | sAisOR | 商场内 | 🌟🌟🌟🌟 | 4.4西餐￥245/人 | ★ | “环境超赞，服务到位，酸味蟹肉饭” | 16:00休息 | ￥128 | ￥226上新一单人午市套餐 | 5.7折 | 惠,ocr/input_videos\上海__中信泰富广场__20260825.mp4
OBS-000036,中信泰富广场,DG CAFFE DOLCE&GABBANA,DGCAFFEDOLCE&GABBANA,意大利菜,4.8,258,L2,rated,True,,rated,parsed,rating_anchor,0.9411,0.9159,57,420,7.245,4.8意大利菜￥258/人 | L2,DG CAFFE DOLCE&GABBANA | D | 4.8意大利菜￥258/人 | L2 | 点评榜单 | CAFFE | 静安区意大利菜环境榜第1名 | DOACE.GAEBANA | ￥1686.6折 | ￥258两道式甄选午市套餐 | 惠,ocr/input_videos\上海__中信泰富广场__20260825.mp4
OBS-000037,中信泰富广场,ELYWOOD,ELYWOOD,服装,3.9,,L2,rated,True,,rated,parsed,rating_anchor,0.9995,0.9991,52,420,7.245,服装 | 🌟🌟🌟🌟⭐3.9 | L2,ELYWOOD | 服装 | 🌟🌟🌟🌟⭐3.9 | L2 | 款式多，面料舒适做工精细”,ocr/input_videos\上海__中信泰富广场__20260825.mp4
OBS-000038,中信泰富广场,钻焕利钻石珠宝回收寄卖,钻焕利钻石珠宝回收寄卖,钻石彩宝,4.6,6257,L3,rated,True,,rated,parsed,rating_anchor,0.9748,0.9984,54,420,7.245,4.6钻石彩宝￥6257/人 | L3,钻焕利钻石珠宝回收寄卖 | GIA证书站石价更高 | 高价回收 | 培 | 4.6钻石彩宝￥6257/人 | L3 | 专业回收钻石珠宝，性价比高 | 石彩宝|珍珠美全 | 惠 | 9￥199 | 【免费评估】珠宇首饰手镯 | 0,ocr/input_videos\上海__中信泰富广场__20260825.mp4
OBS-000039,中信泰富广场,SAISON时颂,SAISON时颂,西餐,4.4,245,商场内,rated,True,,rated,parsed,rating_anchor,0.9842,0.9967,49,468,8.073,商场内 | ⭐🌟🎉⭐ | 4.4西餐￥245/人 | ★,SAISON时颂 | saison | 商场内 | ⭐🌟🎉⭐ | 心 | 4.4西餐￥245/人 | ★ | 环境超赞，服务到位，酸味蟹肉饭” | 16:00休息 | ￥1285.7折 | ￥226上新|单人午市套餐 | 惠,ocr/input_videos\上海__中信泰富广场__20260825.mp4
OBS-000040,中信泰富广场,DG CAFFE DOLCE&GABBANA,DGCAFFEDOLCE&GABBANA,意大利菜,,258,L2,unknown,True,,ocr_missing,parsed,metadata_anchor,0.9333,0.9271,51,468,8.073,🌟🌟🎉⭐🌟 | L2 | 14.8意大利菜￥258/人,DG CAFFE DOLCE&GABBANA | D | 🌟🌟🎉⭐🌟 | L2 | 14.8意大利菜￥258/人 | 点评榜单 | CAFFE | 静安区意大利菜环境榜第1名 | DOACEGAEBANA | ￥1686.6折 | ￥258两道式甄选午市套餐 | 惠,ocr/input_videos\上海__中信泰富广场__20260825.mp4
OBS-000041,中信泰富广场,ELYWOOD,ELYWOOD,服装,3.9,,L2,rated,True,,rated,parsed,rating_anchor,0.9993,0.9987,52,468,8.073,服装 | L2 | 🌟🌟🌟🌟🌟 | 3.9,ELYWOOD | 服装 | L2 | 🌟🌟🌟🌟🌟 | 3.9 | 款式多，面料舒适做工精细”,ocr/input_videos\上海__中信泰富广场__20260825.mp4
OBS-000042,中信泰富广场,钻焕利钻石珠宝回收寄卖,钻焕利钻石珠宝回收寄卖,钻石彩宝,4.6,6257,L3,rated,True,,rated,parsed,rating_anchor,0.9634,0.9979,55,468,8.073,4.6钻石彩宝￥6257/人 | L3,钻焕利钻石珠宝回收寄卖 | GIA证书站石价更高 | 高价回收 | 4.6钻石彩宝￥6257/人 | L3 | 克 | 钻岩 | 专业回收钻石珠宝，性价比高 | 点石彩宝|烩珠美全 | ￥9.9￥199 | 【免费评估】珠宝首饰手镯... | 惠 | 惠￥1￥99代金券,ocr/input_videos\上海__中信泰富广场__20260825.mp4
OBS-000043,中信泰富广场,FENOLI,FENOLI,西餐,4.7,288,商场内,rated,True,,rated,parsed,rating_anchor,0.9558,0.9975,52,468,8.073,4.7西餐￥288/人 | 商场内,FENOLI | DY | 4.7西餐￥288/人 | 商场内,ocr/input_videos\上海__中信泰富广场__20260825.mp4
OBS-000044,中信泰富广场,DG CAFFÉ DOLCE&GABBANA,DGCAFFÉDOLCE&GABBANA,意大利菜,4.8,258,L2,rated,True,,rated,parsed,rating_anchor,0.9302,0.8929,59,516,8.901,L2 | 🌟🌟⭐🌟🌟 | 意大利菜￥258/人 | 4.8,DG CAFFÉ DOLCE&GABBANA | G | L2 | 🌟🌟⭐🌟🌟 | 意大利菜￥258/人 | 4.8 | 点评榜单 | CAFFE | 静安区意大利菜环境榜第1名 | DOICEGAEEWNA | ￥1686.6折 | ￥258两道式甄选午市套餐 | 惠,ocr/input_videos\上海__中信泰富广场__20260825.mp4
OBS-000045,中信泰富广场,ELYWOOD,ELYWOOD,服装,3.9,,L2,rated,True,,rated,parsed,rating_anchor,0.9357,0.9987,52,516,8.901,🌟3.9服装 | L2,ELYWOOD | 🌟3.9服装 | L2 | 款式多，面料舒适做工精细,ocr/input_videos\上海__中信泰富广场__20260825.mp4
OBS-000046,中信泰富广场,钻焕利钻石珠宝回收寄卖,钻焕利钻石珠宝回收寄卖,钻石彩宝,4.6,6257,L3,rated,True,,rated,parsed,rating_anchor,0.9746,0.9983,57,516,8.901,L3 | 4.6钻石彩宝￥6257/人,钻焕利钻石珠宝回收寄卖 | GIA证书站石价更高 | 高价回收 | 喜培 | L3 | 4.6钻石彩宝￥6257/人 | 专业回收钻石珠宝，性价比高” | “ | 钻石形宝|珍珠|金 | ￥9.9￥199 | 【免费评估】珠宝首饰手镯... | 惠 | ￥1￥99代金券 | 惠,ocr/input_videos\上海__中信泰富广场__20260825.mp4
OBS-000047,中信泰富广场,FENOLI,FENOLI,西餐,4.7,288,商场内,rated,True,,rated,parsed,rating_anchor,0.9701,0.9974,53,516,8.901,商场内 | 4.7西餐￥288/人,FENOLI | PW | 商场内 | 4.7西餐￥288/人 | 点评榜单 | FENOLI | 南京西路商圈西餐热门榜第4名 | ￥1285.5折 | ￥236轻享套餐 | 惠 | ￥989.8折 | 惠 | ￥100100元代金券,ocr/input_videos\上海__中信泰富广场__20260825.mp4
OBS-000048,中信泰富广场,FENOLI,FENOLI,西餐,4.7,288,商场内,rated,True,,rated,parsed,rating_anchor,0.9743,0.9948,53,576,9.936,商场内 | 🌟🌟🌟🌟🌟 | 西餐￥288/人 | 4.7,FENOLI | PY | 商场内 | 🌟🌟🌟🌟🌟 | 西餐￥288/人 | 4.7 | 点评榜单 | FENOLI | 南京西路商圈西餐热门榜第4名 | 2AaL | ￥1285.5折 | ￥236轻享套餐 | 惠 | ￥989.8折 | ￥100100元代金券 | 惠,ocr/input_videos\上海__中信泰富广场__20260825.mp4
OBS-000049,中信泰富广场,超级碗FOODBOWL,超级碗FOODBOWL,西餐,4.3,37,LG,rated,True,,rated,parsed,rating_anchor,0.9806,0.9987,54,576,9.936,LG | 4.3西餐￥37/人 | 🌟🌟⭐ | ★,超级碗FOODBOWL | 超级碗 | 生日季 | LG | 4.3西餐￥37/人 | 🌟🌟⭐ | ★ | ￥37.97.6折 | ￥50 | 【热销百万】 | 蜜汁鸡.. | 惠,ocr/input_videos\上海__中信泰富广场__20260825.mp4
OBS-000050,中信泰富广场,SUNTORY Japanese Cuisine & ...,SUNTORYJapaneseCuisine&,日本料理,4.8,880,L5,rated,True,,rated,parsed,rating_anchor,0.9369,0.9079,59,576,9.936,🌟🌟🌟🌟🌟 | 日本料理￥880/人 | L5 | 4.8,SUNTORY Japanese Cuisine & ... | SUNTORY | 🌟🌟🌟🌟🌟 | 日本料理￥880/人 | L5 | JAANDSE CUISNEKWHUKY | 4.8 | 点 | 点评榜单 | 南京西路商圈日式料理热门榜第3名 | 三得利中国 | 休息中 | ￥2287.6折 | ￥301 | 惠 | 《午市限定》吉祥早餐,ocr/input_videos\上海__中信泰富广场__20260825.mp4
OBS-000051,中信泰富广场,ARTE PROGETTO,ARTEPROGETTO,服饰鞋包,4.8,913,L3,rated,True,,rated,parsed,rating_anchor,0.9656,0.9814,48,576,9.936,4.8服饰鞋包￥913/人 | L3,ARTE PROGETTO | 4.8服饰鞋包￥913/人 | L3,ocr/input_videos\上海__中信泰富广场__20260825.mp4
OBS-000052,中信泰富广场,白金酉玉Toritama,白金酉玉Toritama,日本料理,4.4,198,LG,rated,True,,rated,parsed,rating_anchor,0.9606,0.964,57,576,9.936,🌟🌟🌟🌟 | LG | 日本料理￥198/人 | 4.4,白金酉玉Toritama | 🌟🌟🌟🌟 | LG | 日本料理￥198/人 | 4.4 | 点评榜单 | 东京名厨 | 南京西路商圈日式料理回头客榜第5名 | 休息中鸟,ocr/input_videos\上海__中信泰富广场__20260825.mp4
OBS-000053,中信泰富广场,超级碗FOODBOWL,超级碗FOODBOWL,西餐,4.3,37,LG,rated,True,,rated,parsed,rating_anchor,0.9601,0.9987,53,624,10.764,LG | 🌟🌟💥🌟 | 西餐￥37/人 | 4.3 | ★,超级碗FOODBOWL | 超级碗 | 生日季 | LG | 🌟🌟💥🌟 | 西餐￥37/人 | 4.3 | ★ | ￥37.9 | ￥50 | 7.6折 | 蜜汁鸡... | 【热销百万】 | 惠,ocr/input_videos\上海__中信泰富广场__20260825.mp4
OBS-000054,中信泰富广场,SUNTORY Japanese Cuisine & ...,SUNTORYJapaneseCuisine&,日本料理,4.8,880,L5,rated,True,,rated,parsed,rating_anchor,0.9447,0.9297,63,624,10.764,L5 | 🌟🌟⭐⭐🌟 | 日本料理￥880/人 | 4.8,SUNTORY Japanese Cuisine & ... | SUNTORY | JAANE CISNEXWAY | L5 | 🌟🌟⭐⭐🌟 | 日本料理￥880/人 | 4.8 | 王 | 点评榜单 | 南京西路商圈式料理热门榜第3名 | 三得利中国 | 休息中 | 7.6折 | ￥228 | ￥301 | 《午市限定》吉祥早餐 | 惠,ocr/input_videos\上海__中信泰富广场__20260825.mp4
OBS-000055,中信泰富广场,ARTE PROGETTO,ARTEPROGETTO,服饰鞋包,4.8,913,L3,rated,True,,rated,parsed,rating_anchor,0.9648,0.9737,50,624,10.764,L3 | 4.8服饰鞋包￥913/人,ARTE PROGETTO | L3 | 4.8服饰鞋包￥913/人,ocr/input_videos\上海__中信泰富广场__20260825.mp4
OBS-000056,中信泰富广场,白金酉玉Toritama,白金酉玉Toritama,日本料理,4.4,198,LG,rated,True,,rated,parsed,rating_anchor,0.9728,0.989,57,624,10.764,LG | 🌟🌟⭐⭐ | 4.4 | 日本料理￥198/人 | ★,白金酉玉Toritama | LG | 🌟🌟⭐⭐ | 4.4 | 日本料理￥198/人 | ★ | 点评榜单 | 南京西路商圈式料理回头客榜第5名 | 东京名厨 | 休息中鸟 | ￥785.1折 | ￥153 | 惠 | 【午市限定】 | 澳洲M5... | ￥959.5折 | ￥100100元代金券 | 惠,ocr/input_videos\上海__中信泰富广场__20260825.mp4
OBS-000057,中信泰富广场,新叻荟.大肥羅南洋小馆,新叻荟.大肥罗南洋小馆,南洋中菜,4.3,89,L5,rated,True,,rated,parsed,rating_anchor,0.9823,0.9951,55,624,10.764,🌟🌟🌟🌟 | 南洋中菜￥89/人 | L5 | 4.3,新叻荟.大肥羅南洋小馆 | 遇见/雨洋美良 | 新叻荟 | 🌟🌟🌟🌟 | 南洋中菜￥89/人 | L5 | 4.3 | 点评榜单 | 上海南洋中菜好评榜第2名 | XIN | HUI | LE,ocr/input_videos\上海__中信泰富广场__20260825.mp4
OBS-000058,中信泰富广场,ARTE PROGETTO,ARTEPROGETTO,服饰鞋包,4.8,913,L3,rated,True,,rated,parsed,rating_anchor,0.9674,0.9656,47,660,11.385,L3 | ⭐⭐⭐⭐4.8 | 服饰鞋包￥913/人,ARTE PROGETTO | L3 | ⭐⭐⭐⭐4.8 | 服饰鞋包￥913/人,ocr/input_videos\上海__中信泰富广场__20260825.mp4
OBS-000059,中信泰富广场,白金酉玉Toritama,白金酉玉Toritama,日本料理,4.4,198,LG,rated,True,,rated,parsed,rating_anchor,0.9974,0.9953,54,660,11.385,🌟🌟⭐⭐ | LG | 4.4 | 日本料理 | ￥198/人,白金酉玉Toritama | 4 | 🌟🌟⭐⭐ | LG | 4.4 | 日本料理 | ￥198/人 | 点评榜单 | 南京西路商圈日式料理回头客榜第5名 | 东京名厨 | 休息中鸟 | ￥153 | 5.1折 | ￥78 | 惠 | 澳洲M5... | 【午市限定】 | ￥95 | 惠 | ￥100100元代金券 | 9.5折,ocr/input_videos\上海__中信泰富广场__20260825.mp4
OBS-000060,中信泰富广场,新叻荟.大肥羅南洋小馆,新叻荟.大肥罗南洋小馆,南洋中菜,4.3,89,L5,rated,True,,rated,parsed,rating_anchor,0.9975,0.9956,53,660,11.385,L5 | 🌟🌟⭐🌟 | ￥89/人 | 南洋中菜 | 4.3,新叻荟.大肥羅南洋小馆 | 选见南深/关良 | 新叻荟 | L5 | 🌟🌟⭐🌟 | ￥89/人 | 南洋中菜 | 4.3 | 点评榜单 | 上海南洋中菜好评榜第2名 | HUI | XIN | LE | 休息中 | 精致菜品让你心情愉悦 | 3 | ￥9.9 | 4.5折 | 惠 | ￥22经典泰式手拉奶茶,ocr/input_videos\上海__中信泰富广场__20260825.mp4
OBS-000061,中信泰富广场,中信泰富广场-停车场,中信泰富广场-停车场,停车场,3.6,,B2,rated,True,,rated,parsed,rating_anchor,0.9795,0.999,51,660,11.385,3.6停车场 | B2,中信泰富广场-停车场 | 3.6停车场 | B2,ocr/input_videos\上海__中信泰富广场__20260825.mp4
OBS-000062,中信泰富广场,四季民福烤鸭店,四季民福烤鸭店,烤鸭,4.8,190,L4,rated,True,,rated,parsed,rating_anchor,0.9258,0.964,51,660,11.385,L4 | ⭐⭐4.8烤鸭￥190/人,四季民福烤鸭店 | L4 | ⭐⭐4.8烤鸭￥190/人 | 四季氏福 | PEKING CHAMBER | 点评榜单 | 烤鸭店 | 南京西路商圈美食好评榜第6名 | 一品北京味儿 | 环境好价格低，上菜快卫生好 | ￥19.9 | 8.7折 | 鸭货零食 | 惠 | ￥23 | ￥989.8折 | 惠 | ￥100100元代金券,ocr/input_videos\上海__中信泰富广场__20260825.mp4
OBS-000063,中信泰富广场,新叻荟.大肥羅南洋小馆,新叻荟.大肥罗南洋小馆,南洋中菜,4.3,89,L5,rated,True,,rated,parsed,rating_anchor,0.9688,0.9938,54,696,12.006,🌟🌟🌟🌟 | 南洋中菜￥89/人 | L5 | 4.3,新叻荟.大肥羅南洋小馆 | 退兄离/（食 | 新叻荟 | 🌟🌟🌟🌟 | 南洋中菜￥89/人 | L5 | 4.3 | 点评榜单 | 上海南洋中菜好评榜第2名 | XN | HUI | LE | 休息中 | 孙八 | 精致菜品让你心情愉悦 | “ | 2 | ￥9.9 | 4.5折 | 惠 | ￥22经典泰式手拉奶茶,ocr/input_videos\上海__中信泰富广场__20260825.mp4
OBS-000064,中信泰富广场,中信泰富广场-停车场,中信泰富广场-停车场,停车场,3.6,,B2,rated,True,,rated,parsed,rating_anchor,0.9673,0.9489,51,696,12.006,3.6停车场 | B2,中信泰富广场-停车场 | 3.6停车场 | B2,ocr/input_videos\上海__中信泰富广场__20260825.mp4
OBS-000065,中信泰富广场,四季民福烤鸭店,四季民福烤鸭店,烤鸭,,190,L4,unknown,True,,ocr_missing,parsed,metadata_anchor,0.9648,0.9973,52,696,12.006,烤鸭￥190/人 | L4 | 🌟🌟🌟🌟🌟 | 14.8,四季民福烤鸭店 | 烤鸭￥190/人 | L4 | 🌟🌟🌟🌟🌟 | 14.8 | 四季氏福 | PEKING CHAMBER | 点评榜单 | 烤鸭店 | 南京西路商圈美食好评榜第6名 | 品北京味儿 | 环境好价格低，上菜快卫生好 | 5 | [] | ￥19.9 | 8.7折 | ￥23 | 鸭货零食 | 惠 | ￥989.8折 | ￥100100元代金券 | 惠,ocr/input_videos\上海__中信泰富广场__20260825.mp4
OBS-000066,中信泰富广场,宛宴·徽州本味,宛宴·徽州本味,徽菜,3.9,68,L3,rated,True,,rated,parsed,rating_anchor,0.9582,0.9779,52,696,12.006,L3 | 徽菜￥68/人 | 🌟🌟🌟🌟🌟 | 3.9,宛宴·徽州本味 | 宛 | L3 | 徽菜￥68/人 | 🌟🌟🌟🌟🌟 | 3.9 | 点评榜单 | 静安区徽菜打卡人气榜第6名 | 休息中,ocr/input_videos\上海__中信泰富广场__20260825.mp4
OBS-000067,中信泰富广场,新叻荟.大肥羅南洋小馆,新叻荟.大肥罗南洋小馆,南洋中菜,4.3,89,L5,rated,True,,rated,parsed,rating_anchor,0.9797,0.9941,54,720,12.42,南洋中菜￥89/人 | L5 | 🌟🌟⭐⭐ | 4.3,新叻荟.大肥羅南洋小馆 | 退见离食 | 新叻荟 | 南洋中菜￥89/人 | L5 | 🌟🌟⭐⭐ | 4.3 | 点评榜单 | 上海南洋中菜好评榜第2名 | HUI | X14 | LE | 休息中 | 八 | 精致菜品让你心情愉悦 | “ | 5% | 4.5折 | ￥9.9 | 惠 | ￥22经典泰式手拉奶茶,ocr/input_videos\上海__中信泰富广场__20260825.mp4
OBS-000068,中信泰富广场,中信泰富广场-停车场,中信泰富广场-停车场,停车场,3.6,,B2,rated,True,,rated,parsed,rating_anchor,0.9291,0.9978,54,720,12.42,🌟⭐3.6停车场 | B2,中信泰富广场-停车场 | 🌟⭐3.6停车场 | B2,ocr/input_videos\上海__中信泰富广场__20260825.mp4
OBS-000069,中信泰富广场,四季民福烤鸭店,四季民福烤鸭店,烤鸭,4.8,190,L4,rated,True,,rated,parsed,rating_anchor,0.9696,0.9954,57,720,12.42,4.8烤鸭￥190/人 | L4,四季民福烤鸭店 | 4.8烤鸭￥190/人 | L4 | 四季氏福 | PEKING CHAMBER | 点评榜单 | 烤鸭店 | 南京西路商圈美食好评榜第6名 | 一品北京味儿 | 环境好价格低，上菜快卫生好 | 8.7折 | 惠 | ￥19.9 | ￥23 | 鸭货零食 | ￥989.8折 | 惠 | ￥100100元代金券,ocr/input_videos\上海__中信泰富广场__20260825.mp4
OBS-000070,中信泰富广场,宛宴·徽州本味,宛宴·徽州本味,徽菜,3.9,68,L3,rated,True,,rated,parsed,rating_anchor,0.9598,0.9686,52,720,12.42,徽菜￥68/人 | L3 | 🌟🌟🌟🌟🌟 | 3.9,宛宴 | 宛宴·徽州本味 | 徽菜￥68/人 | L3 | 🌟🌟🌟🌟🌟 | 3.9 | 点评榜单 | 静安区徽菜打卡人气榜第6名 | 休息中 | ￥238 | ￥158 | 6.7折 | 【地道徽菜】宛宴. | 惠 | ￥100 | 9.1折 | ￥91 | 【帮你省薪】100元. | 惠,ocr/input_videos\上海__中信泰富广场__20260825.mp4
OBS-000071,中信泰富广场,新叻荟.大肥羅南洋小馆,新叻荟.大肥罗南洋小馆,南洋中菜,4.3,89,L5,rated,True,,rated,parsed,rating_anchor,0.9767,0.9917,54,768,13.248,南洋中菜￥89/人 | L5 | 🌟🌟⭐⭐ | 4.3,新叻荟.大肥羅南洋小馆 | 退见/南学食 | 新叻荟 | 南洋中菜￥89/人 | L5 | 🌟🌟⭐⭐ | 4.3 | 点评榜单 | 上海南洋中菜好评榜第2名 | HUI | XI4 | L | 休息中 | 八 | 精致菜品让你心情愉悦 | “ | 5 | 4.5折 | ￥9.9 | 惠 | ￥22经典泰式手拉奶茶,ocr/input_videos\上海__中信泰富广场__20260825.mp4
OBS-000072,中信泰富广场,中信泰富广场-停车场,中信泰富广场-停车场,停车场,3.6,,B2,rated,True,,rated,parsed,rating_anchor,0.9169,0.9884,54,768,13.248,🌟⭐3.6停车场 | B2,中信泰富广场-停车场 | 🌟⭐3.6停车场 | B2,ocr/input_videos\上海__中信泰富广场__20260825.mp4
OBS-000073,中信泰富广场,四季民福烤鸭店,四季民福烤鸭店,烤鸭,4.8,190,L4,rated,True,,rated,parsed,rating_anchor,0.9711,0.9966,57,768,13.248,4.8烤鸭￥190/人 | L4,四季民福烤鸭店 | 4.8烤鸭￥190/人 | L4 | 四季氏福 | PEKING CHAMBER | 点评榜单 | 烤鸭店 | 南京西路商圈美食好评榜第6名 | 一品北京味儿 | 环境好价格低，上菜快卫生好 | 1 | 8.7折 | ￥23 | 惠 | ￥19.9 | 鸭货零食 | ￥989.8折 | 惠 | ￥100100元代金券,ocr/input_videos\上海__中信泰富广场__20260825.mp4
OBS-000074,中信泰富广场,宛宴·徽州本味,宛宴·徽州本味,徽菜,3.9,68,L3,rated,True,,rated,parsed,rating_anchor,0.9499,0.9671,52,768,13.248,徽菜￥68/人 | L3 | 🌟🌟🌟🌟🌟 | 3.9,宛宴·徽州本味 | 宛宴 | 徽菜￥68/人 | L3 | 🌟🌟🌟🌟🌟 | 3.9 | 点评榜单 | 静安区徽菜打卡人气榜第6名 | 休息中 | ￥238 | ￥158 | 6.7折 | 【地道徽菜】宛宴.. | 惠 | ￥91 | ￥100 | 9.1折 | 【帮你省薪】100元.. | 惠,ocr/input_videos\上海__中信泰富广场__20260825.mp4
OBS-000075,中信泰富广场,宛宴·徽州本味,宛宴·徽州本味,徽菜,3.9,68,L3,rated,True,,rated,parsed,rating_anchor,0.9541,0.9562,52,804,13.869,★🌟★3.9 | L3 | 徽菜￥68/人,宛宴·徽州本味 | 宛 | ★🌟★3.9 | L3 | 徽菜￥68/人 | 点评榜单 | 静安区徽菜打卡人气榜第6名 | 休息中 | ￥1586.7折 | ￥238 | 【地道徽菜】宛宴. | 惠 | ￥91 | ￥100 | 9.1折 | 惠 | 【帮你省薪】100元.,ocr/input_videos\上海__中信泰富广场__20260825.mp4
OBS-000076,中信泰富广场,NIESSING,NIESSING,综合珠宝首饰,3.9,,L1,rated,True,,rated,parsed,rating_anchor,0.9987,0.9978,50,804,13.869,🌟🌟🎉🌟⭐ | L1 | 综合珠宝首饰 | 3.9,NIESSING | 🌟🌟🎉🌟⭐ | L1 | 综合珠宝首饰 | 3.9 | NIESSING | 德国百年工艺，钻石光芒无遮挡 | Seit 1873,ocr/input_videos\上海__中信泰富广场__20260825.mp4
OBS-000077,中信泰富广场,T9tea,T9tea,茶饮果汁,4.3,36,L2,rated,True,,rated,parsed,rating_anchor,0.9741,0.9951,59,804,13.869,⭐🌟⭐⭐ | L2 | 茶饮果汁￥36/人 | 4.3,T9tea | CNT STATOIC CTNCNFGT | 一□，像冰演淋在口中化开 | ⭐🌟⭐⭐ | L2 | 茶饮果汁￥36/人 | 4.3 | 点评榜单 | 南京西路商圈茶饮果汁环境榜第2名 | TP PREMIUM TEA | ￥19.9 | 【限时福利返场】爱. | 5.6折 | ￥36 | 惠,ocr/input_videos\上海__中信泰富广场__20260825.mp4
OBS-000078,中信泰富广场,代数学家algebraist,代数学家algebraist,咖啡,3.9,29,L5,rated,True,,rated,parsed,rating_anchor,0.971,0.9985,58,804,13.869,🌟🌟🌟🌟🌟 | L5 | 咖啡￥29/人 | 3.9,代数学家algebraist | 🌟🌟🌟🌟🌟 | L5 | 咖啡￥29/人 | 3.9 | 点评榜单 | 南京西路商圈咖啡回头客榜第8名 | ￥19.9 | 8折 | ￥25 | 惠 | 【工作充电】经典系...,ocr/input_videos\上海__中信泰富广场__20260825.mp4
OBS-000079,中信泰富广场,BOOMER·OFF vintage,BOOMER·OFFvintage,杂货礼品,4.9,112,LG,rated,True,,rated,parsed,rating_anchor,0.9773,0.9885,63,804,13.869,LG | 🌟🌟🌟🌟🌟 | 杂货礼品￥112/人 | 4.9,"BOOMER·OFF vintage | LG | 🌟🌟🌟🌟🌟 | 杂货礼品￥112/人 | 4.9 | BOOMER·OFF | vintage"" | 点评榜单 | 南京西路商圈杂货礼品好评榜第1名 | 中古店琳琅满目，服务热情周到 | ≤ | 3",ocr/input_videos\上海__中信泰富广场__20260825.mp4
OBS-000080,中信泰富广场,宛宴·徽州本味,宛宴·徽州本味,徽菜,3.9,68,L3,rated,True,,rated,parsed,rating_anchor,0.9637,0.9831,55,828,14.283,L3 | 🌟🌟🌟🌟⭐ | 徽菜￥68/人 | 3.9,宛宴·徽州本味 | 宛宴 | L3 | 🌟🌟🌟🌟⭐ | 徽菜￥68/人 | 3.9 | 点评榜单 | 静安区徽菜打卡人气榜第6名 | 休息中 | ￥1586.7折 | ￥238 | 惠 | 【地道徽菜】宛宴. | ￥91 | ￥100 | 9.1折 | 【帮你省薪】100元.. | 惠,ocr/input_videos\上海__中信泰富广场__20260825.mp4
OBS-000081,中信泰富广场,NIESSING,NIESSING,综合珠宝首饰,3.9,,L1,rated,True,,rated,parsed,rating_anchor,0.9987,0.9981,48,828,14.283,L1 | 🌟🌟🌟🌟★ | 综合珠宝首饰 | 3.9,NIESSING | L1 | 🌟🌟🌟🌟★ | 综合珠宝首饰 | 3.9 | NIESSING | 德国百年工艺，钻石光芒无遮挡” | Seit 1873,ocr/input_videos\上海__中信泰富广场__20260825.mp4
OBS-000082,中信泰富广场,T9tea,T9tea,茶饮果汁,4.3,36,L2,rated,True,,rated,parsed,rating_anchor,0.9789,0.9913,64,828,14.283,🌟🌟🌟🌟 | L2 | 4.3茶饮果汁￥36/人,T9tea | OV SAAU E LAONFO | 一口，像冰淋在口中化开 | 🌟🌟🌟🌟 | L2 | 4.3茶饮果汁￥36/人 | 点评榜单 | 南京西路商圈茶饮果汁环境榜第2名 | TYPREHIUM TEA | ￥36 | ￥19.9 | 5.6折 | 【限时福利返场】爱.. | 惠,ocr/input_videos\上海__中信泰富广场__20260825.mp4
OBS-000083,中信泰富广场,代数学家algebraist,代数学家algebraist,咖啡,3.9,29,L5,rated,True,,rated,parsed,rating_anchor,0.9728,0.9982,62,828,14.283,咖啡￥29/人 | 🌟🌟🌟🌟🌟 | L5 | 3.9,代数学家algebraist | 咖啡￥29/人 | 🌟🌟🌟🌟🌟 | L5 | 3.9 | 点评榜单 | 南京西路商圈咖啡回头客榜第8名 | ￥19.9 | ￥25 | 8折 | 【工作充电】经典系... | 惠,ocr/input_videos\上海__中信泰富广场__20260825.mp4
OBS-000084,中信泰富广场,BOOMER·OFF vintage,BOOMER·OFFvintage,杂货礼品,4.9,112,LG,rated,True,,rated,parsed,rating_anchor,0.9711,0.9762,64,828,14.283,LG | 🌟🌟⭐🌟4.9 | 杂货礼品￥112/人,BOOMER·OFF vintage | LG | 🌟🌟⭐🌟4.9 | 杂货礼品￥112/人 | BOOMER·OFF | Vintage: | 点评榜单 | 南京西路商圈杂货礼品好评榜第1名 | 中古店琳琅满目，服务热情周到 | “ | J,ocr/input_videos\上海__中信泰富广场__20260825.mp4
OBS-000085,中信泰富广场,代数字豕algebraist,代数字豕algebraist,咖啡,3.9,29,L5,rated,True,,rated,parsed,rating_anchor,0.9407,0.9335,46,888,15.318,⭐🌟🌟🌟3.9 | L5 | 咖啡￥29/人,代数字豕algebraist | ⭐🌟🌟🌟3.9 | L5 | 咖啡￥29/人 | 点评榜单 | 南京西路商圈咖啡回头客榜第8名 | ￥19.9 | ￥25 | 8折 | 【工作充电】经典系.. | 惠,ocr/input_videos\上海__中信泰富广场__20260825.mp4
OBS-000086,中信泰富广场,BOOMER·OFF vintage,BOOMER·OFFvintage,杂货礼品,4.9,112,LG,rated,True,,rated,parsed,rating_anchor,0.9726,0.9778,64,888,15.318,LG | 杂货礼品￥112/人 | 🌟🌟🎉4.9,BOOMER·OFF vintage | LG | 杂货礼品￥112/人 | 🌟🌟🎉4.9 | BOOMER·OFF | Vintage: | 点评榜单 | 南京西路商圈杂货礼品好评榜第1名 | 中古店琳琅满目，服务热情周到 | “,ocr/input_videos\上海__中信泰富广场__20260825.mp4
OBS-000087,中信泰富广场,Namoko超级食物,Namoko超级食物,饮品,3.9,41,LG,rated,True,,rated,parsed,rating_anchor,0.9509,0.97,53,888,15.318,3.9饮品￥41/人 | LG,Namoko超级食物 | Namoko | açai bowl | 3.9饮品￥41/人 | LG | ￥6.93.7折 | ￥18.9 | 【特惠爆款】醇香乳…. | 惠,ocr/input_videos\上海__中信泰富广场__20260825.mp4
OBS-000088,中信泰富广场,星巴克,星巴克,咖啡,3.9,38,L3,rated,True,,rated,parsed,rating_anchor,0.9718,0.9996,59,888,15.318,3.9咖啡￥38/人 | L3,星巴克 | 3.9咖啡￥38/人 | L3 | 性价比超，味道让人赞不绝口 | 真茶真奶真愛你 | ￥59.97.7折 | ￥78 | 【爆款推荐】星巴克. | 惠,ocr/input_videos\上海__中信泰富广场__20260825.mp4
OBS-000089,中信泰富广场,Vivienne Westwood,VivienneWestwood,服饰鞋包,3.8,3903,L1,rated,True,,rated,parsed,rating_anchor,0.9772,0.985,54,888,15.318,3.8服饰鞋包￥3903/人 | L1,Vivienne Westwood | 3.8服饰鞋包￥3903/人 | L1 | 货品齐全，项链时尚百搭 | “ | M Stand | 芒果凤梨系列上新,ocr/input_videos\上海__中信泰富广场__20260825.mp4
OBS-000090,中信泰富广场,代数学家algebraist,代数学家algebraist,咖啡,3.9,29,L5,rated,True,,rated,parsed,rating_anchor,0.9713,0.9975,48,900,15.525,🌟🌟⭐🌟🌟 | 咖啡￥29/人 | L5 | 3.9,代数学家algebraist | 🌟🌟⭐🌟🌟 | 咖啡￥29/人 | L5 | 3.9 | 点评榜单 | 南京西路商圈咖啡回头客榜第8名 | ￥19.9 | ￥25 | 8折 | 惠 | 【工作充电】经典系...,ocr/input_videos\上海__中信泰富广场__20260825.mp4
OBS-000091,中信泰富广场,BOOMER·OFF vintage,BOOMER·OFFvintage,杂货礼品,4.9,112,LG,rated,True,,rated,parsed,rating_anchor,0.9765,0.9858,66,900,15.525,LG | 🌟🌟🎉🎉🎉4.9 | 杂货礼品￥112/人,BOOMER·OFF vintage | LG | 🌟🌟🎉🎉🎉4.9 | 杂货礼品￥112/人 | BOOMER·OFF | Vintage: | 点评榜单 | 南京西路商圈杂货礼品好评榜第1名 | 中古店琳琅满目，服务热情周到”,ocr/input_videos\上海__中信泰富广场__20260825.mp4
OBS-000092,中信泰富广场,Namoko超级物,Namoko超级物,饮品,3.9,41,LG,rated,True,,rated,parsed,rating_anchor,0.973,0.9989,53,900,15.525,3.9饮品￥41/人 | LG,Namoko超级物 | Namoko | aqai bowl | 3.9饮品￥41/人 | LG | ￥6.9 | 3.7折 | ￥18.9 | 【特惠爆款】醇香乳. | 惠,ocr/input_videos\上海__中信泰富广场__20260825.mp4
OBS-000093,中信泰富广场,星巴克,星巴克,咖啡,3.9,38,L3,rated,True,,rated,parsed,rating_anchor,0.9776,0.9997,59,900,15.525,🌟🌟🌟🌟🌟 | L3 | 咖啡￥38/人 | 3.9,星巴克 | 🌟🌟🌟🌟🌟 | L3 | 咖啡￥38/人 | 3.9 | 性价比超高，味道让人赞不绝口” | 真茶真奶真爱你 | ￥59.97.7折 | ￥78 | 【爆款推荐】星巴克.. | 惠,ocr/input_videos\上海__中信泰富广场__20260825.mp4
OBS-000094,中信泰富广场,Vivienne Westwood,VivienneWestwood,服饰鞋包,3.8,3903,L1,rated,True,,rated,parsed,rating_anchor,0.9608,0.9728,44,900,15.525,⭐3.8服饰鞋包 | L1 | ￥3903/人,Vivienne Westwood | Vivienne | W2sowoo0 | ⭐3.8服饰鞋包 | L1 | ￥3903/人 | 货品齐全，项链时尚百搭 | 5 | M Stand | 芒果凤裂系列上新,ocr/input_videos\上海__中信泰富广场__20260825.mp4
OBS-000095,中信泰富广场,代数学家algebraist,代数学家algebraist,咖啡,3.9,29,L5,rated,True,,rated,parsed,rating_anchor,0.9714,0.9987,62,936,16.146,🌟🌟⭐💥🌟 | 咖啡￥29/人 | L5 | 3.9,代数学家algebraist | 🌟🌟⭐💥🌟 | 咖啡￥29/人 | L5 | 3.9 | 点评榜单 | 南京西路商圈咖啡回头客榜第8名 | ￥25 | ￥19.9 | 【工作充电】经典系... | 8折 | 惠,ocr/input_videos\上海__中信泰富广场__20260825.mp4
OBS-000096,中信泰富广场,BOOMER·OFF vintage,BOOMER·OFFvintage,杂货礼品,4.9,112,LG,rated,True,,rated,parsed,rating_anchor,0.9765,0.992,66,936,16.146,LG | 🌟🌟🌟🌟🌟4.9 | 杂货礼品￥112/人,BOOMER·OFF vintage | LG | 🌟🌟🌟🌟🌟4.9 | 杂货礼品￥112/人 | BOOMER·OFF | Vintage | 点评榜单 | 南京西路商圈杂货礼品好评榜第1名 | 中古店琳琅满目，服务热情周到,ocr/input_videos\上海__中信泰富广场__20260825.mp4
OBS-000097,中信泰富广场,Namoko超级食物,Namoko超级食物,饮品,3.9,41,LG,rated,True,,rated,parsed,rating_anchor,0.9676,0.9955,54,936,16.146,3.9饮品￥41/人 | LG,Namoko超级食物 | Namoko | agai bowl | 3.9饮品￥41/人 | LG | ￥6.93.7折 | ￥18.9 | 【特惠爆款】醇香乳.. | 惠,ocr/input_videos\上海__中信泰富广场__20260825.mp4
OBS-000098,中信泰富广场,星巴克,星巴克,咖啡,3.9,38,L3,rated,True,,rated,parsed,rating_anchor,0.9804,0.9996,59,936,16.146,🌟🌟🌟🌟🌟 | L3 | 3.9咖啡￥38/人,星巴克 | 🌟🌟🌟🌟🌟 | L3 | 3.9咖啡￥38/人 | 性价比超高，味道让人赞不绝口 | 真茶真奶真愛你 | ￥59.97.7折 | 【爆款推荐】星巴克... | ￥78 | 惠,ocr/input_videos\上海__中信泰富广场__20260825.mp4
OBS-000099,中信泰富广场,Vivienne Westwood,VivienneWestwood,服饰鞋包,3.8,3903,L1,rated,True,,rated,parsed,rating_anchor,0.982,0.995,47,936,16.146,3.8服饰鞋包￥3903/人 | L1,Vivienne Westwood | Viienne Wesowoo | 3.8服饰鞋包￥3903/人 | L1 | 货品齐全，项链时尚百搭 | 《,ocr/input_videos\上海__中信泰富广场__20260825.mp4
OBS-000100,中信泰富广场,星巴克,星巴克,咖啡,3.9,,L3,rated,True,,rated,parsed,rating_anchor,0.9779,0.9995,63,960,16.56,3.9咖啡￥38/ | ★★🌟★ | L3,星巴克 | 3.9咖啡￥38/ | ★★🌟★ | L3 | 性价比超，味道让人赞不绝 | 4 | 真茶真奶真愛你 | ￥59.97.7折 | ￥78 | 【爆款推荐】星巴克.. | 惠,ocr/input_videos\上海__中信泰富广场__20260825.mp4
OBS-000101,中信泰富广场,Vivienne Westwood,VivienneWestwood,服饰鞋包,3.8,3903,L1,rated,True,,rated,parsed,rating_anchor,0.9897,0.9806,48,960,16.56,★★★3.8 | L1 | ￥3903/人 | 服饰鞋包,Vivienne Westwood | esomoo | Vivieae | ★★★3.8 | L1 | ￥3903/人 | 服饰鞋包 | 货品齐全，项链时尚百搭”,ocr/input_videos\上海__中信泰富广场__20260825.mp4
OBS-000102,中信泰富广场,MStand,MStand,咖啡,4.2,31,L3,rated,True,,rated,parsed,rating_anchor,0.9473,0.9928,53,960,16.56,4.2咖啡￥31/人 | ⭐🌟⭐⭐⭐ | L3,MStand | 芒果风梨系列上新 | 4.2咖啡￥31/人 | ⭐🌟⭐⭐⭐ | L3 | ￥38 | ￥27.57.3折 | 【第次喝】招牌特.. | 惠,ocr/input_videos\上海__中信泰富广场__20260825.mp4
OBS-000103,中信泰富广场,龍炎馬仔烧味,龙炎马仔烧味,烧腊,4.3,98,商场内,rated,True,,rated,parsed,rating_anchor,0.9556,0.9987,55,960,16.56,商场内 | 烧腊￥98/人 | 🌟🌟★⭐ | 4.3 | ★,龍炎馬仔烧味 | 商场内 | 烧腊￥98/人 | 🌟🌟★⭐ | 4.3 | ★ | 点评榜单 | 静安区烧腊口味榜第1名 | PERFECTEAM | 服装 | -,ocr/input_videos\上海__中信泰富广场__20260825.mp4
OBS-000104,中信泰富广场,星巴克,星巴克,咖啡,3.9,38,L3,rated,True,,rated,parsed,rating_anchor,0.9816,0.9993,57,1008,17.388,⭐🌟🌟🌟🌟 | L3 | 3.9咖啡￥38/人,星巴克 | ⭐🌟🌟🌟🌟 | L3 | 3.9咖啡￥38/人 | 性价比超高，味道让人赞不绝口 | ( | 真茶真奶真爱你 | ￥59.9 | 【爆款推荐】星巴克. | 惠 | 7.7折 | ￥78,ocr/input_videos\上海__中信泰富广场__20260825.mp4
OBS-000105,中信泰富广场,Vivienne Westwood,VivienneWestwood,服饰鞋包,3.8,3903,L1,rated,True,,rated,parsed,rating_anchor,0.9913,0.9846,48,1008,17.388,￥3903/人 | 🌟🌟⭐🌟🌟 | 3.8服饰鞋包 | L1,Vivienne Westwood | Viienne Wesowood | ￥3903/人 | 🌟🌟⭐🌟🌟 | 3.8服饰鞋包 | L1 | 货品齐全，项链时尚百搭 | 《,ocr/input_videos\上海__中信泰富广场__20260825.mp4
OBS-000106,中信泰富广场,M Stand,MStand,咖啡,4.2,31,L3,rated,True,,rated,parsed,rating_anchor,0.9447,0.9364,52,1008,17.388,L3 | 🌟🌟🌟⭐🌟 | 4.2咖啡￥31/人,M Stand | 芒果凤梨系列上新 | L3 | 🌟🌟🌟⭐🌟 | 4.2咖啡￥31/人 | ￥27.5 | ￥38 | 7.3折 | 惠 | 【第一次喝】招牌特….,ocr/input_videos\上海__中信泰富广场__20260825.mp4
OBS-000107,中信泰富广场,龍炎馬仔烧味,龙炎马仔烧味,烧腊,4.3,98,商场内,rated,True,,rated,parsed,rating_anchor,0.9716,0.9988,57,1008,17.388,烧腊￥98/人 | 商场内 | 🌟🌟🌟🌟 | 4.3,龍炎馬仔烧味 | 烧腊￥98/人 | 商场内 | 🌟🌟🌟🌟 | 4.3 | 点评榜单 | 静安区烧腊口味榜第1名,ocr/input_videos\上海__中信泰富广场__20260825.mp4
OBS-000108,中信泰富广场,PERFECTEAM,PERFECTEAM,服装,4.1,,L1,rated,True,,rated,parsed,rating_anchor,0.9971,0.9985,44,1008,17.388,4.1服装 | L1 | ★★★★★,PERFECTEAM | PERFECTEAM | 4.1服装 | L1 | ★★★★★ | 中国菜·葱姜蒜,ocr/input_videos\上海__中信泰富广场__20260825.mp4
OBS-000109,中信泰富广场,PERFECTEAM,PERFECTEAM,服装,4.1,,L1,rated,True,,rated,parsed,rating_anchor,0.9989,0.9981,41,1068,18.423,🌟🌟⭐⭐ | 服装 | 4.1 | L1 | ★,PERFECTEAM | PERFECTEAM | 🌟🌟⭐⭐ | 服装 | 4.1 | L1 | ★,ocr/input_videos\上海__中信泰富广场__20260825.mp4
OBS-000110,中信泰富广场,中国菜·葱姜蒜,中国菜·葱姜蒜,特色菜,4.6,1833,L5,rated,True,,rated,parsed,rating_anchor,0.9408,0.9096,54,1068,18.423,⭐🌟🎉⭐🌟 | L5 | 4.6 | 特色菜￥1833/人,中国菜·葱姜蒜 | ⭐🌟🎉⭐🌟 | L5 | 4.6 | 特色菜￥1833/人 | 中国菜·葱姜蒜 | 点评榜单 | 南京西路商圈特色菜口味榜第9名 | 休息中,ocr/input_videos\上海__中信泰富广场__20260825.mp4
OBS-000111,中信泰富广场,北京同仁堂·知嘛健康,北京同仁堂·知嘛健康,咖啡,3.5,43,L4,rated,True,,rated,parsed,rating_anchor,0.9713,0.9867,53,1068,18.423,🌟🌟🌟3.5 | L4 | 咖啡￥43/人,北京同仁堂·知嘛健康 | 🌟🌟🌟3.5 | L4 | 咖啡￥43/人 | 如便京 | C,ocr/input_videos\上海__中信泰富广场__20260825.mp4
OBS-000112,中信泰富广场,VILEBREQUIN,VILEBREQUIN,服装,3.7,,L1,rated,True,,rated,parsed,rating_anchor,0.9991,0.9989,47,1068,18.423,🌟🌟🌟🌟🌟 | 服装 | L1 | 3.7,VILEBREQUIN | VILEBREOUIN | 🌟🌟🌟🌟🌟 | 服装 | L1 | 3.7 | 面料超舒服，店员态度甜 | “,ocr/input_videos\上海__中信泰富广场__20260825.mp4
OBS-000113,中信泰富广场,三序梅斋,三序梅斋,其他美食,,,LG,new_store,False,new_store,ocr_missing,parsed,metadata_anchor,0.9999,0.9998,57,1068,18.423,其他美食 | 新店 | LG,三序梅斋 | 其他美食 | 新店 | LG,ocr/input_videos\上海__中信泰富广场__20260825.mp4
OBS-000114,中信泰富广场,POEM,POEM,服装,4.4,3886,商场内,rated,True,,rated,parsed,rating_anchor,0.9804,0.9969,47,1068,18.423,商场内 | ★★★★ | 4.4服装￥3886/人 | ★,POEM | 商场内 | ★★★★ | 4.4服装￥3886/人 | ★ | 试衣间很美，版型剪裁超赞,ocr/input_videos\上海__中信泰富广场__20260825.mp4
OBS-000115,中信泰富广场,PERFECTEAM,PERFECTEAM,服装,4.1,,L1,rated,True,,rated,parsed,rating_anchor,0.9992,0.9985,43,1092,18.837,服装 | ⭐🌟🌟⭐ | L1 | 4.1 | ★,PERFECTEAM | PERFECTEAM | 服装 | ⭐🌟🌟⭐ | L1 | 4.1 | ★,ocr/input_videos\上海__中信泰富广场__20260825.mp4
OBS-000116,中信泰富广场,中国菜·葱姜蒜,中国菜·葱姜蒜,特色菜,4.6,1833,L5,rated,True,,rated,parsed,rating_anchor,0.9629,0.9541,54,1092,18.837,L5 | 🌟🌟🌟🌟🌟 | 特色菜￥1833/人 | 4.6,中国菜·葱姜蒜 | L5 | 🌟🌟🌟🌟🌟 | 特色菜￥1833/人 | 4.6 | 中国菜·葱姜蒜 | 点评榜单 | 南京西路商圈特色菜口味榜第9名 | 休息中,ocr/input_videos\上海__中信泰富广场__20260825.mp4
OBS-000117,中信泰富广场,北京同仁堂·知嘛健康,北京同仁堂·知嘛健康,咖啡,3.5,43,L4,rated,True,,rated,parsed,rating_anchor,0.9692,0.9877,57,1092,18.837,3.5咖啡￥43/人 | L4,北京同仁堂·知嘛健康 | 3.5咖啡￥43/人 | L4 | 招健京 | P大00n,ocr/input_videos\上海__中信泰富广场__20260825.mp4
OBS-000118,中信泰富广场,VILEBREQUIN,VILEBREQUIN,服装,3.7,,L1,rated,True,,rated,parsed,rating_anchor,0.9992,0.9986,50,1092,18.837,服装 | 🌟🌟🎉🌟🌟 | 3.7 | L1,VILEBREQUIN | YILEREOUN | 服装 | 🌟🌟🎉🌟🌟 | 3.7 | L1 | 面料超舒服，店员态度甜” | S,ocr/input_videos\上海__中信泰富广场__20260825.mp4
OBS-000119,中信泰富广场,三序梅斋,三序梅斋,其他美食,,,LG,new_store,False,new_store,ocr_missing,parsed,metadata_anchor,0.9998,0.9997,60,1092,18.837,其他美食 | LG | 新店,三序梅斋 | 其他美食 | LG | 新店,ocr/input_videos\上海__中信泰富广场__20260825.mp4
OBS-000120,中信泰富广场,POEM,POEM,服装,4.4,3886,商场内,rated,True,,rated,parsed,rating_anchor,0.9825,0.996,51,1092,18.837,商场内 | 🌟🌟🌟⭐ | 4.4服装￥3886/人 | ★,POEM | 商场内 | 🌟🌟🌟⭐ | 4.4服装￥3886/人 | ★ | 试衣间很美，版型剪裁超赞,ocr/input_videos\上海__中信泰富广场__20260825.mp4
OBS-000121,中信泰富广场,三序梅斋,三序梅斋,其他美食,,,LG,new_store,False,new_store,ocr_missing,parsed,metadata_anchor,0.9998,0.9998,57,1188,20.493,其他美食 | 新店 | LG,三序梅斋 | 其他美食 | 新店 | LG,ocr/input_videos\上海__中信泰富广场__20260825.mp4
OBS-000122,中信泰富广场,POEM,POEM,服装,4.4,3886,商场内,rated,True,,rated,parsed,rating_anchor,0.9839,0.9972,47,1188,20.493,商场内 | 🌟🌟⭐⭐ | 4.4服装￥3886/人 | ★,POEM | 商场内 | 🌟🌟⭐⭐ | 4.4服装￥3886/人 | ★ | “试衣间很美，版型剪裁超赞,ocr/input_videos\上海__中信泰富广场__20260825.mp4
OBS-000123,中信泰富广场,Kiton,Kiton,服装,4.3,133,L1,rated,True,,rated,parsed,rating_anchor,0.9812,0.9991,55,1188,20.493,⭐🌟🌟 | L1 | 服装￥133/人 | 4.3 | ★,Kiton | ⭐🌟🌟 | L1 | 服装￥133/人 | 4.3 | ★ | “Kiton用料和工艺顶级，服务细致周到,ocr/input_videos\上海__中信泰富广场__20260825.mp4
OBS-000124,中信泰富广场,TU设计师品牌,TU设计师品牌,服饰鞋包,4.8,3581,L3,rated,True,,rated,parsed,rating_anchor,0.9766,0.9997,55,1188,20.493,L3 | 🌟🌟🌟🌟🌟 | 服饰鞋包￥3581/人 | 4.8,TU设计师品牌 | L3 | 🌟🌟🌟🌟🌟 | 服饰鞋包￥3581/人 | 4.8 | “材质高级，设计感满分,ocr/input_videos\上海__中信泰富广场__20260825.mp4
OBS-000125,中信泰富广场,LADYS ELITE 慕裁,LADYSELITE慕裁,服装,4.3,2846,L3,rated,True,,rated,parsed,rating_anchor,0.9613,0.9701,57,1188,20.493,🌟🌟⭐⭐ | 服装￥2846/人 | L3 | 4.3,LADYS ELITE 慕裁 | 🌟🌟⭐⭐ | 服装￥2846/人 | L3 | 4.3 | 试衣服方便，质量也不错 | 2,ocr/input_videos\上海__中信泰富广场__20260825.mp4
OBS-000126,中信泰富广场,王磊YOUNG,王磊YOUNG,美发,4.5,289,L4,rated,True,,rated,parsed,rating_anchor,0.9991,0.9984,47,1188,20.493,L4 | 🌟🌟🌟⭐🌟 | 美发 | ￥289/人 | 4.5,王磊YOUNG | Hair Salon | L4 | 🌟🌟🌟⭐🌟 | 美发 | ￥289/人 | 4.5 | 王IYOUnE | 南京西路商圈洗吹销量榜第8名 | AIRSAI | Y,ocr/input_videos\上海__中信泰富广场__20260825.mp4
OBS-000127,中信泰富广场,三序梅斋,三序梅斋,其他美食,,,LG,new_store,False,new_store,ocr_missing,parsed,metadata_anchor,0.9998,0.9999,57,1212,20.907,其他美食 | 新店 | LG,三序梅斋 | 其他美食 | 新店 | LG,ocr/input_videos\上海__中信泰富广场__20260825.mp4
OBS-000128,中信泰富广场,POEM,POEM,服装,4.4,3886,商场内,rated,True,,rated,parsed,rating_anchor,0.9798,0.9969,47,1212,20.907,⭐🌟🌟⭐ | 4.4服装￥3886/人 | 商场内,POEM | ⭐🌟🌟⭐ | 4.4服装￥3886/人 | 商场内 | 试衣间很美，版型剪裁超赞,ocr/input_videos\上海__中信泰富广场__20260825.mp4
OBS-000129,中信泰富广场,Kiton,Kiton,服装,4.3,133,L1,rated,True,,rated,parsed,rating_anchor,0.9894,0.9993,52,1212,20.907,⭐🌟⭐⭐ | L1 | 4.3服装￥133/人 | ★,Kiton | ⭐🌟⭐⭐ | L1 | 4.3服装￥133/人 | ★ | “Kiton用料和工艺顶级，服务细致周到”,ocr/input_videos\上海__中信泰富广场__20260825.mp4
OBS-000130,中信泰富广场,TU设计师品牌,TU设计师品牌,服饰鞋包,,3581,L3,unknown,True,,ocr_missing,parsed,metadata_anchor,0.9885,0.9997,51,1212,20.907,⭐🌟⭐⭐🌟 | L3 | 服饰鞋包￥3581/人 | 14.8,TU设计师品牌 | ⭐🌟⭐⭐🌟 | L3 | 服饰鞋包￥3581/人 | 14.8 | “材质高级，设计感满分,ocr/input_videos\上海__中信泰富广场__20260825.mp4
OBS-000131,中信泰富广场,LADYS ELITE 慕裁,LADYSELITE慕裁,服装,4.3,2846,L3,rated,True,,rated,parsed,rating_anchor,0.9623,0.9654,55,1212,20.907,🌟🌟🌟🎉 | 服装￥2846/人 | L3 | * | 4.3,LADYS ELITE 慕裁 | 🌟🌟🌟🎉 | 服装￥2846/人 | L3 | * | 4.3 | 试衣服方便，质量也不错,ocr/input_videos\上海__中信泰富广场__20260825.mp4
OBS-000132,中信泰富广场,王磊YOUNG,王磊YOUNG,美发,4.5,289,L4,rated,True,,rated,parsed,rating_anchor,0.9995,0.999,49,1212,20.907,🌟🌟🎉🌟🌟 | ￥289/人 | 美发 | L4 | 4.5,Hair Salon | 王磊YOUNG | 🌟🌟🎉🌟🌟 | ￥289/人 | 美发 | L4 | 4.5 | 王IYOUDEA | 南京西路商圈洗吹销量榜第8名 | 美发 | 发型设计靠谱，全程仔细专业” | 【创音发型督导】选前吹 | 車 | 179 | V10O,ocr/input_videos\上海__中信泰富广场__20260825.mp4
OBS-000133,中信泰富广场,POEM,POEM,服装,4.4,3886,商场内,rated,True,,rated,parsed,rating_anchor,0.981,0.9942,57,1272,21.942,商场内 | 🌟🌟🌟🌟 | 4.4服装￥3886/人 | ￥,POEM | 商场内 | 🌟🌟🌟🌟 | 4.4服装￥3886/人 | ￥ | “试间很美，版型剪裁超赞 | ””,ocr/input_videos\上海__中信泰富广场__20260825.mp4
OBS-000134,中信泰富广场,Kiton,Kiton,服装,4.3,133,L1,rated,True,,rated,parsed,rating_anchor,0.9869,0.9989,56,1272,21.942,🌟🌟🌟🌟 | 4.3服装￥133/人 | L1,Kiton | 🌟🌟🌟🌟 | 4.3服装￥133/人 | L1 | 心 | “Kiton用料和工艺顶级，服务细致周到,ocr/input_videos\上海__中信泰富广场__20260825.mp4
OBS-000135,中信泰富广场,TU设计师品牌,TU设计师品牌,月,4.8,3581,L3,rated,True,,rated,parsed,rating_anchor,0.8412,0.9998,51,1272,21.942,L3 | ⭐🌟🎉🎉4.8月 | 服饰鞋包￥3581/人,TU设计师品牌 | L3 | ⭐🌟🎉🎉4.8月 | 服饰鞋包￥3581/人 | 材质级，设计感满分 | 3,ocr/input_videos\上海__中信泰富广场__20260825.mp4
OBS-000136,中信泰富广场,LADYS ELITE 慕裁,LADYSELITE慕裁,服装,4.3,2846,L3,rated,True,,rated,parsed,rating_anchor,0.9569,0.9483,55,1272,21.942,⭐🌟⭐⭐⭐ | 4.3服装￥2846/人 | L3,LADYS ELITE 慕裁 | ⭐🌟⭐⭐⭐ | 4.3服装￥2846/人 | L3 | 试衣服方便，质量也不错,ocr/input_videos\上海__中信泰富广场__20260825.mp4
OBS-000137,中信泰富广场,王磊YOUNG Hair Salon,王磊YOUNGHairSalon,美发,4.5,289,L4,rated,True,,rated,parsed,rating_anchor,0.9674,0.9773,54,1272,21.942,美发￥289/人 | L4 | 🌟🌟🌟🌟 | 4.5,王磊YOUNG Hair Salon | 美发￥289/人 | L4 | 🌟🌟🌟🌟 | 4.5 | 王惠IYOUNE | 南京西路商圈洗吹销量榜第8名 | 美发 | 发型设计靠谱，全程仔细专业” | “ | ￥178￥198 | 惠 | 【创意发型督导】洗剪吹,ocr/input_videos\上海__中信泰富广场__20260825.mp4
OBS-000138,中信泰富广场,THANN SPA,THANNSPA,SPA美体,4.4,699,L4,rated,True,,rated,parsed,rating_anchor,0.9691,0.986,48,1272,21.942,SPA美体￥699/人 | L4 | 🌟🌟⭐⭐ | 4.4,（中信泰富广场） | THANN SPA | SPA美体￥699/人 | L4 | 🌟🌟⭐⭐ | 4.4 | 南方西路商图SP按摩销号培策8名,ocr/input_videos\上海__中信泰富广场__20260825.mp4
OBS-000139,中信泰富广场,Kiton,Kiton,服装,4.3,133,L1,rated,True,,rated,parsed,rating_anchor,0.9786,0.999,58,1284,22.149,4.3服装￥133/人 | L1,Kiton | 4.3服装￥133/人 | L1 | “Kiton用料和工艺顶级，服务细致周到,ocr/input_videos\上海__中信泰富广场__20260825.mp4
OBS-000140,中信泰富广场,TU设计师品牌,TU设计师品牌,服饰鞋包,4.8,3581,L3,rated,True,,rated,parsed,rating_anchor,0.9827,0.9997,55,1284,22.149,4.8服饰鞋包￥3581/人 | L3,TU设计师品牌 | 4.8服饰鞋包￥3581/人 | L3 | 材质高级，设计感满分 | 3,ocr/input_videos\上海__中信泰富广场__20260825.mp4
OBS-000141,中信泰富广场,LADYS ELITE 慕裁,LADYSELITE慕裁,服装,4.3,2846,L3,rated,True,,rated,parsed,rating_anchor,0.9612,0.9545,55,1284,22.149,🌟🌟🌟⭐🌟 | L3 | 4.3服装￥2846/人,LADYS ELITE 慕裁 | 🌟🌟🌟⭐🌟 | L3 | 4.3服装￥2846/人 | 试衣服方便，质量也不错,ocr/input_videos\上海__中信泰富广场__20260825.mp4
OBS-000142,中信泰富广场,王磊YOUNG Hair Salon,王磊YOUNGHairSalon,美发,4.5,289,L4,rated,True,,rated,parsed,rating_anchor,0.9742,0.9785,56,1284,22.149,🌟🌟🎉🌟🌟 | 4.5美发￥289/人 | L4,王磊YOUNG Hair Salon | 🌟🌟🎉🌟🌟 | 4.5美发￥289/人 | L4 | 王IYOUNE | 南京西路商圈洗吹销量榜第8名 | 美发 | 发型设计靠谱，全程仔细专业” | 0 | 《 | ￥178￥198 | 惠 | 【创意发型督导】洗剪吹,ocr/input_videos\上海__中信泰富广场__20260825.mp4
OBS-000143,中信泰富广场,THANN SPA(中信泰富广场）,THANNSPA(中信泰富广场),SPA美体,4.4,699,L4,rated,True,,rated,parsed,rating_anchor,0.9508,0.9194,53,1284,22.149,🌟🌟⭐⭐ | 4.4SPA美体￥699/人 | L4 | ★,THANN SPA(中信泰富广场） | 🌟🌟⭐⭐ | 4.4SPA美体￥699/人 | L4 | ★ | 南京西路商圈SPA按摩销量榜第8名 | 精油选择多样，服务贴心专业” | “ | ￥726￥88060分钟全身按摩|泰式精油.. | 惠,ocr/input_videos\上海__中信泰富广场__20260825.mp4
OBS-000144,中信泰富广场,Kiton,Kiton,服装,4.3,133,L1,rated,True,,rated,parsed,rating_anchor,0.9842,0.9992,57,1332,22.977,4.3服装￥133/人 | L1,Kiton | 4.3服装￥133/人 | L1 | “Kiton用料和工艺顶级，服务细致周到,ocr/input_videos\上海__中信泰富广场__20260825.mp4
OBS-000145,中信泰富广场,TU设计师品牌,TU设计师品牌,服饰鞋包,4.8,3581,L3,rated,True,,rated,parsed,rating_anchor,0.9847,0.9998,55,1332,22.977,4.8服饰鞋包￥3581/人 | L3,TU设计师品牌 | 4.8服饰鞋包￥3581/人 | L3 | 材质高级，设计感满分 | 3,ocr/input_videos\上海__中信泰富广场__20260825.mp4
OBS-000146,中信泰富广场,LADYS ELITE 慕裁,LADYSELITE慕裁,服装,4.3,2846,L3,rated,True,,rated,parsed,rating_anchor,0.97,0.9692,55,1332,22.977,L3 | 4.3服装￥2846/人 | 🌟🌟🌟🌟⭐,LADYS ELITE 慕裁 | L3 | 4.3服装￥2846/人 | 🌟🌟🌟🌟⭐ | 试衣服方便，质量也不错,ocr/input_videos\上海__中信泰富广场__20260825.mp4
OBS-000147,中信泰富广场,王磊YOUNG Hair Salon,王磊YOUNGHairSalon,美发,4.5,289,L4,rated,True,,rated,parsed,rating_anchor,0.9654,0.9821,54,1332,22.977,4.5美发￥289/人 | L4,王磊YOUNG Hair Salon | 4.5美发￥289/人 | L4 | 王IYOUnE | 南京西路商圈洗吹销量榜第8名 | 1 | 美发 | 发型设计靠谱，全程仔细专业” | 0 | “ | ￥178￥198 | 惠 | 【创意发型督导】洗剪吹,ocr/input_videos\上海__中信泰富广场__20260825.mp4
OBS-000148,中信泰富广场,THANNSPA(中信泰富广场）,THANNSPA(中信泰富广场),SPA美体,4.4,699,L4,rated,True,,rated,parsed,rating_anchor,0.9624,0.9474,53,1332,22.977,🌟🌟⭐ | L4 | 4.4SPA美体￥699/人,THANNSPA(中信泰富广场） | 🌟🌟⭐ | L4 | 4.4SPA美体￥699/人 | 南京西路商圈SPA按摩销量榜第8名 | 精油选择多样，服务贴心专业“ | “ | ￥726￥88060分钟全身按摩|泰式精油... | 惠,ocr/input_videos\上海__中信泰富广场__20260825.mp4
OBS-000149,中信泰富广场,Kiton,Kiton,服装,4.3,133,L1,rated,True,,rated,parsed,rating_anchor,0.9869,0.9991,57,1356,23.391,🌟🌟🌟🌟 | L1 | 4.3服装￥133/人 | ★,Kiton | 🌟🌟🌟🌟 | L1 | 4.3服装￥133/人 | ★ | Kiton用料和工艺顶级，服务细致周到,ocr/input_videos\上海__中信泰富广场__20260825.mp4
OBS-000150,中信泰富广场,TU设计师品牌,TU设计师品牌,服饰鞋包,4.8,3581,L3,rated,True,,rated,parsed,rating_anchor,0.9809,0.9999,54,1356,23.391,⭐🌟🎉🎉🎉4.8 | L3 | 服饰鞋包￥3581/人,TU设计师品牌 | ⭐🌟🎉🎉🎉4.8 | L3 | 服饰鞋包￥3581/人 | “材质高级，设计感满分,ocr/input_videos\上海__中信泰富广场__20260825.mp4
OBS-000151,中信泰富广场,LADYS ELITE 慕裁,LADYSELITE慕裁,服装,4.3,2846,L3,rated,True,,rated,parsed,rating_anchor,0.97,0.9711,54,1356,23.391,🌟🌟⭐⭐🌟 | L3 | 4.3服装￥2846/人,LADYS ELITE 慕裁 | TKSBUTH | 🌟🌟⭐⭐🌟 | L3 | 4.3服装￥2846/人 | 试衣服方便，质量也不错 | 1,ocr/input_videos\上海__中信泰富广场__20260825.mp4
OBS-000152,中信泰富广场,王磊YOUNG Hair Salon,王磊YOUNGHairSalon,美发,4.5,289,L4,rated,True,,rated,parsed,rating_anchor,0.9657,0.9829,54,1356,23.391,4.5美发￥289/人 | L4,王磊YOUNG Hair Salon | 4.5美发￥289/人 | L4 | 王惠IYOUNEA | 南京西路商圈洗吹销量榜第8名 | 41 | 美发 | 发型设计靠谱，全程仔细专业” | “ | ￥178￥198 | 【创意发型督导】洗剪吹 | 惠,ocr/input_videos\上海__中信泰富广场__20260825.mp4
OBS-000153,中信泰富广场,THANN SPA,THANNSPA,SPA美体,4.4,699,L4,rated,True,,rated,parsed,rating_anchor,0.9614,0.9507,44,1356,23.391,⭐🌟⭐⭐ | L4 | 4.4SPA美体￥699/人 | ★,（中信泰富广场） | THANN SPA | ⭐🌟⭐⭐ | L4 | 4.4SPA美体￥699/人 | ★ | 南京西路商圈SPA按摩销量榜第8名 | 精油选择多样，服务贴心专业” | ￥726￥88060分钟全身按摩泰式精油.... | 惠,ocr/input_videos\上海__中信泰富广场__20260825.mp4
OBS-000154,中信泰富广场,SUNTORY 威士忌&酒吧,SUNTORY威士忌&酒吧,威士忌吧,4.8,317,L5,rated,True,,rated,parsed,rating_anchor,0.9521,0.9419,51,1356,23.391,L5 | 4.8威士忌吧￥317/人,SUNTORY 威士忌&酒吧 | SUNTORY | L5 | 4.8威士忌吧￥317/人 | 得利 | …,ocr/input_videos\上海__中信泰富广场__20260825.mp4
OBS-000155,中信泰富广场,THANN SPA,THANNSPA,SPA美体,4.4,699,L4,rated,True,,rated,parsed,rating_anchor,0.9667,0.9621,44,1392,24.012,🌟🌟🌟 | L4 | SPA美体￥699/人 | 4.4,（中信泰富广场） | THANN SPA | 🌟🌟🌟 | L4 | SPA美体￥699/人 | 4.4 | 南京西路商圈SPA按摩销量榜第8名 | 精油选择多样，服务贴心专业 | ￥726￥88060分钟全身按摩泰式精油... | 惠,ocr/input_videos\上海__中信泰富广场__20260825.mp4
OBS-000156,中信泰富广场,SUNTORY威士忌&酒吧,SUNTORY威士忌&酒吧,威士忌吧,4.8,317,L5,rated,True,,rated,parsed,rating_anchor,0.9691,0.9812,51,1392,24.012,4.8威士忌吧￥317/人 | L5,SUNTORY威士忌&酒吧 | SUNTORY | 4.8威士忌吧￥317/人 | L5 | 得利 | “酒醇香可口，食材特别新鲜” | 中国旗舰店 | 休息中 | ￥315￥388三得利威士忌品鉴套餐 | 惠,ocr/input_videos\上海__中信泰富广场__20260825.mp4
OBS-000157,中信泰富广场,上海澳盛教育信息咨询有限公司,上海澳盛教育信息咨询有限公司,留学申请/咨询,3.4,,商场内,rated,True,,rated,parsed,rating_anchor,0.9444,0.9991,53,1392,24.012,⭐★⭐3.4留学申请/咨询 | 商场内,上海澳盛教育信息咨询有限公司 | ⭐★⭐3.4留学申请/咨询 | 商场内 | OvEdu | 质照欢育,ocr/input_videos\上海__中信泰富广场__20260825.mp4
OBS-000158,中信泰富广场,Strip毛发管理,Strip毛发管理,脱毛,4.1,263,LG,rated,True,,rated,parsed,rating_anchor,0.9825,0.9997,54,1392,24.012,⭐🌟⭐⭐⭐ | 4.1脱毛￥263/人 | LG,Strip毛发管理 | SAMNG | VIRGIN | FORESTS | ⭐🌟⭐⭐⭐ | 4.1脱毛￥263/人 | LG | WIAXATAYID | 十 | 南京西路商圈脱毛销量榜第7名 | 香氛味浓郁，脱毛干净利落 | 4.9折 | ￥201 | 比基尼VIO脱毛女士.... | 惠 | ￥420,ocr/input_videos\上海__中信泰富广场__20260825.mp4
OBS-000159,中信泰富广场,A+ Car Beauty,A+CarBeauty,美容洗车,4.2,144,B2,rated,True,,rated,parsed,rating_anchor,0.976,0.9766,61,1392,24.012,4.2美容洗车￥144/人 | B2 | ★★★★ | ★,A+ Car Beauty | 4.2美容洗车￥144/人 | B2 | ★★★★ | ★ | 洗车打蜡性价比高，效果跟新车一样,ocr/input_videos\上海__中信泰富广场__20260825.mp4
OBS-000160,中信泰富广场,THANNSPA(中信泰富广场）,THANNSPA(中信泰富广场),SPA美体,4.4,699,L4,rated,True,,rated,parsed,rating_anchor,0.9512,0.9352,54,1404,24.219,⭐🌟⭐⭐🌟 | L4 | 4.4SPA美体￥699/人,THANNSPA(中信泰富广场） | ⭐🌟⭐⭐🌟 | L4 | 4.4SPA美体￥699/人 | 南京西路商圈SPA按摩销量榜第8名 | 精油选择多样，服务贴心专业” | ￥726￥88060分钟全身按摩泰式精油... | 惠,ocr/input_videos\上海__中信泰富广场__20260825.mp4
OBS-000161,中信泰富广场,SUNTORY威士忌&酒吧,SUNTORY威士忌&酒吧,威士忌吧,4.8,317,L5,rated,True,,rated,parsed,rating_anchor,0.9618,0.9723,51,1404,24.219,4.8威士忌吧￥317/人 | L5,SUNTORY威士忌&酒吧 | SUNTORY | 4.8威士忌吧￥317/人 | L5 | 得利 | “酒醇香可口，食材特别新鲜” | 中国旗舰店 | 休息中 | ￥315￥388三得利威士忌品鉴套餐 | 惠,ocr/input_videos\上海__中信泰富广场__20260825.mp4
OBS-000162,中信泰富广场,上海澳盛教育信息咨询有限公司,上海澳盛教育信息咨询有限公司,留学申请/咨询,3.4,,商场内,rated,True,,rated,parsed,rating_anchor,0.9662,0.9992,51,1404,24.219,商场内 | ★3.4留学申请/咨询,上海澳盛教育信息咨询有限公司 | 商场内 | ★3.4留学申请/咨询 | OvEdu | 速报数育,ocr/input_videos\上海__中信泰富广场__20260825.mp4
OBS-000163,中信泰富广场,Strip毛发管理,Strip毛发管理,脱,4.1,,LG,rated,True,,rated,parsed,rating_anchor,0.9662,0.9997,59,1404,24.219,LG | 4.1脱263/人,Strip毛发管理 | SAUING | VIRGIN | FORESTS | LG | 4.1脱263/人 | 十年 | 南京西路商圈脱毛销量榜第7名 | 香氛味浓郁，脱毛干净利落 | ￥2014.9折 | ￥420比基尼VIO脱毛|女士. | 惠,ocr/input_videos\上海__中信泰富广场__20260825.mp4
OBS-000164,中信泰富广场,A+ CarBeauty,A+CarBeauty,美容洗车,4.2,144,B2,rated,True,,rated,parsed,rating_anchor,0.9778,0.9838,61,1404,24.219,🌟🌟🌟⭐🌟 | B2 | 4.2美容洗车￥144/人,A+ CarBeauty | 🌟🌟🌟⭐🌟 | B2 | 4.2美容洗车￥144/人 | 洗车打蜡性价比高，效果跟新车一样,ocr/input_videos\上海__中信泰富广场__20260825.mp4
OBS-000165,中信泰富广场,THANNSPA(,THANNSPA(,SPA美体,4.4,699,L4,rated,True,,rated,parsed,rating_anchor,0.9624,0.9479,45,1428,24.633,🌟🌟⭐⭐ | L4 | 4.4SPA美体￥699/人 | ★,（中信泰富广场） | THANNSPA( | 🌟🌟⭐⭐ | L4 | 4.4SPA美体￥699/人 | ★ | 南京西路商圈SPA按摩销量榜第8名 | 精油选择多样，服务贴心专业” | 3 | ￥726￥88060分钟全身按摩泰式精油... | 惠,ocr/input_videos\上海__中信泰富广场__20260825.mp4
OBS-000166,中信泰富广场,SUNTORY 威士忌&酒吧,SUNTORY威士忌&酒吧,威士忌吧,4.8,317,L5,rated,True,,rated,parsed,rating_anchor,0.967,0.9684,54,1428,24.633,4.8威士忌吧￥317/人 | L5,SUNTORY 威士忌&酒吧 | SUNTORY | 4.8威士忌吧￥317/人 | L5 | 得利 | 9 | “酒水醇香可口，食材特别新鲜” | 中国旗舰店 | 休息中 | ￥315￥388三得利威士忌品鉴套餐 | 惠,ocr/input_videos\上海__中信泰富广场__20260825.mp4
OBS-000167,中信泰富广场,上海澳盛教育信息咨询有限公司,上海澳盛教育信息咨询有限公司,留学申请/咨询,3.4,,商场内,rated,True,,rated,parsed,rating_anchor,0.9469,0.9992,54,1428,24.633,商场内 | ⭐⭐⭐3.4留学申请/咨询,上海澳盛教育信息咨询有限公司 | 商场内 | ⭐⭐⭐3.4留学申请/咨询 | OvEdu | 美服欢,ocr/input_videos\上海__中信泰富广场__20260825.mp4
OBS-000168,中信泰富广场,Strip毛发管理,Strip毛发管理,脱毛,4.1,263,LG,rated,True,,rated,parsed,rating_anchor,0.9809,0.9997,61,1428,24.633,LG | 🌟🌟🌟 | 4.1脱毛￥263/人 | ★,Strip毛发管理 | SAUING | VIRGIN | FORESTS | ONE BRNZIUAN | LG | 🌟🌟🌟 | 4.1脱毛￥263/人 | 十 | WAXATA TIME | ★ | 南京西路商圈脱毛销量榜第7名 | 香氛味浓郁，脱毛干净利落 | 5 | ￥2014.9折 | ￥420比基尼VI0脱毛女士.. | 惠,ocr/input_videos\上海__中信泰富广场__20260825.mp4
OBS-000169,中信泰富广场,A+ Car Beauty,A+CarBeauty,美容洗车,4.2,144,B2,rated,True,,rated,parsed,rating_anchor,0.9749,0.9785,64,1428,24.633,⭐🌟🌟🌟⭐ | B2 | 4.2美容洗车￥144/人,A+ Car Beauty | ⭐🌟🌟🌟⭐ | B2 | 4.2美容洗车￥144/人 | 洗车打蜡性价比高，效果跟新车一样 | C,ocr/input_videos\上海__中信泰富广场__20260825.mp4
OBS-000170,中信泰富广场,SUNTORY威士忌&酒吧,SUNTORY威士忌&酒吧,威士忌吧,4.8,317,L5,rated,True,,rated,parsed,rating_anchor,0.9598,0.9849,48,1476,25.461,4.8威士忌吧￥317/人 | L5,SUNTORY威士忌&酒吧 | SUNrORY | 4.8威士忌吧￥317/人 | L5 | 得利 | 酒醇香可口，食材特别新鲜 | 中国旗舰店 | 休息中 | ￥315￥388三得利威士忌品鉴套餐 | 惠,ocr/input_videos\上海__中信泰富广场__20260825.mp4
OBS-000171,中信泰富广场,上海澳盛教育信息咨询有限公司,上海澳盛教育信息咨询有限公司,留学申请/咨询,3.4,,商场内,rated,True,,rated,parsed,rating_anchor,0.9637,0.9991,51,1476,25.461,⭐3.4留学申请/咨询 | 商场内,上海澳盛教育信息咨询有限公司 | ⭐3.4留学申请/咨询 | 商场内 | OvEdu | 量款,ocr/input_videos\上海__中信泰富广场__20260825.mp4
OBS-000172,中信泰富广场,Strip毛发管理,Strip毛发管理,脱毛,4.1,263,LG,rated,True,,rated,parsed,rating_anchor,0.9576,0.9995,55,1476,25.461,LG | ★4.1脱毛￥263/人,Strip毛发管理 | SAVNG | VIRGIN | FORESTS | EA2A | LG | ★4.1脱毛￥263/人 | 十年 | 南京西路商圈脱毛销量榜第7名 | 香氛味浓郁，脱毛干净利落 | 2 | ￥201 | 4.9折 | ￥420比基尼VIO脱毛|女士.. | 惠,ocr/input_videos\上海__中信泰富广场__20260825.mp4
OBS-000173,中信泰富广场,A+ Car Beauty,A+CarBeauty,美容洗车,4.2,144,B2,rated,True,,rated,parsed,rating_anchor,0.9706,0.9732,60,1476,25.461,🌟🌟⭐⭐🌟 | B2 | 4.2美容洗车￥144/人,A+ Car Beauty | 🌟🌟⭐⭐🌟 | B2 | 4.2美容洗车￥144/人 | 洗车打蜡性价比高，效果跟新车一样 | ￥158￥218[精致洗车]水晶蜡精洗轿车 | 惠,ocr/input_videos\上海__中信泰富广场__20260825.mp4
OBS-000174,中信泰富广场,拉伸大师·按摩拉伸·筋膜放松,拉伸大师·按摩拉伸·筋膜放松,康复矫正,4.8,283,L4,rated,True,,rated,parsed,rating_anchor,0.969,0.9758,48,1476,25.461,4.8康复矫正￥283/人 | L4,拉伸大师·按摩拉伸·筋膜放松 | 缓解酸痛 | 4.8康复矫正￥283/人 | L4 | 比按摩更见效 | 南京西路商圈康复矫正销量榜第2名 | 全国30家净面专业入 | 排酸效果杠杠的，服务细心专业,ocr/input_videos\上海__中信泰富广场__20260825.mp4
OBS-000175,中信泰富广场,Strip毛发官理,Strip毛发官理,脱毛,4.1,263,LG,rated,True,,rated,parsed,rating_anchor,0.9368,0.9121,47,1500,25.875,LG | 🌟⭐ | 4.1脱毛￥263/人 | ★,Strip毛发官理 | VIRGIN | FORESTS | E A | LG | 🌟⭐ | 4.1脱毛￥263/人 | 十年 | ★ | 南京西路商圈脱毛销量榜第7名 | 香氛味浓郁，脱毛干净利落” | ￥2014.9折 | ￥420比基尼VIO脱毛|女.. | 惠,ocr/input_videos\上海__中信泰富广场__20260825.mp4
OBS-000176,中信泰富广场,A+ Car Beauty,A+CarBeauty,美容洗车,4.2,144,B2,rated,True,,rated,parsed,rating_anchor,0.9647,0.9569,60,1500,25.875,⭐🌟⭐⭐🌟 | 4.2美容洗车￥144/人 | B2,A+ Car Beauty | ⭐🌟⭐⭐🌟 | 4.2美容洗车￥144/人 | B2 | 洗车打蜡性价比高，效果跟新车一样 | 惠￥158￥218[精致洗车]晶蜡精洗|轿车,ocr/input_videos\上海__中信泰富广场__20260825.mp4
OBS-000177,中信泰富广场,拉伸大师·按摩拉伸·筋膜放松,拉伸大师·按摩拉伸·筋膜放松,康复矫正,4.8,283,L4,rated,True,,rated,parsed,rating_anchor,0.9602,0.9817,54,1500,25.875,4.8康复矫正￥283/人 | L4,拉伸大师·按摩拉伸·筋膜放松 | 缓解酸痛 | 4.8康复矫正￥283/人 | L4 | 比按摩更见效 | n | 全国30家热件面专业入 | 南京西路商圈康复矫正销量榜第2名 | 0 | 排酸效果杠杠的，服务细心专业 | ￥493.8折 | ￥160 | 惠 | 【腿部排酸】气压裤..,ocr/input_videos\上海__中信泰富广场__20260825.mp4
OBS-000178,中信泰富广场,米希尔鲜花,米希尔鲜花,花店,4.8,340,商场内,rated,True,,rated,parsed,rating_anchor,0.9438,0.9977,56,1500,25.875,4.8花店￥340/人 | 商场内,米希尔鲜花 | 4.8花店￥340/人 | 商场内 | 点评榜单 | 南京西路商圈植物花卉好评榜第2名 | 鲜花小铺，咖啡花束两不误,ocr/input_videos\上海__中信泰富广场__20260825.mp4
OBS-000179,中信泰富广场,小Q弹,小Q弹,养发,3.9,172,L4,rated,True,,rated,parsed,rating_anchor,0.9485,0.9942,70,1500,25.875,3.9养发￥172/人 | L4,小Q弹 | 85W13E3 | 3.9养发￥172/人 | L4 | 从头至颈全域焕新 | 小C弹 | ￥239 | ￥1619.6折 | 【疗愈舒压头疗】 | 惠,ocr/input_videos\上海__中信泰富广场__20260825.mp4
OBS-000180,中信泰富广场,Strip毛反管理,Strip毛反管理,脱毛,4.1,263,LG,rated,True,,rated,parsed,rating_anchor,0.9478,0.9317,52,1512,26.082,🌟🌟🎉🎉🌟 | LG | 4.1脱毛￥263/人,Strip毛反管理 | VIRGIN | FORESTS | 🌟🌟🎉🎉🌟 | LG | 十年 | 4.1脱毛￥263/人 | 南京西路商圈脱毛销量榜第7名 | 香氛味浓郁，脱毛干净利落 | ￥2014.9折 | ￥420比基尼VIO脱毛女士.. | 惠,ocr/input_videos\上海__中信泰富广场__20260825.mp4
OBS-000181,中信泰富广场,A+ Car Beauty,A+CarBeauty,美容洗车,4.2,144,B2,rated,True,,rated,parsed,rating_anchor,0.9693,0.9846,64,1512,26.082,4.2美容洗车￥144/人 | B2,A+ Car Beauty | 4.2美容洗车￥144/人 | B2 | 洗车打蜡性价比高，效果跟新车一样” | “ | ￥158￥218[精致洗车]水晶蜡精洗轿车 | 惠,ocr/input_videos\上海__中信泰富广场__20260825.mp4
OBS-000182,中信泰富广场,拉伸大师·按摩拉伸·筋膜放松,拉伸大师·按摩拉伸·筋膜放松,康复矫正,4.8,283,L4,rated,True,,rated,parsed,rating_anchor,0.9457,0.9789,51,1512,26.082,L4 | ⭐4.8康复矫正￥283/人,拉伸大师·按摩拉伸·筋膜放松 | 缓解酸痛 | L4 | ⭐4.8康复矫正￥283/人 | 比按摩更见效 | 1 | 南京西路商圈康复矫正销量榜第2名 | 全国30家拉件更智业 | 排酸效果杠杠的，服务细心专业 | L | ￥49 | ￥160 | 【腿部排酸】气压裤.. | 3.8折 | 惠,ocr/input_videos\上海__中信泰富广场__20260825.mp4
OBS-000183,中信泰富广场,米希尔鲜花,米希尔鲜花,花店,4.8,340,商场内,rated,True,,rated,parsed,rating_anchor,0.9801,0.995,55,1512,26.082,商场内 | 4.8花店￥340/人,米希尔鲜花 | 商场内 | 4.8花店￥340/人 | 点评榜单 | 南京西路商圈植物花卉好评榜第2名 | 鲜花小铺，咖啡花束两不误 | 2 | C,ocr/input_videos\上海__中信泰富广场__20260825.mp4
OBS-000184,中信泰富广场,小Q弹,小Q弹,养发,3.9,172,L4,rated,True,,rated,parsed,rating_anchor,0.972,0.992,71,1512,26.082,3.9养发￥172/人 | L4,小Q弹 | 8E9113208 | 3.9养发￥172/人 | L4 | 从头至颈全域焕新 | 小弹 | ￥239 | ￥1619.6折 | 【疗愈舒压头疗】 | 惠,ocr/input_videos\上海__中信泰富广场__20260825.mp4
OBS-000185,中信泰富广场,Strip毛发管理,Strip毛发管理,脱毛,4.1,263,LG,rated,True,,rated,parsed,rating_anchor,0.9799,0.9997,58,1560,26.91,LG | 🌟🌟🌟🎉 | 4.1脱毛￥263/人,Strip毛发管理 | SAUNG | VIRGIN | FORESTS | LG | 🌟🌟🌟🎉 | 4.1脱毛￥263/人 | 十面 | 南京西路商圈脱毛销量榜第7名 | 香氛味浓郁，脱毛干净利落” | ￥2014.9折 | ￥420比基尼VIO脱毛女士.. | 惠,ocr/input_videos\上海__中信泰富广场__20260825.mp4
OBS-000186,中信泰富广场,A+ Car Beauty,A+CarBeauty,美容洗车,4.2,144,B2,rated,True,,rated,parsed,rating_anchor,0.9742,0.9775,65,1560,26.91,🌟🌟🌟⭐⭐ | 4.2美容洗车￥144/人 | B2,A+ Car Beauty | 🌟🌟🌟⭐⭐ | 4.2美容洗车￥144/人 | B2 | 洗车打蜡性价比高，效果跟新车一样” | “ | ￥158￥218[精致洗车]水晶蜡精洗|轿车 | 惠,ocr/input_videos\上海__中信泰富广场__20260825.mp4
OBS-000187,中信泰富广场,拉伸大师·按摩拉伸·筋膜放松,拉伸大师·按摩拉伸·筋膜放松,康复矫正,4.8,283,L4,rated,True,,rated,parsed,rating_anchor,0.9709,0.9833,51,1560,26.91,L4 | 4.8康复矫正￥283/人,拉伸大师·按摩拉伸·筋膜放松 | 缓解酸痛 | L4 | 4.8康复矫正￥283/人 | 比按摩更见效 | 0 | 南京西路商圈康复矫正销量榜第2名 | 金国30家热持更智业 | 排酸效果杠杠的，服务细心专业 | ￥160 | ￥49 | 3.8折 | 惠 | 【腿部排酸】气压裤...,ocr/input_videos\上海__中信泰富广场__20260825.mp4
OBS-000188,中信泰富广场,米希尔鲜花,米希尔鲜花,花店,4.8,340,商场内,rated,True,,rated,parsed,rating_anchor,0.9722,0.9877,56,1560,26.91,商场内 | 4.8花店￥340/人,米希尔鲜花 | 商场内 | 4.8花店￥340/人 | 点评榜单 | 南京西路商圈植物花卉好评榜第2名 | 鲜花小铺，咖啡花束两不误,ocr/input_videos\上海__中信泰富广场__20260825.mp4
OBS-000189,中信泰富广场,小Q弹,小Q弹,养发,3.9,172,L4,rated,True,,rated,parsed,rating_anchor,0.9717,0.993,68,1560,26.91,3.9养发￥172/人 | L4,小Q弹 | KE97113008 | 3.9养发￥172/人 | L4 | 从头至颈全域焕新 | 小Q弹 | V230 | 【疗愈叙压疗】,ocr/input_videos\上海__中信泰富广场__20260825.mp4
OBS-000190,中信泰富广场,米希尔鲜花,米希尔鲜花,花店,4.8,340,商场内,rated,True,,rated,parsed,rating_anchor,0.9729,0.9953,55,1632,28.152,商场内 | 4.8花店￥340/人,米希尔鲜花 | 商场内 | 4.8花店￥340/人 | 点评榜单 | 南京西路商圈植物花卉好评榜第2名 | 鲜花小铺，咖啡花束两不误 | 5,ocr/input_videos\上海__中信泰富广场__20260825.mp4
OBS-000191,中信泰富广场,小Q弹,小Q弹,养发,3.9,172,L4,rated,True,,rated,parsed,rating_anchor,0.9775,0.9936,68,1632,28.152,3.9养发￥172/人 | L4,小Q弹 | AEE95S28 | 150a | 3.9养发￥172/人 | L4 | 从头至颈全域焕新 | 小C弹 | ￥239 | ￥1619.6折 | 惠 | 【疗愈舒压头疗】,ocr/input_videos\上海__中信泰富广场__20260825.mp4
OBS-000192,中信泰富广场,贞观谨制手工眼镜,贞观谨制手工眼镜,眼镜店,4.6,,L3,rated,True,,rated,parsed,rating_anchor,0.9978,0.9986,53,1632,28.152,眼镜店 | 🌟🎉🌟🌟 | L3 | 4.6,貞霞謹裂 | 贞观谨制手工眼镜 | 眼镜店 | 🌟🎉🌟🌟 | L3 | 4.6 | “简约时尚装修，眼镜款式丰富齐全”,ocr/input_videos\上海__中信泰富广场__20260825.mp4
OBS-000193,中信泰富广场,八马茶业,八马茶业,茶馆,4.6,72,L4,rated,True,,rated,parsed,rating_anchor,0.9866,0.9982,60,1632,28.152,⭐🌟🌟🌟🌟 | L4 | 4.6茶馆￥72/人,八马茶业 | 八马茶业 | BAUAIEA | ⭐🌟🌟🌟🌟 | L4 | 4.6茶馆￥72/人 | 品牌商务茶馆 | 全国超3800家连锁店 | 点评榜单 | 南京西路商圈茶馆好评榜第2名 | 环境克制安静，茶香层次清晰 | ￥500￥550 | 惠 | 「送礼佳品」鼎红/马到系.. | ￥3000￥3200代金券 | 惠,ocr/input_videos\上海__中信泰富广场__20260825.mp4
OBS-000194,中信泰富广场,MCM,MCM,奢侈品,4.2,4721,L1,rated,True,,rated,parsed,rating_anchor,0.9697,0.9875,55,1632,28.152,4.2奢侈品￥4721/人 | L1,MCM | 4.2奢侈品￥4721/人 | L1,ocr/input_videos\上海__中信泰富广场__20260825.mp4
OBS-000195,中信泰富广场,米希尔鲜花,米希尔鲜花,花店,4.8,340,商场内,rated,True,,rated,parsed,rating_anchor,0.9263,0.9017,52,1680,28.98,商场内 | 4.8花店￥340/人,米希尔鲜花 | 商场内 | 4.8花店￥340/人 | 点评榜单 | 南京西路商圈植物花卉好评榜第2名 | 鲜花小铺，咖啡花束两不误 | 5,ocr/input_videos\上海__中信泰富广场__20260825.mp4
OBS-000196,中信泰富广场,小Q弹,小Q弹,养发,3.9,172,L4,rated,True,,rated,parsed,rating_anchor,0.9763,0.9976,68,1680,28.98,3.9养发￥172/人 | L4,小Q弹 | NEPWLSEN | B | 3.9养发￥172/人 | L4 | 从头至颈全域焕新 | 小C弹 | ￥239 | ￥1619.6折 | 惠 | 【疗愈舒压头疗】,ocr/input_videos\上海__中信泰富广场__20260825.mp4
OBS-000197,中信泰富广场,贞观谨制手工眼镜,贞观谨制手工眼镜,眼镜店,4.6,,L3,rated,True,,rated,parsed,rating_anchor,0.9975,0.9981,53,1680,28.98,🌟🌟🌟⭐🌟 | 眼镜店 | L3 | 4.6,貞霞謹裂 | 贞观谨制手工眼镜 | 🌟🌟🌟⭐🌟 | 眼镜店 | L3 | 4.6 | “简约时尚装修，眼镜款式丰富齐全”,ocr/input_videos\上海__中信泰富广场__20260825.mp4
OBS-000198,中信泰富广场,八马茶业,八马茶业,茶馆,4.6,72,L4,rated,True,,rated,parsed,rating_anchor,0.9866,0.9981,57,1680,28.98,🌟🌟🌟⭐🌟 | L4 | 4.6茶馆￥72/人,八马茶业 | 八马茶业 | BASAIEA | 🌟🌟🌟⭐🌟 | L4 | 4.6茶馆￥72/人 | 品牌商务茶馆 | 全国超3800家连锁店 | 点评榜单 | 南京西路商圈茶馆好评榜第2名 | 环境克制安静，茶香层次清晰 | ￥500￥550 | 惠 | 「送礼佳品」鼎红/马到系.. | ￥3000￥3200代金券 | 惠,ocr/input_videos\上海__中信泰富广场__20260825.mp4
OBS-000199,中信泰富广场,MCM,MCM,奢侈品,4.2,4721,L1,rated,True,,rated,parsed,rating_anchor,0.954,0.9884,56,1680,28.98,L1 | ⭐4.2奢侈品￥4721/人,MCM | L1 | ⭐4.2奢侈品￥4721/人 | 周大福 CHOW TAI FOOK,ocr/input_videos\上海__中信泰富广场__20260825.mp4
OBS-000200,中信泰富广场,贞观谨制手工眼镜,贞观谨制手工眼镜,眼镜店,4.6,,L3,rated,True,,rated,parsed,rating_anchor,0.9983,0.999,54,1704,29.394,🌟🌟🌟🌟 | 眼镜店 | L3 | 4.6,贞观谨制手工眼镜 | 貞欢谨装 | 🌟🌟🌟🌟 | 眼镜店 | L3 | 4.6 | 简约时尚装修，眼镜款式丰富齐全,ocr/input_videos\上海__中信泰富广场__20260825.mp4
OBS-000201,中信泰富广场,八马茶业,八马茶业,茶馆,4.6,72,L4,rated,True,,rated,parsed,rating_anchor,0.9688,0.9988,53,1704,29.394,4.6茶馆￥72/人 | L4,八马茶业 | 八马茶业 | EAUNTEA | 4.6茶馆￥72/人 | L4 | 品牌商务茶馆 | 全国超3800家连锁店 | 点评榜单 | 南京西路商圈茶馆好评榜第2名 | “环境克制安静，茶香层次清晰 | ￥500 | 「送礼佳品」鼎红/马到系... | 惠 | ￥550 | ￥3000￥3200代金券 | 惠,ocr/input_videos\上海__中信泰富广场__20260825.mp4
OBS-000202,中信泰富广场,MCM,MCM,奢侈品,4.2,4721,L1,rated,True,,rated,parsed,rating_anchor,0.9712,0.9902,51,1704,29.394,🌟🌟⭐⭐ | 奢侈品￥4721/人 | L1 | 4.2 | ★,MCM | 🌟🌟⭐⭐ | 奢侈品￥4721/人 | L1 | 4.2 | ★,ocr/input_videos\上海__中信泰富广场__20260825.mp4
OBS-000203,中信泰富广场,周大福CHOW TAIFOOK,周大福CHOWTAIFOOK,黄金饰,4.1,,LG,rated,True,,rated,parsed,rating_anchor,0.9523,0.9697,55,1704,29.394,⭐🌟⭐⭐⭐ | 4.1黄金饰￥10151/ | LG,周大福CHOW TAIFOOK | ⭐🌟⭐⭐⭐ | 4.1黄金饰￥10151/ | LG | 周大福 | 款式经久不衰，服务细致周到” | SINCE 1929,ocr/input_videos\上海__中信泰富广场__20260825.mp4
OBS-000204,中信泰富广场,泡泡玛特机器人商店,泡泡玛特机器人商店,杂货礼品,4.2,,LG,rated,True,,rated,parsed,rating_anchor,0.9567,0.9997,55,1704,29.394,★4.2杂货礼品 | LG,泡泡玛特机器人商店 | POP MART | ★4.2杂货礼品 | LG,ocr/input_videos\上海__中信泰富广场__20260825.mp4
OBS-000205,中信泰富广场,WCLINIC·海菲秀黑钻,WCLINIC·海菲秀黑钻,皮肤管理,4.7,1282,L4,rated,True,,rated,parsed,rating_anchor,0.9837,0.9895,51,1704,29.394,🌟🌟🌟🌟🌟 | L4 | 皮肤管理￥1282/人 | 4.7,WCLINIC·海菲秀黑钻 | 🌟🌟🌟🌟🌟 | L4 | 皮肤管理￥1282/人 | 4.7 | 南京西路商圈美容美体回头客榜第4名,ocr/input_videos\上海__中信泰富广场__20260825.mp4
OBS-000206,中信泰富广场,MCM,MCM,奢侈品,4.2,,L1,rated,True,,rated,parsed,rating_anchor,0.9871,0.9897,55,1716,29.601,4.2奢侈品4721/人 | L1,MCM | 4.2奢侈品4721/人 | L1,ocr/input_videos\上海__中信泰富广场__20260825.mp4
OBS-000207,中信泰富广场,周大福CHOW TAI FOOK,周大福CHOWTAIFOOK,黄金首饰,4.1,10151,LG,rated,True,,rated,parsed,rating_anchor,0.9149,0.9337,55,1716,29.601,LG | 4.1黄金首饰￥10151/人,周大福CHOW TAI FOOK | LG | 4.1黄金首饰￥10151/人 | 周大福 | 款式经久不衰，服务细致周到” | SINCE 1929 | ≤,ocr/input_videos\上海__中信泰富广场__20260825.mp4
OBS-000208,中信泰富广场,泡泡玛特机器人商店,泡泡玛特机器人商店,杂货礼品,4.2,,LG,rated,True,,rated,parsed,rating_anchor,0.9975,0.9997,55,1716,29.601,4.2杂货礼品 | LG | 🌟🌟⭐⭐ | ★,泡泡玛特机器人商店 | POP MART | 4.2杂货礼品 | LG | 🌟🌟⭐⭐ | ★ | ROED SHOP,ocr/input_videos\上海__中信泰富广场__20260825.mp4
OBS-000209,中信泰富广场,WCLINIC·海菲秀黑钻,WCLINIC·海菲秀黑钻,皮肤管理,4.7,1282,L4,rated,True,,rated,parsed,rating_anchor,0.9519,0.9763,51,1716,29.601,L4 | 4.7皮肤管理￥1282/人,WCLINIC·海菲秀黑钻 | L4 | 4.7皮肤管理￥1282/人 | 南京西路商圈美容美体回头客榜第4名 | CLINIC | 热力舱暴汗解压，皮肤管理放松去处” | ￥880 | ￥268090分钟清洁补水|海... | 6.3折 | 惠,ocr/input_videos\上海__中信泰富广场__20260825.mp4
OBS-000210,中信泰富广场,钻焕利钻石珠宝回收寄卖,钻焕利钻石珠宝回收寄卖,钻石彩宝,4.6,,L3,rated,True,,rated,parsed,rating_anchor,0.9718,0.9985,53,1716,29.601,4.6钻石彩宝6257/人 | L3,钻焕利钻石珠宝回收寄卖 | 4.6钻石彩宝6257/人 | L3 | 专业回收钻珠宝，性价比 | 3,ocr/input_videos\上海__中信泰富广场__20260825.mp4
OBS-000211,中信泰富广场,MCM,MCM,奢侈品,4.2,4721,L1,rated,True,,rated,parsed,rating_anchor,0.9746,0.9889,50,1752,30.222,⭐🌟⭐⭐ | L1 | 4.2奢侈品￥4721/人 | ★,MCM | ⭐🌟⭐⭐ | L1 | 4.2奢侈品￥4721/人 | ★,ocr/input_videos\上海__中信泰富广场__20260825.mp4
OBS-000212,中信泰富广场,周大福 CHOW TAI FOOK,周大福CHOWTAIFOOK,黄金首饰,4.1,10151,LG,rated,True,,rated,parsed,rating_anchor,0.9492,0.9228,55,1752,30.222,⭐🌟🌟⭐⭐ | LG | 4.1黄金首饰￥10151/人,周大福 CHOW TAI FOOK | ⭐🌟🌟⭐⭐ | LG | 4.1黄金首饰￥10151/人 | 周大福 | 款式经久不衰，服务细致周到” | SINCE 1929,ocr/input_videos\上海__中信泰富广场__20260825.mp4
OBS-000213,中信泰富广场,泡泡玛特机器人商店,泡泡玛特机器人商店,杂货礼品,4.2,,LG,rated,True,,rated,parsed,rating_anchor,0.9425,0.9993,54,1752,30.222,LG | ⭐⭐4.2杂货礼品,泡泡玛特机器人商店 | POP MART | LG | ⭐⭐4.2杂货礼品,ocr/input_videos\上海__中信泰富广场__20260825.mp4
OBS-000214,中信泰富广场,W CLINIC·海菲秀黑钻,WCLINIC·海菲秀黑钻,皮肤管理,4.7,1282,L4,rated,True,,rated,parsed,rating_anchor,0.953,0.9708,54,1752,30.222,4.7皮肤管理￥1282/人 | L4,W CLINIC·海菲秀黑钻 | 4.7皮肤管理￥1282/人 | L4 | 南京西路商圈美容美体回头客榜第4名 | CLINIC | 热力舱暴汗解压，皮肤管理放松去处 | G | ￥880 | ￥268090分钟清洁补水|海... | 6.3折 | 惠,ocr/input_videos\上海__中信泰富广场__20260825.mp4
OBS-000215,中信泰富广场,钻焕利钻石珠宝回收寄卖,钻焕利钻石珠宝回收寄卖,钻石彩宝,4.6,6257,L3,rated,True,,rated,parsed,rating_anchor,0.9795,0.998,54,1752,30.222,4.6钻石彩宝￥6257/人 | L3,钻焕利钻石珠宝回收寄卖 | GIA证书站石价更高 | 高价回收 | 4.6钻石彩宝￥6257/人 | L3 | 克控 | 钻岩 | 专业回收钻石珠宝，性价比高 | 钻石彩宝|珍瑞黄金 | ￥9.9￥199 | 【免费评估】珠宝首饰手镯... | 惠 | ￥1￥99代金券 | 惠,ocr/input_videos\上海__中信泰富广场__20260825.mp4
OBS-000216,中信泰富广场,泡泡玛特机器人商店,泡泡玛特机器人商店,杂货礼品,4.2,,LG,rated,True,,rated,parsed,rating_anchor,0.9575,0.9975,54,1824,31.464,LG | ⭐4.2 杂货礼品,泡泡玛特机器人商店 | POP MART | LG | ⭐4.2 杂货礼品,ocr/input_videos\上海__中信泰富广场__20260825.mp4
OBS-000217,中信泰富广场,WCLINIC·海菲秀黑钻,WCLINIC·海菲秀黑钻,肤管理,4.7,,L4,rated,True,,rated,parsed,rating_anchor,0.9445,0.9675,58,1824,31.464,4.7肤管理￥1282/ | L4,WCLINIC·海菲秀黑钻 | 4.7肤管理￥1282/ | L4 | 南京西路商圈美容美体回头客榜第4名 | CLINIC | 热力舱暴汗解压，皮肤管理放松去处 | ￥880 | 惠 | ￥268090分钟清洁补水|海... | 6.3折,ocr/input_videos\上海__中信泰富广场__20260825.mp4
OBS-000218,中信泰富广场,钻焕利钻石珠宝回收寄卖,钻焕利钻石珠宝回收寄卖,钻石彩宝,4.6,6257,L3,rated,True,,rated,parsed,rating_anchor,0.9512,0.9979,53,1824,31.464,4.6钻石彩宝￥6257/人 | L3,钻焕利钻石珠宝回收寄卖 | GIA证书站石价更高 | 高价回收 | 喜培 | 4.6钻石彩宝￥6257/人 | L3 | 专业回收钻石珠宝，性价比高 | 钻石形宝|脸珠美全 | 惠 | ￥9.9￥199 | 【免费评估】珠宝首饰手镯.... | ￥1￥99代金券 | 惠,ocr/input_videos\上海__中信泰富广场__20260825.mp4
OBS-000219,中信泰富广场,梦可达天然&培育钻石珠宝定制中心,梦可达天然&培育钻石珠宝定制中心,钻石彩宝,4.6,7561,L3,rated,True,,rated,parsed,rating_anchor,0.9367,0.9558,51,1824,31.464,L3 | 4.6钻石彩宝￥7561/人,梦可达天然&培育钻石珠宝定制中心 | L3 | 4.6钻石彩宝￥7561/人 | M.DIAMOND | 梦可达珠宝 | “珠宝多婚纱美，环境好试穿便” | 理武，实的时行 | ￥9.9￥20018K金铂金【GIA钻石定制.. | 惠 | 惠￥1￥100代金券,ocr/input_videos\上海__中信泰富广场__20260825.mp4
OBS-000220,中信泰富广场,小米之家,小米之家,数码产品,4.8,5156,LG,rated,True,,rated,parsed,rating_anchor,0.9771,0.998,56,1824,31.464,LG | 4.8数码产品￥5156/人,小米之家 | LG | 4.8数码产品￥5156/人 | “环境舒适宜人，新设备琳琅满目 | 55,ocr/input_videos\上海__中信泰富广场__20260825.mp4
OBS-000221,中信泰富广场,W CLINIC·海菲秀黑钻,WCLINIC·海菲秀黑钻,皮肤管理,4.7,1282,L4,rated,True,,rated,parsed,rating_anchor,0.9613,0.9604,51,1848,31.878,4.7皮肤管理￥1282/人 | L4,W CLINIC·海菲秀黑钻 | 4.7皮肤管理￥1282/人 | L4 | 南京西路商圈美容美体回头客榜第4名 | CLINIC | 热力舱暴汗解压，皮肤管理放松去处 | ￥8806.3折 | ￥268090分钟清洁补水|海.. | 惠,ocr/input_videos\上海__中信泰富广场__20260825.mp4
OBS-000222,中信泰富广场,钻焕利钻石珠宝回收寄卖,钻焕利钻石珠宝回收寄卖,钻石彩宝,4.6,6257,L3,rated,True,,rated,parsed,rating_anchor,0.9737,0.9979,57,1848,31.878,4.6钻石彩宝￥6257/人 | L3,钻焕利钻石珠宝回收寄卖 | GIA证书站石价更高 | 高价回收 | 4.6钻石彩宝￥6257/人 | L3 | 克拉 | 钻岩 | 专业回收钻石珠宝，性价比高 | KC | 钻石|彩宝|脸珠|全 | ￥9.9￥199 | 惠 | 【免费评估】珠宝首饰手镯... | ￥1￥99代金券 | 惠,ocr/input_videos\上海__中信泰富广场__20260825.mp4
OBS-000223,中信泰富广场,梦可达天然&培育钻石珠宝定制中心,梦可达天然&培育钻石珠宝定制中心,钻石彩宝,4.6,7561,L3,rated,True,,rated,parsed,rating_anchor,0.9628,0.976,51,1848,31.878,L3 | 4.6钻石彩宝￥7561/人,梦可达天然&培育钻石珠宝定制中心 | L3 | 4.6钻石彩宝￥7561/人 | M.DIAMOND | 梦可达珠宝 | “珠宝多婚纱美，环境好试穿便” | ，实医的交 | ￥9.9￥20018K金铂金【GIA钻石定制.. | 惠 | 惠￥1￥100代金券,ocr/input_videos\上海__中信泰富广场__20260825.mp4
OBS-000224,中信泰富广场,小米之家,小米之家,数码产品,4.8,5156,LG,rated,True,,rated,parsed,rating_anchor,0.9814,0.9985,59,1848,31.878,4.8数码产品￥5156/人 | LG,小米之家 | 4.8数码产品￥5156/人 | MI | LG | 环境舒适宜人，新设备琳琅满目 | J | ““ | ￥9.99￥11.1小米巨能写中性笔10支装 | 惠,ocr/input_videos\上海__中信泰富广场__20260825.mp4
OBS-000225,中信泰富广场,小米之家,小米之家,数码产品,4.8,5156,LG,rated,True,,rated,parsed,rating_anchor,0.9805,0.9985,57,1908,32.913,LG | 4.8数码产品￥5156/人,小米之家 | MI | LG | 4.8数码产品￥5156/人 | “环境舒适宜人，新设备琳琅满目 | ￥9.99￥11.1小米巨能写中性笔10支装 | 惠,ocr/input_videos\上海__中信泰富广场__20260825.mp4
OBS-000226,中信泰富广场,CICI纤美·科技减肥美容,CICI纤美·科技减肥美容,瘦身纤体,4.7,172,L4,rated,True,,rated,parsed,rating_anchor,0.9687,0.9792,54,1908,32.913,4.7瘦身纤体￥172/人 | L4,CICI纤美·科技减肥美容 | CICI纤美 | Deacty  Sirariog | 瘦 | 4.7瘦身纤体￥172/人 | L4 | 点评榜单 | 南京西路商圈瘦身纤体好评榜第1名 | 全身血液循环，服务态度很好 | “ | ￥1217.3折 | ￥2200115分钟背部+腰腹... | 惠,ocr/input_videos\上海__中信泰富广场__20260825.mp4
OBS-000227,中信泰富广场,福奈特洗衣洗鞋,福奈特洗衣洗鞋,洗衣洗鞋,3.9,173,LG,rated,True,,rated,parsed,rating_anchor,0.9849,0.9998,54,1908,32.913,LG | 🌟🌟🌟3.9 | 洗衣洗鞋￥173/人,福奈特洗衣洗鞋 | FORNET | LG | 🌟🌟🌟3.9 | 洗衣洗鞋￥173/人 | 上门取送 | 南京西路商圈洗涤回头客榜实体店第3名 | 服务细节满分，清洗效果惊艳 | Since 1997 | “ | 惠￥77￥88 | 【到店洗衣】任洗1件羽绒服/.. | 惠￥45￥50代金券,ocr/input_videos\上海__中信泰富广场__20260825.mp4
OBS-000228,中信泰富广场,OPPO体验店,OPPO体验店,数码产品,4.8,2590,LG,rated,True,,rated,parsed,rating_anchor,0.9824,0.9992,55,1908,32.913,LG | 🌟🌟🌟🎉🌟4.8 | 数码产品￥2590/人,OPPO体验店 | LG | 🌟🌟🌟🎉🌟4.8 | 数码产品￥2590/人 | Oppo | “拍照特别清晰，续航也很长 | 惠￥1￥39.9120umUV固化机膜5折券,ocr/input_videos\上海__中信泰富广场__20260825.mp4
OBS-000229,中信泰富广场,小米之家,小米之家,数码产品,4.8,5156,LG,rated,True,,rated,parsed,rating_anchor,0.9782,0.9983,56,1932,33.327,LG | 4.8数码产品￥5156/人,小米之家 | MI | LG | 4.8数码产品￥5156/人 | 环境舒适宜人，新设备琳琅满目 | ￥9.99￥11.1小米巨能写中性笔10支装 | 惠,ocr/input_videos\上海__中信泰富广场__20260825.mp4
OBS-000230,中信泰富广场,CICI纤美·科技减肥美容,CICI纤美·科技减肥美容,瘦身纤体,4.7,172,L4,rated,True,,rated,parsed,rating_anchor,0.9798,0.9871,57,1932,33.327,🌟🌟🌟🌟🌟 | 瘦身纤体￥172/人 | L4 | 4.7,CICI纤美·科技减肥美容 | CICI纤美 | DeaLv Sirnrng | 瘦 | 🌟🌟🌟🌟🌟 | 瘦身纤体￥172/人 | L4 | 4.7 | 点评榜单 | 南京西路商圈瘦身纤体好评榜第1名 | 4 | 全身血液循环，服务态度很好 | ￥2200115分钟背部+腰腹... | ￥1217.3折 | 惠,ocr/input_videos\上海__中信泰富广场__20260825.mp4
OBS-000231,中信泰富广场,福奈特洗衣洗鞋,福奈特洗衣洗鞋,洗衣洗鞋,3.9,173,LG,rated,True,,rated,parsed,rating_anchor,0.9851,0.9999,54,1932,33.327,🌟🌟🌟🌟🌟 | LG | 洗衣洗鞋￥173/人 | 3.9,福奈特洗衣洗鞋 | FORNET | 🌟🌟🌟🌟🌟 | LG | 洗衣洗鞋￥173/人 | 3.9 | 上门取送 | 南京西路商圈洗涤回头客榜实体店第3名 | 服务细节满分，清洗效果惊艳 | Since 1997 | 2 | ，6 | ￥77￥88 | 惠 | 【到店洗衣】任洗1件羽绒服/... | ￥45￥50代金券 | 惠,ocr/input_videos\上海__中信泰富广场__20260825.mp4
OBS-000232,中信泰富广场,OPPO体验店,OPPO体验店,数码产品,4.8,2590,LG,rated,True,,rated,parsed,rating_anchor,0.9828,0.9991,58,1932,33.327,LG | 🌟🌟🎉🎉🎉4.8 | 数码产品￥2590/人,OPPO体验店 | LG | 🌟🌟🎉🎉🎉4.8 | 数码产品￥2590/人 | OPpo | “拍照特别清晰，续航也很长 | 惠￥1￥39.9120umUV固化机膜5折券,ocr/input_videos\上海__中信泰富广场__20260825.mp4
OBS-000233,中信泰富广场,瑞尔齿科,瑞尔齿科,口腔医疗机构,4.4,,L4,rated,True,,rated,parsed,rating_anchor,0.9971,0.9996,57,1932,33.327,🌟🌟⭐⭐ | L4 | 4.4口腔医疗机构 | ★,瑞尔齿科 | ARRAIL瑞沉 | 🌟🌟⭐⭐ | L4 | 4.4口腔医疗机构 | ★ | 瑞尔齿科 | 静安区窝沟封闭销量榜第5名,ocr/input_videos\上海__中信泰富广场__20260825.mp4
OBS-000234,中信泰富广场,CICI纤美·科技减肥美容,CICI纤美·科技减肥美容,瘦身纤体,4.7,172,L4,rated,True,,rated,parsed,rating_anchor,0.9784,0.9864,58,1980,34.155,★★★★★ | 4.7瘦身纤体￥172/人 | L4,CICI纤美·科技减肥美容 | CICI纤美 | FaLty  BInwYan | 瘦 | ★★★★★ | 4.7瘦身纤体￥172/人 | L4 | 点评榜单 | 南京西路商圈瘦身纤体好评榜第1名 | 全身血液循环，服务态度很好” | ≤ | ￥121 | 7.3折 | ￥2200115分钟背部+腰腹... | 惠,ocr/input_videos\上海__中信泰富广场__20260825.mp4
OBS-000235,中信泰富广场,福奈特洗衣洗鞋,福奈特洗衣洗鞋,洗衣洗鞋,3.9,173,LG,rated,True,,rated,parsed,rating_anchor,0.9849,0.9997,57,1980,34.155,LG | 洗衣洗鞋￥173/人 | 🌟🌟⭐🌟🌟 | 3.9,福奈特洗衣洗鞋 | FORNET | LG | 洗衣洗鞋￥173/人 | 🌟🌟⭐🌟🌟 | 3.9 | 上门取送 | 南京西路商圈洗涤回头客榜实体店第3名 | 服务细节满分，清洗效果惊艳 | Since 1997 | C | ￥77￥88 | 惠 | 【到店洗衣】任洗1件羽绒服/... | ￥45￥50代金券 | 惠,ocr/input_videos\上海__中信泰富广场__20260825.mp4
OBS-000236,中信泰富广场,OPPO体验店,OPPO体验店,数码产品,4.8,2590,LG,rated,True,,rated,parsed,rating_anchor,0.9807,0.9988,55,1980,34.155,LG | ⭐🌟⭐⭐⭐4.8 | 数码产品￥2590/人,OPPO体验店 | LG | ⭐🌟⭐⭐⭐4.8 | 数码产品￥2590/人 | oppo | 拍照特别清晰，续航也很长” | 惠￥1￥39.9120umUV固化机膜5折券,ocr/input_videos\上海__中信泰富广场__20260825.mp4
OBS-000237,中信泰富广场,瑞尔齿科,瑞尔齿科,口腔医疗机构,4.4,,L4,rated,True,,rated,parsed,rating_anchor,0.9729,0.9985,56,1980,34.155,★★★🌟 | L4 | 4.4口腔医疗机构 | ★,瑞尔齿科 | ARRAIL瑞尔 | ★★★🌟 | L4 | 4.4口腔医疗机构 | ★ | 瑞尔齿科 | 静安区窝沟封闭销量榜第5名 | 医生护士手法轻柔，美白效果显著” | 上海瑞尔静院口检门诊部 | 12025109-50-G148号 | ￥268 | ￥500超声波洗牙仅限工.. | 7.8折 | 惠,ocr/input_videos\上海__中信泰富广场__20260825.mp4
OBS-000238,中信泰富广场,CICI纤美·科技减肥美容,CICI纤美·科技减肥美容,瘦身纤体,4.7,172,L4,rated,True,,rated,parsed,rating_anchor,0.9735,0.9857,57,2028,34.983,4.7瘦身纤体￥172/人 | L4,CICI纤美·科技减肥美容 | CICI纤美 | MaLy  tnYan | 瘦 | 4.7瘦身纤体￥172/人 | L4 | 点评榜单 | 南京西路商圈瘦身纤体好评榜第1名 | 全身血液循环，服务态度很好” | ≤ | ￥121 | 7.3折 | ￥2200115分钟背部+腰腹... | 惠,ocr/input_videos\上海__中信泰富广场__20260825.mp4
OBS-000239,中信泰富广场,福奈特洗衣洗鞋,福奈特洗衣洗鞋,洗衣洗鞋,3.9,173,LG,rated,True,,rated,parsed,rating_anchor,0.986,0.9999,52,2028,34.983,LG | 🌟🌟⭐🌟🌟 | 3.9 | 洗衣洗鞋￥173/人,福奈特洗衣洗鞋 | FORNET | LG | 🌟🌟⭐🌟🌟 | 3.9 | 洗衣洗鞋￥173/人 | 上门取送 | 南京西路商圈洗涤回头客榜实体店第3名 | 服务细节满分，清洗效果惊艳 | Since 1997 | ￥77￥88 | 惠 | 【到店洗衣】任洗1件羽绒服/.... | ￥45￥50代金券 | 惠,ocr/input_videos\上海__中信泰富广场__20260825.mp4
OBS-000240,中信泰富广场,OPPO体验店,OPPO体验店,数码产品,4.8,2590,LG,rated,True,,rated,parsed,rating_anchor,0.9795,0.9991,52,2028,34.983,LG | ★★★★4.8 | 数码产品￥2590/人,OPPO体验店 | LG | ★★★★4.8 | 数码产品￥2590/人 | OppO | 拍照特别清晰，续航也很长” | 《 | 惠 | ￥1￥39.9120umUV固化手机膜5折券,ocr/input_videos\上海__中信泰富广场__20260825.mp4
OBS-000241,中信泰富广场,瑞尔齿科,瑞尔齿科,口腔医疗机构,4.4,,L4,rated,True,,rated,parsed,rating_anchor,0.9921,0.9981,56,2028,34.983,⭐🌟🌟🌟 | L4 | 4.4口腔医疗机构 | ★,瑞尔齿科 | ARRAIL瑞沉 | ⭐🌟🌟🌟 | L4 | 4.4口腔医疗机构 | ★ | 瑞尔齿科 | 静安区窝沟封闭销量榜第5名 | 医生护士手法轻柔，美白效果显著 | 海瑞尔静院口输门诊部 | 区厂12025109-0-G148号 | ￥268 | 7.8折 | ￥500超声波洗牙|仅限工... | 惠,ocr/input_videos\上海__中信泰富广场__20260825.mp4
OBS-000242,中信泰富广场,OPPO体验店,OPPO体验店,数码产品,4.8,2590,LG,rated,True,,rated,parsed,rating_anchor,0.9822,0.9993,52,2088,36.018,LG | ⭐🌟⭐⭐🌟4.8 | 数码产品￥2590/人,OPPO体验店 | LG | ⭐🌟⭐⭐🌟4.8 | 数码产品￥2590/人 | OPpo | “拍照特别清晰，续航也很长 | 惠￥1￥39.9120umUV固化机膜5折券,ocr/input_videos\上海__中信泰富广场__20260825.mp4
OBS-000243,中信泰富广场,瑞尔齿科,瑞尔齿科,口腔医疗机构,4.4,,L4,rated,True,,rated,parsed,rating_anchor,0.9789,0.9997,57,2088,36.018,🌟🌟🌟🎉 | L4 | 4.4口腔医疗机构,瑞尔齿科 | ARRAIL瑞尔 | 🌟🌟🌟🎉 | L4 | 4.4口腔医疗机构 | 瑞尔齿科 | 静安区窝沟封闭销量榜第5名 | 医生护士手法轻柔，美白效果显著” | 上海城尔牌院口控门协部 | 医厂120251009-30-G1488 | ￥2687.8折 | ￥500超声波洗牙仅限工.. | 惠,ocr/input_videos\上海__中信泰富广场__20260825.mp4
OBS-000244,中信泰富广场,洋 ネイル日系美甲美睫沙龙,洋ネイル日系美甲美睫沙龙,美甲,4.1,157,L4,rated,True,,rated,parsed,rating_anchor,0.9637,0.9837,54,2088,36.018,4.1美甲￥157/人 | L4,洋 ネイル日系美甲美睫沙龙 | 4.1美甲￥157/人 | L4 | YOUNGネイル | 美甲美晓亨门店 | 美甲款式多样，技师手法轻柔 | “ | ￥1889.5折 | ￥376纯色本甲护理卸甲. | 惠,ocr/input_videos\上海__中信泰富广场__20260825.mp4
OBS-000245,中信泰富广场,24/7 FITNESS 健身,24/7FITNESS健身,健身房,4.6,4806,L3,rated,True,,rated,parsed,rating_anchor,0.9715,0.9753,51,2088,36.018,L3 | 4.6健身房￥4806/人 | 🌟🌟🌟⭐🌟,24/7 FITNESS 健身 | 2A/7 RITNEOG | 小时 | 🌙 | L3 | 4.6健身房￥4806/人 | 🌟🌟🌟⭐🌟 | 健身 | HOURS OPEN | 天回学不打找 | 点评榜单 | 南京西路商圈健身中心热门榜第5名 | T | 全民健身月 | 环境干净整洁，教练认真负责 | 2 | ￥68.8￥520专业场馆|连续3天|需预约 | 惠,ocr/input_videos\上海__中信泰富广场__20260825.mp4
OBS-000246,中信泰富广场,中信银行ATM,中信银行ATM,ATM自助网点,3.8,,L1,rated,True,,rated,parsed,rating_anchor,0.9851,0.9966,51,2088,36.018,3.8ATM自助网点 | L1,中信银行ATM | CITIC | 3.8ATM自助网点 | L1 | 周六自取美签，速度超快！ | 39,ocr/input_videos\上海__中信泰富广场__20260825.mp4
OBS-000247,中信泰富广场,24/7FITNESS健身,24/7FITNESS健身,健身房,4.6,4806,L3,rated,True,,rated,parsed,rating_anchor,0.9719,0.9977,56,2172,37.467,4.6健身房￥4806/人 | L3,24/7FITNESS健身 | 22FYNE | 小时 | 2 | 4.6健身房￥4806/人 | L3 | 健身 | HOURS OPEN | 无例零 | 不打优 | 点评榜单 | 南京西路商圈健身中心热门榜第5名 | 1. | 全民健身月 | 环境干净整洁，教练认真负责 | 7 | 惠 | ￥68.8￥520专业场馆连续3天|需预约,ocr/input_videos\上海__中信泰富广场__20260825.mp4
OBS-000248,中信泰富广场,中信银行ATM,中信银行ATM,ATM自助网点,3.8,,L1,rated,True,,rated,parsed,rating_anchor,0.983,0.9959,51,2172,37.467,3.8ATM自助网点 | L1,中信银行ATM | CITIC | 3.8ATM自助网点 | L1 | “周六自取美签，速度超快！ | 53,ocr/input_videos\上海__中信泰富广场__20260825.mp4
OBS-000249,中信泰富广场,全家便利店,全家便利店,超市便利,4.3,13,L5,rated,True,,rated,parsed,rating_anchor,0.9795,0.9978,55,2172,37.467,🌟🌟🌟⭐ | L5 | 4.3 | 超市便利￥13/人 | ★,全家便利店 | 🌟🌟🌟⭐ | L5 | 4.3 | 超市便利￥13/人 | ★ | 全家 FamilyMart | ￥3.5￥5 | 惠 | 【2个装】茶叶蛋【全家】,ocr/input_videos\上海__中信泰富广场__20260825.mp4
OBS-000250,中信泰富广场,MYbarre元气芭桿,MYbarre元气芭杆,瑜伽,4.5,124,L3,rated,True,,rated,parsed,rating_anchor,0.9328,0.9533,51,2172,37.467,L3 | ⭐4.5瑜伽￥124/人,MYbarre元气芭桿 | L3 | ⭐4.5瑜伽￥124/人 | 静安区瑜伽回头客榜第1名 | ” | 大腿瘦三公分，环境超棒！ | 心 | ￥159￥298 | 【新人专享】任选2节课程包 | 惠,ocr/input_videos\上海__中信泰富广场__20260825.mp4
OBS-000251,中信泰富广场,爱睫物语·疗愈美睫美甲,爱睫物语·疗愈美睫美甲,美甲,4.6,326,L4,rated,True,,rated,parsed,rating_anchor,0.9565,0.9866,51,2172,37.467,4.6美甲￥326/人 | L4,爱睫物语·疗愈美睫美甲 | 4.6美甲￥326/人 | L4 | 指甲细致完美，环境很好 | LOVE EYELASH | 爱捷物源 | ￥385.6折 | ￥80清爽卸除|卸本甲/卸... | 惠,ocr/input_videos\上海__中信泰富广场__20260825.mp4
OBS-000252,中信泰富广场,爱睫物语·疗愈美睫美甲,爱睫物语·疗愈美睫美甲,美甲,4.6,326,L4,rated,True,,rated,parsed,rating_anchor,0.9591,0.9899,54,2232,38.502,4.6美甲￥326/人 | L4,爱睫物语·疗愈美睫美甲 | 4.6美甲￥326/人 | L4 | 指甲细致完美，环境很好” | LOVE EYELASH | 爱捷物港 | ￥385.6折 | ￥80清爽卸除|卸本甲/卸... | 惠,ocr/input_videos\上海__中信泰富广场__20260825.mp4
OBS-000253,中信泰富广场,Browhaus眉睫沙龙,Browhaus眉睫沙龙,美睫,4.6,194,LG,rated,True,,rated,parsed,rating_anchor,0.9658,0.9992,54,2232,38.502,4.6美睫￥194/人 | LG,Browhaus眉睫沙龙 | 4.6美睫￥194/人 | LG | 服务技术流，脸部修得干净不肿 | browhous | 来自新加教的眉睫沙龙 | ￥986.5折 | ￥190经典棉线修眉+眉型设... | 惠,ocr/input_videos\上海__中信泰富广场__20260825.mp4
OBS-000254,中信泰富广场,周生生Chow Sang Sang,周生生ChowSangSang,黄金首饰,4.6,11935,LG,rated,True,,rated,parsed,rating_anchor,0.9615,0.9724,76,2232,38.502,4.6黄金首饰￥11935/人 | LG,周生生Chow Sang Sang | 周生生 | 4.6黄金首饰￥11935/人 | LG | 服务贴心，款式定制周期短” | 5 | (hou Sang Sang,ocr/input_videos\上海__中信泰富广场__20260825.mp4
OBS-000255,中信泰富广场,SAVAGE运动空间,SAVAGE运动空间,团操工作室,4.2,69,L3,rated,True,,rated,parsed,rating_anchor,0.9682,0.9988,51,2232,38.502,4.2团操工作室￥69/人 | 🌟⭐🌟 | L3,SAVAGE运动空间 | 4.2团操工作室￥69/人 | 🌟⭐🌟 | L3 | “环境科技感，健身氛围超好” | ￥68.9￥69动感单车系列课程1团课 | 惠,ocr/input_videos\上海__中信泰富广场__20260825.mp4
OBS-000256,中信泰富广场,爱睫物语·疗愈美睫美甲,爱睫物语·疗愈美睫美甲,美甲,4.6,326,L4,rated,True,,rated,parsed,rating_anchor,0.9721,0.9936,55,2256,38.916,4.6美甲￥326/人 | L4,爱睫物语·疗愈美睫美甲 | 4.6美甲￥326/人 | L4 | “指甲细致完美，环境很好” | LOVE EYELASH | 登迎物营 | ￥385.6折 | ￥80清爽卸除|卸本甲/卸... | 惠,ocr/input_videos\上海__中信泰富广场__20260825.mp4
OBS-000257,中信泰富广场,Browhaus眉睫沙龙,Browhaus眉睫沙龙,美睫,4.6,194,LG,rated,True,,rated,parsed,rating_anchor,0.9624,0.9993,54,2256,38.916,4.6美睫￥194/人 | LG,Browhaus眉睫沙龙 | 4.6美睫￥194/人 | LG | 服务技术流，脸部修得干净不肿” | browhous | 来白新加装的眉感沙龙 | ￥986.5折 | ￥190经典棉线修眉+眉型设... | 惠,ocr/input_videos\上海__中信泰富广场__20260825.mp4
OBS-000258,中信泰富广场,周生生Chow Sang Sang,周生生ChowSangSang,黄金首饰,4.6,11935,LG,rated,True,,rated,parsed,rating_anchor,0.9644,0.9662,67,2256,38.916,4.6黄金首饰￥11935/人 | LG,周生生Chow Sang Sang | 周生生 | 4.6黄金首饰￥11935/人 | LG | “服务贴心，款式定制周期短” | (hou Sang sang,ocr/input_videos\上海__中信泰富广场__20260825.mp4
OBS-000259,中信泰富广场,SAVAGE运动空间,SAVAGE运动空间,团操工作室,4.2,,L3,rated,True,,rated,parsed,rating_anchor,0.9833,0.9993,52,2256,38.916,4.2团操工作室69/人 | L3,SAVAGE运动空间 | 4.2团操工作室69/人 | L3 | SAVAGE | 环境科技感，健身氛围超好” | “ | ￥68.9￥69动感单车系列课程|团课 | 惠,ocr/input_videos\上海__中信泰富广场__20260825.mp4
OBS-000260,中信泰富广场,丝域养发馆,丝域养发馆,养发,3.8,177,L4,rated,True,,rated,parsed,rating_anchor,0.9624,0.9995,59,2256,38.916,3.8养发￥177/人 | L4,丝域养发馆 | AAIRLOGY | 3.8养发￥177/人 | L4 | 南京西路精品商圈，贵妇养发从这里开始 | 2 | 养好发做白己,ocr/input_videos\上海__中信泰富广场__20260825.mp4
OBS-000261,中信泰富广场,爱睫物语·疗愈美睫美甲,爱睫物语·疗愈美睫美甲,美甲,4.6,326,L4,rated,True,,rated,parsed,rating_anchor,0.959,0.9889,53,2280,39.33,4.6美甲￥326/人 | L4,爱睫物语·疗愈美睫美甲 | 4.6美甲￥326/人 | L4 | “指甲细致完美，环境很好 | LOVE EYELASH | 爱读物源 | ￥385.6折 | ￥80清爽卸除|卸本甲/卸. | 惠,ocr/input_videos\上海__中信泰富广场__20260825.mp4
OBS-000262,中信泰富广场,Browhaus眉睫沙龙,Browhaus眉睫沙龙,美睫,4.6,194,LG,rated,True,,rated,parsed,rating_anchor,0.9603,0.9996,54,2280,39.33,4.6美睫￥194/人 | LG,Browhaus眉睫沙龙 | 4.6美睫￥194/人 | LG | 服务技术一流，脸部修得干净不肿” | browhous | 来自新加装的层融沙龙 | ￥986.5折 | ￥190经典棉线修眉+眉型设... | 惠,ocr/input_videos\上海__中信泰富广场__20260825.mp4
OBS-000263,中信泰富广场,周生生Chow Sang Sang,周生生ChowSangSang,黄金首饰,4.6,11935,LG,rated,True,,rated,parsed,rating_anchor,0.964,0.9591,69,2280,39.33,LG | 4.6黄金首饰￥11935/人,周生生Chow Sang Sang | 周生生 | LG | 4.6黄金首饰￥11935/人 | 服务贴心，款式定制周期短” | (hou Sang sang,ocr/input_videos\上海__中信泰富广场__20260825.mp4
OBS-000264,中信泰富广场,SAVAGE运动空间,SAVAGE运动空间,团操工作室,4.2,,L3,rated,True,,rated,parsed,rating_anchor,0.9926,0.9993,52,2280,39.33,4.2团操工作室69/人 | L3,SAVAGE运动空间 | 4.2团操工作室69/人 | L3 | SAVAGE | “环境科技感十，健身氛围超好 | ￥68.9￥69动感单车系列课程1团课 | 惠,ocr/input_videos\上海__中信泰富广场__20260825.mp4
OBS-000265,中信泰富广场,丝域养发馆,丝域养发馆,养发,3.8,177,L4,rated,True,,rated,parsed,rating_anchor,0.9437,0.9995,58,2280,39.33,★3.8养发￥177/人 | L4,丝域养发馆 | AAIRLOGY | ★3.8养发￥177/人 | L4 | 南京西路精品商圈，贵妇养发从这里开始 | / | J | 养好发故白,ocr/input_videos\上海__中信泰富广场__20260825.mp4
OBS-000266,中信泰富广场,Browhaus眉睫沙龙,Browhaus眉睫沙龙,美睫,4.6,194,LG,rated,True,,rated,parsed,rating_anchor,0.9693,0.9996,54,2340,40.365,4.6美睫￥194/人 | LG,Browhaus眉睫沙龙 | 4.6美睫￥194/人 | LG | “服务技术流，脸部修得净不肿” | S | brsWs | 来自新加波的眉能沙龙 | ￥986.5折 | ￥190经典棉线修眉+眉型设.... | 惠 | (cid:),ocr/input_videos\上海__中信泰富广场__20260825.mp4
OBS-000267,中信泰富广场,周生生Chow Sang Sang,周生生ChowSangSang,黄金首饰,4.6,11935,LG,rated,True,,rated,parsed,rating_anchor,0.9683,0.9866,75,2340,40.365,LG | 4.6黄金首饰￥11935/人,周生生Chow Sang Sang | 周生生 | LG | 4.6黄金首饰￥11935/人 | “服务贴心，款式定制周期短” | hou Sang sang,ocr/input_videos\上海__中信泰富广场__20260825.mp4
OBS-000268,中信泰富广场,SAVAGE运动空间,SAVAGE运动空间,团操工作室,4.2,69,L3,rated,True,,rated,parsed,rating_anchor,0.9742,0.999,58,2340,40.365,4.2团操工作室￥69/人 | L3,SAVAGE运动空间 | 4.2团操工作室￥69/人 | L3 | SAVAGE | 环境科技感十，健身氛围超好 | “ | ￥68.9￥69动感单车系列课程|团课 | 惠,ocr/input_videos\上海__中信泰富广场__20260825.mp4
OBS-000269,中信泰富广场,丝域养发馆,丝域养发馆,养发,3.8,177,L4,rated,True,,rated,parsed,rating_anchor,0.9695,0.9993,61,2340,40.365,3.8养发￥177/人 | L4,丝域养发馆 | AAIRLOGY | 3.8养发￥177/人 | L4 | 南京西路精品商圈，贵妇养发从这里开始 | 2 | 养好发故自己 | ￥468 | ￥1385.2折 | 【新客体验】玫瑰... | 惠,ocr/input_videos\上海__中信泰富广场__20260825.mp4
OBS-000270,中信泰富广场,Browhaus眉睫沙龙,Browhaus眉睫沙龙,美睫,4.6,194,LG,rated,True,,rated,parsed,rating_anchor,0.9721,0.9993,54,2376,40.986,4.6美睫￥194/人 | LG,Browhaus眉睫沙龙 | 4.6美睫￥194/人 | LG | 服务技术一流，脸部修得干净不肿 | S | troWus | 来自新加波的眉能沙龙 | ￥986.5折 | ￥190经典棉线修眉+眉型设... | 惠,ocr/input_videos\上海__中信泰富广场__20260825.mp4
OBS-000271,中信泰富广场,周生生Chow Sang Sang,周生生ChowSangSang,黄金首饰,4.6,11935,LG,rated,True,,rated,parsed,rating_anchor,0.97,0.9864,75,2376,40.986,LG | 4.6黄金首饰￥11935/人,周生生Chow Sang Sang | 周生生 | LG | 4.6黄金首饰￥11935/人 | “服务贴心，款式定制周期短” | (hu sāng sāng,ocr/input_videos\上海__中信泰富广场__20260825.mp4
OBS-000272,中信泰富广场,SAVAGE运动空间,SAVAGE运动空间,团操工作室,4.2,69,L3,rated,True,,rated,parsed,rating_anchor,0.9739,0.9983,55,2376,40.986,L3 | 4.2团操工作室￥69/人,SAVAGE运动空间 | L3 | 4.2团操工作室￥69/人 | SAVAGE | 环境科技感十，健身氛围超好 | “ | ￥68.9￥69动感单车系列课程|团课 | 惠,ocr/input_videos\上海__中信泰富广场__20260825.mp4
OBS-000273,中信泰富广场,丝域养发馆,丝域养发馆,养发,3.8,177,L4,rated,True,,rated,parsed,rating_anchor,0.9704,0.9993,59,2376,40.986,3.8养发￥177/人 | L4,丝域养发馆 | AAIRLOGY | 3.8养发￥177/人 | L4 | 南京西路精品商圈，贵妇养发从这里开始 | 2 | 养好发故自己 | ￥1385.2折 | ￥468 | 【新客体验】玫瑰.. | 惠,ocr/input_videos\上海__中信泰富广场__20260825.mp4
OBS-000274,中信泰富广场,丝域养发馆,丝域养发馆,养发,3.8,177,L4,rated,True,,rated,parsed,rating_anchor,0.9827,0.9995,60,2400,41.4,🌟🌟🌟★ | 3.8养发￥177/人 | L4,丝域养发馆 | AAIROGY | 🌟🌟🌟★ | 3.8养发￥177/人 | L4 | 南京西路精品商圈，贵妇养发从这里开始 | 1 | 22 | 养好发故自己 | ￥138 | ￥468 | 5.2折 | 【新客体验】玫瑰... | 惠,ocr/input_videos\上海__中信泰富广场__20260825.mp4
OBS-000275,中信泰富广场,全家便利店,全家便利店,超市便利,4.2,22,商场内,rated,True,,rated,parsed,rating_anchor,0.9873,0.9974,55,2400,41.4,商场内 | 🌟🌟⭐ | 4.2超市便利￥22/人,全家便利店 | 商场内 | 🌟🌟⭐ | 4.2超市便利￥22/人 | 地理位置便利，茶叶蛋超好吃 | 全家FamilyMart | ￥3.5￥5 | 惠 | 【2个装】茶叶蛋【全家】,ocr/input_videos\上海__中信泰富广场__20260825.mp4
OBS-000276,中信泰富广场,乐刻运动健身,乐刻运动健身,健身房,4.0,1911,L4,rated,True,,rated,parsed,rating_anchor,0.9819,0.9997,51,2400,41.4,4.0健身房￥1911/人 | 🌟🌟🎉🎉 | L4,乐刻运动健身 | H | 季卡 | 4.0健身房￥1911/人 | 🌟🌟🎉🎉 | L4 | 南京西路商圈健身房销量榜第9名 | 8折 | “设施保养新，练得轻松愉快” | ￥5.9 | 0.9折 | ￥69.1 | 惠 | 【新人专享】健身5..,ocr/input_videos\上海__中信泰富广场__20260825.mp4
OBS-000277,中信泰富广场,蔚景云汽车充电站(中信泰富广场.,蔚景云汽车充电站(中信泰富广场.,充电站/桩,,,B2,new_store,False,new_store,ocr_missing,parsed,metadata_anchor,0.9706,0.9553,57,2400,41.4,新店 | 充电站/桩 | B2,蔚景云汽车充电站(中信泰富广场. | 新店 | 充电站/桩 | B2,ocr/input_videos\上海__中信泰富广场__20260825.mp4
OBS-000278,中信泰富广场,存金通上海南京西路中信泰富廣場..,存金通上海南京西路中信泰富广场,金银首饰...,,,商场内,unrated,False,explicitly_unrated,unrated,parsed,unrated_anchor,0.894,0.9509,51,2400,41.4,商场内 | ★★★★★ | 暂无星级 | 金银首饰...,存金通上海南京西路中信泰富廣場.. | 商场内 | ★★★★★ | 暂无星级 | 金银首饰...,ocr/input_videos\上海__中信泰富广场__20260825.mp4
OBS-000279,中信泰富广场,丝域养发馆,丝域养发馆,养发,3.8,177,L4,rated,True,,rated,parsed,rating_anchor,0.9705,0.9993,55,2424,41.814,3.8养发￥177/人 | L4,AAIRLOGY | 丝域养发馆 | 3.8养发￥177/人 | L4 | 南京西路精品商圈，贵妇养发从这里开始 | 好发 | 故自 | 5.2折 | ￥138 | ￥468 | 【新客体验】玫瑰.. | 惠,ocr/input_videos\上海__中信泰富广场__20260825.mp4
OBS-000280,中信泰富广场,全家便利店,全家便利店,超市便利,4.2,22,商场内,rated,True,,rated,parsed,rating_anchor,0.9805,0.9975,55,2424,41.814,🌟🌟⭐⭐ | 商场内 | 超市便利￥22/人 | 4.2 | ★,全家便利店 | 🌟🌟⭐⭐ | 商场内 | 超市便利￥22/人 | 4.2 | ★ | “地理位置便利，茶叶蛋超好吃” | 全家FamilyMart | ￥3.5￥5 | 【2个装】茶叶蛋【全家】 | 惠,ocr/input_videos\上海__中信泰富广场__20260825.mp4
OBS-000281,中信泰富广场,乐刻运动健身,乐刻运动健身,健身房,4.0,1911,L4,rated,True,,rated,parsed,rating_anchor,0.985,0.9999,52,2424,41.814,🌟🌟🌟⭐ | L4 | 健身房￥1911/人 | 4.0 | ★,乐刻运动健身 | a | E | 季卡 | 🌟🌟🌟⭐ | L4 | 健身房￥1911/人 | 4.0 | ★ | 8折 | 南京西路商圈健身房销量榜第9名 | 设施保养新，练得轻松愉快 | “ | 0.9折 | ￥69.1 | ￥5.9 | 【新人专享】健身5... | 惠,ocr/input_videos\上海__中信泰富广场__20260825.mp4
OBS-000282,中信泰富广场,蔚景云汽车充电站（中信泰富广场...,蔚景云汽车充电站(中信泰富广场,充电站/桩,,,B2,new_store,False,new_store,ocr_missing,parsed,metadata_anchor,0.9632,0.9465,54,2424,41.814,新店 | 充电站/桩 | B2,蔚景云汽车充电站（中信泰富广场... | 新店 | 充电站/桩 | B2 | 养车/用车,ocr/input_videos\上海__中信泰富广场__20260825.mp4
OBS-000283,中信泰富广场,存金通上海南京西路中信泰富廣場..,存金通上海南京西路中信泰富广场,金银首饰...,,,商场内,unrated,False,explicitly_unrated,unrated,parsed,unrated_anchor,0.9152,0.9526,54,2424,41.814,商场内 | ★★★★★ | 暂无星级 | 金银首饰...,存金通上海南京西路中信泰富廣場.. | 商场内 | ★★★★★ | 暂无星级 | 金银首饰... | 生活服务,ocr/input_videos\上海__中信泰富广场__20260825.mp4
OBS-000284,中信泰富广场,丝域养发馆,丝域养发馆,养发,3.8,177,L4,rated,True,,rated,parsed,rating_anchor,0.9648,0.9992,55,2448,42.228,⭐3.8养发￥177/人 | L4,AAIROGY | 丝域养发馆 | ⭐3.8养发￥177/人 | L4 | 南京西路精品商圈，贵妇养发从这里开始 | 2 | ￥1385.2折 | ￥468 | 惠 | 【新客体验】玫瑰...,ocr/input_videos\上海__中信泰富广场__20260825.mp4
OBS-000285,中信泰富广场,全家便利店,全家便利店,超市便利,4.2,22,商场内,rated,True,,rated,parsed,rating_anchor,0.9832,0.9976,55,2448,42.228,商场内 | 🌟🌟🌟🎉 | 4.2超市便利￥22/人 | ★,全家便利店 | 商场内 | 🌟🌟🌟🎉 | 4.2超市便利￥22/人 | ★ | 地理位置便利，茶叶蛋超好吃 | 全家FamilyMart | ￥3.5￥5 | 惠 | 【2个装】茶叶蛋【全家】,ocr/input_videos\上海__中信泰富广场__20260825.mp4
OBS-000286,中信泰富广场,乐刻运动健身,乐刻运动健身,健身房,4.0,1911,L4,rated,True,,rated,parsed,rating_anchor,0.9844,0.9999,52,2448,42.228,🌟🌟⭐⭐ | L4 | 4.0 | 健身房￥1911/人,乐刻运动健身 | 季卡 | 🌟🌟⭐⭐ | L4 | 4.0 | 健身房￥1911/人 | 南京西路商圈健身房销量榜第9名 | 8折 | 设施保养新，练得轻松愉快 | ￥5.90.9折 | ￥69.1 | 惠 | 【新人专享】健身5..,ocr/input_videos\上海__中信泰富广场__20260825.mp4
OBS-000287,中信泰富广场,蔚景云汽车充电站（中信泰富广场..,蔚景云汽车充电站(中信泰富广场,充电站/桩,,,B2,new_store,False,new_store,ocr_missing,parsed,metadata_anchor,0.9649,0.9472,57,2448,42.228,新店 | 充电站/桩 | B2,蔚景云汽车充电站（中信泰富广场.. | 新店 | 充电站/桩 | B2 | 养车/用车,ocr/input_videos\上海__中信泰富广场__20260825.mp4
OBS-000288,中信泰富广场,存金通上海南京西路中信泰富廣場...,存金通上海南京西路中信泰富广场,金银首饰...,,,商场内,unrated,False,explicitly_unrated,unrated,parsed,unrated_anchor,0.9221,0.9706,57,2448,42.228,商场内 | 暂无星级 | ★🌟⭐🌟🌟 | 金银首饰...,存金通上海南京西路中信泰富廣場... | 商场内 | 暂无星级 | ★🌟⭐🌟🌟 | 金银首饰... | 生活服务,ocr/input_videos\上海__中信泰富广场__20260825.mp4
OBS-000289,中信泰富广场,蔚景云汽车充电站(中信泰富广场.,蔚景云汽车充电站(中信泰富广场.,充电站/桩,,,B2,new_store,False,new_store,ocr_missing,parsed,metadata_anchor,0.9778,0.9665,56,2508,43.263,新店 | B2 | 充电站/桩,蔚景云汽车充电站(中信泰富广场. | 新店 | B2 | 充电站/桩 | 养车/用车,ocr/input_videos\上海__中信泰富广场__20260825.mp4
OBS-000290,中信泰富广场,存金通上海南京西路中信泰富廣場...,存金通上海南京西路中信泰富广场,金银首饰....,,,商场内,unrated,False,explicitly_unrated,unrated,parsed,unrated_anchor,0.9183,0.9475,60,2508,43.263,商场内 | ★★★★★ | 暂无星级 | 金银首饰....,存金通上海南京西路中信泰富廣場... | 商场内 | ★★★★★ | 暂无星级 | 金银首饰.... | 生活服务,ocr/input_videos\上海__中信泰富广场__20260825.mp4
OBS-000291,中信泰富广场,辉瑞投资有限公司,辉瑞投资有限公司,证券投资,,,L4,unrated,False,explicitly_unrated,unrated,parsed,unrated_anchor,0.9996,0.9995,54,2508,43.263,★★★★★ | 证券投资 | L4 | 暂无星级,辉瑞投资有限公司 | ★★★★★ | 证券投资 | L4 | 暂无星级 | 2301-008+26 | 上 | 2303-05 | FR | 2306-07,ocr/input_videos\上海__中信泰富广场__20260825.mp4
OBS-000292,中信泰富广场,辰德资本,辰德资本,证券投资,,,商场内,unrated,False,explicitly_unrated,unrated,parsed,unrated_anchor,0.9991,0.9986,59,2508,43.263,商场内 | 🌟🌟🌟🌟🌟 | 证券投资 | 暂无星级,辰德资本 | 商场内 | 🌟🌟🌟🌟🌟 | 证券投资 | 暂无星级 | 生活服务,ocr/input_videos\上海__中信泰富广场__20260825.mp4
OBS-000293,中信泰富广场,禾欣控股,禾欣控股,证券投资,,,商场内,new_store,False,new_store,ocr_missing,parsed,metadata_anchor,0.9998,0.9999,53,2508,43.263,证券投资 | 商场内 | 新店,禾欣控股 | 证券投资 | 商场内 | 新店 | 生活服务,ocr/input_videos\上海__中信泰富广场__20260825.mp4
OBS-000294,中信泰富广场,安瑞井ORIGIN,安瑞井ORIGIN,购物,,,L3,new_store,False,new_store,ocr_missing,parsed,metadata_anchor,0.9988,0.9977,51,2508,43.263,购物 | 新店 | L3,安瑞井ORIGIN | ORIGIN | 购物 | 新店 | L3 | The terrace by SAISON,ocr/input_videos\上海__中信泰富广场__20260825.mp4
OBS-000295,中信泰富广场,蔚景云汽车充电站(中信泰富广场...,蔚景云汽车充电站(中信泰富广场,充电站/桩,,,B2,new_store,False,new_store,ocr_missing,parsed,metadata_anchor,0.9783,0.9635,54,2532,43.677,B2 | 充电站/桩 | 新店,蔚景云汽车充电站(中信泰富广场... | B2 | 充电站/桩 | 新店 | 养车/用车,ocr/input_videos\上海__中信泰富广场__20260825.mp4
OBS-000296,中信泰富广场,存金通上海南京西路中信泰富廣場..,存金通上海南京西路中信泰富广场,金银首饰...,,,商场内,unrated,False,explicitly_unrated,unrated,parsed,unrated_anchor,0.9171,0.9642,60,2532,43.677,商场内 | ★★★★★ | 暂无星级 | 金银首饰...,存金通上海南京西路中信泰富廣場.. | 商场内 | ★★★★★ | 暂无星级 | 金银首饰... | 生活服务,ocr/input_videos\上海__中信泰富广场__20260825.mp4
OBS-000297,中信泰富广场,辉瑞投资有限公司,辉瑞投资有限公司,证券投资,,,L4,unrated,False,explicitly_unrated,unrated,parsed,unrated_anchor,0.9995,0.9995,54,2532,43.677,暂无星级 | 证券投资 | L4 | ★★★★★,辉瑞投资有限公司 | 暂无星级 | 证券投资 | L4 | ★★★★★ | 2301-028+28 | ： | 2303-05 | 只位 | 2306-07 | 120,ocr/input_videos\上海__中信泰富广场__20260825.mp4
OBS-000298,中信泰富广场,辰德资本,辰德资本,证券投资,,,商场内,unrated,False,explicitly_unrated,unrated,parsed,unrated_anchor,0.9977,0.9957,53,2532,43.677,商场内 | ★★★★★ | 证券投资 | 暂无星级,辰德资本 | 商场内 | ★★★★★ | 证券投资 | 暂无星级 | 生活服务,ocr/input_videos\上海__中信泰富广场__20260825.mp4
OBS-000299,中信泰富广场,禾欣控股,禾欣控股,证券投资,,,商场内,new_store,False,new_store,ocr_missing,parsed,metadata_anchor,0.9998,0.9999,53,2532,43.677,证券投资 | 新店 | 商场内,禾欣控股 | 证券投资 | 新店 | 商场内 | 生活服务,ocr/input_videos\上海__中信泰富广场__20260825.mp4
OBS-000300,中信泰富广场,安瑞井ORIGIN,安瑞井ORIGIN,购物,,,L3,new_store,False,new_store,ocr_missing,parsed,metadata_anchor,0.999,0.9979,51,2532,43.677,购物 | 新店 | L3,安瑞井ORIGIN | ORIGIN | 购物 | 新店 | L3,ocr/input_videos\上海__中信泰富广场__20260825.mp4
OBS-000301,中信泰富广场,仔金迪工海用尔四蛤中信泵亩庾场.,仔金迪工海用尔四蛤中信泵亩庾场.,金银首饰...,,,商场内,unrated,False,explicitly_unrated,unrated,parsed,unrated_anchor,0.7874,0.6869,34,2592,44.712,商场内 | ⭐★⭐⭐🌟 | 暂无星级 | 金银首饰...,仔金迪工海用尔四蛤中信泵亩庾场. | 商场内 | ⭐★⭐⭐🌟 | 暂无星级 | 金银首饰... | 生活服务,ocr/input_videos\上海__中信泰富广场__20260825.mp4
OBS-000302,中信泰富广场,辉瑞投资有限公司,辉瑞投资有限公司,证券投资,,,L4,unrated,False,explicitly_unrated,unrated,parsed,unrated_anchor,0.9997,0.9997,54,2592,44.712,⭐🌟⭐⭐ | 证券投资 | L4 | 暂无星级,辉瑞投资有限公司 | ⭐🌟⭐⭐ | 证券投资 | L4 | 暂无星级 | 2801-006126 | 2303.05 | 222 | 2306-07,ocr/input_videos\上海__中信泰富广场__20260825.mp4
OBS-000303,中信泰富广场,辰德资本,辰德资本,证券投资,,,商场内,unrated,False,explicitly_unrated,unrated,parsed,unrated_anchor,0.9991,0.9983,59,2592,44.712,暂无星级 | 商场内 | 🌟★★★ | 证券投资,辰德资本 | 暂无星级 | 商场内 | 🌟★★★ | 证券投资 | 生活服务,ocr/input_videos\上海__中信泰富广场__20260825.mp4
OBS-000304,中信泰富广场,禾欣控股,禾欣控股,证券投资,,,商场内,new_store,False,new_store,ocr_missing,parsed,metadata_anchor,0.9998,0.9997,56,2592,44.712,商场内 | 新店 | 证券投资,禾欣控股 | 商场内 | 新店 | 证券投资 | 生活服务,ocr/input_videos\上海__中信泰富广场__20260825.mp4
OBS-000305,中信泰富广场,安瑞井ORIGIN,安瑞井ORIGIN,购物,,,L3,new_store,False,new_store,ocr_missing,parsed,metadata_anchor,0.9992,0.9984,51,2592,44.712,新店 | 购物 | L3,安瑞井ORIGIN | ORIGIN | 新店 | 购物 | L3,ocr/input_videos\上海__中信泰富广场__20260825.mp4
OBS-000306,中信泰富广场,The terrace by SAISON,TheterracebySAISON,特调酒吧,,,商场内,unrated,False,explicitly_unrated,unrated,parsed,unrated_anchor,0.9769,0.9544,55,2592,44.712,暂无星级 | 商场内 | 特调酒吧 | ★★★★★,The terrace by SAISON | 暂无星级 | 商场内 | 特调酒吧 | ★★★★★ | 已经到底啦~,ocr/input_videos\上海__中信泰富广场__20260825.mp4
