priority,active,match_type,pattern,category_l1,category_l2,notes
10,TRUE,regex,(潮汕牛肉火锅|四川火锅|重庆火锅|鱼火锅|菌菇火锅|椰子鸡火锅|小火锅|火锅),美食,火锅,火锅优先于地方菜
20,TRUE,regex,(咖啡|Coffee|COFFEE),美食,咖啡,咖啡饮品
21,TRUE,regex,(茶饮果汁|饮品|果汁|奶茶),美食,茶饮果汁,现制饮品
22,TRUE,regex,(面包|蛋糕|甜品|冰淇淋|酸奶鲜奶),美食,面包甜点,烘焙与甜品
23,TRUE,regex,(自助餐|海鲜自助),美食,自助餐,自助餐
24,TRUE,regex,(日本料理|日式料理|寿司|日式简餐|日式面条|日式铁板烧),美食,日料,日式餐饮
25,TRUE,regex,(韩式料理|韩式简餐|韩国料理),美食,韩料,韩国餐饮
26,TRUE,regex,(烧烤|烤肉|烤串|融合烤肉|韩式烤肉),美食,烧烤烤肉,烧烤与烤肉
27,TRUE,regex,(西餐|牛排|比萨|披萨|意大利菜|法国菜|西班牙菜|德国菜|俄罗斯菜),美食,西餐,西式餐饮
28,TRUE,regex,(快餐|小吃|面馆|包子|生煎|炸鸡|炸串|卤味|鸭脖|熟食|简餐),美食,小吃快餐,快餐与地方小吃
29,TRUE,regex,(粤菜|粤菜馆|茶餐厅|粤式茶点|顺德菜|潮汕菜),美食,粤菜,粤菜体系
30,TRUE,regex,(川菜|川菜馆|烤鱼),美食,川菜,川菜体系
31,TRUE,regex,(江浙菜|浙菜|本帮菜|淮扬菜|苏浙菜),美食,江浙菜,江浙沪菜系
32,TRUE,regex,湘菜,美食,湘菜,湘菜
33,TRUE,regex,(北京菜|烤鸭),美食,北京菜,北京菜
34,TRUE,regex,(东北菜|新疆菜|云南菜|滇菜|贵州菜|黔菜|福建菜|徽菜|台湾菜|海南菜|陕西菜|西北菜),美食,其它地方菜,其它中国地方菜
35,TRUE,regex,(泰国菜|越南菜|新加坡菜|东南亚菜|东南亚料理),美食,东南亚料理,东南亚餐饮
36,TRUE,regex,(滋补品|食品滋补|保健食品|燕窝),美食,食品滋补,食品与滋补品
37,TRUE,regex,(海鲜|创意菜|特色菜|融合菜|美食),美食,其它,暂归其它美食
38,TRUE,regex,(南京菜|广州菜|西北民间菜),美食,其它地方菜,其它中国地方菜
39,TRUE,regex,(大闸蟹|小笼|小龙虾|干锅|香锅|打边炉|肉蟹煲|酸菜鱼|水煮鱼|私房菜|其他中餐),美食,其它,其它中式餐饮
40,TRUE,regex,(米粉|螺蛳粉|锅贴|饺子|麻辣烫|串串香|馄饨抄手(?:\||扁食|\.*)?|烧鸡),美食,小吃快餐,常见粉面点心与快餐
41,TRUE,regex,烧腊,美食,粤菜,港式与粤式烧腊
42,TRUE,regex,(鲁菜|江西菜|湖北菜|地方菜系),美食,其它地方菜,补充中国地方菜系
43,TRUE,regex,京菜,美食,北京菜,北京及京味菜
44,TRUE,regex,(温州菜|苏帮菜),美食,江浙菜,江浙区域菜系
45,TRUE,regex,南洋中菜,美食,东南亚料理,南洋料理
46,TRUE,regex,印度菜,美食,其它,印度料理
47,TRUE,regex,(餐厅宴会|家常菜|素食|焖锅),美食,其它,其它明确餐饮类别
48,TRUE,regex,(日式简(?:\.*)?|日式烧(?:\.*)?|寿喜锅|日式自助),美食,日料,日式细分类与OCR截断
49,TRUE,regex,烤涮一体自助,美食,自助餐,烤涮自助
100,TRUE,regex,(服饰鞋包|服装|鞋靴|箱包|内衣|配饰|儿童服饰),购物,服饰鞋包,服装鞋包与配饰
101,TRUE,regex,(运动户外|户外用品),购物,运动户外,运动户外零售
102,TRUE,regex,(奢侈品$|奢侈品店),购物,奢侈品,奢侈品零售
103,TRUE,regex,(杂货礼品|潮玩|玩具|娃娃屋|办公用具|礼品),购物,潮玩礼品,潮玩礼品与杂货
104,TRUE,regex,(超市便利|超市|便利店|水果店|零食|栗子|干果),购物,超市便利,超市便利及食品零售
105,TRUE,regex,(化妆品|美妆护肤|香水),购物,美妆护肤,美妆零售
106,TRUE,regex,(黄金首饰|珠宝首饰|综合珠宝|钻石彩宝|黄金$),购物,珠宝首饰,珠宝与黄金
107,TRUE,regex,(居家日用|家饰家纺|厨卫洁具|杂货日用),购物,居家日用,居家用品
108,TRUE,regex,(书店|书店音像|音像制品),购物,书店,书店与音像
109,TRUE,regex,(花店|植物花卉|鲜花),购物,花店,鲜花植物
110,TRUE,regex,(眼镜店|眼镜),购物,眼镜店,眼镜零售
111,TRUE,regex,(钟表$|手表腕表),购物,手表腕表,钟表零售
112,TRUE,regex,(成品家具|家具家居|家具|床垫|智能家居),购物,家具家居,家具家居零售
113,TRUE,regex,(4S店|汽车体验|汽车展厅|新能源车),购物,汽车体验,汽车展示与销售
114,TRUE,regex,(烟酒茶叶|烟酒|茶叶),购物,烟酒茶叶,烟酒茶零售
115,TRUE,regex,(数码产品|数码$|家用电器|电脑销售|手机销售),购物,数码家电,数码与家电零售
116,TRUE,regex,(母婴用品|母婴零售),购物,母婴用品,母婴商品零售
117,TRUE,regex,(药店|药房|医疗器械),购物,药店保健,药店及健康商品
118,TRUE,regex,(购物|更多购物场所),购物,其它,未细分购物
119,TRUE,regex,(服饰$|服饰\.+),购物,服饰鞋包,OCR截断的服饰分类
120,TRUE,regex,(自行车|骑行),购物,运动户外,自行车及骑行用品
121,TRUE,regex,(乐器|定制家居),购物,其它,其它零售
122,TRUE,regex,西服定制,购物,服饰鞋包,西服与服饰定制
123,TRUE,regex,(翡翠玉石|银饰珍珠|钻石(?:\.*)?|珠宝|综合珠(?:\.*)?|黄金(?:\.*)?|黄饰),购物,珠宝首饰,珠宝首饰细分类与OCR截断
124,TRUE,regex,^数码\.*$,购物,数码家电,OCR截断的数码分类
125,TRUE,regex,^运动\.*$,购物,运动户外,运动零售及OCR截断
126,TRUE,regex,(特卖折扣|更多购),购物,其它,折扣及未细分购物
127,TRUE,regex,奢侈品\.+,购物,奢侈品,OCR截断的奢侈品分类
128,TRUE,regex,(成品\.+|定制\.+|橱柜|灯饰照明),购物,家具家居,家具家居细分类与OCR截断
129,TRUE,regex,(古玩字画|扭蛋机),购物,潮玩礼品,收藏文创与潮玩
130,TRUE,regex,^鞋$,购物,服饰鞋包,鞋类零售
200,TRUE,regex,(酒吧|清吧|精酿),休闲玩乐,酒吧,酒吧
201,TRUE,regex,彩票,休闲玩乐,彩票,彩票销售
202,TRUE,regex,(茶馆|茶室),休闲玩乐,茶馆,茶馆
203,TRUE,regex,(电影院|影城),休闲玩乐,电影院,电影院
204,TRUE,regex,(DIY手工|手工坊),休闲玩乐,DIY手工,DIY手工体验
205,TRUE,regex,(撸宠|宠物店|宠物咖啡|购宠),休闲玩乐,撸宠购宠,宠物互动与销售
206,TRUE,regex,(按摩足疗|休闲按摩|足浴|推拿养生|采耳头疗),休闲玩乐,按摩足疗,按摩足疗
207,TRUE,regex,(演出|活动|剧场|音乐现场),休闲玩乐,演出活动,演出活动
208,TRUE,regex,(量贩式KTV|KTV),休闲玩乐,KTV,KTV
209,TRUE,regex,(密室|沉浸),休闲玩乐,密室逃脱,密室及沉浸体验
210,TRUE,regex,(桌面游戏|桌游|棋牌),休闲玩乐,桌游棋牌,桌游棋牌
211,TRUE,regex,(电玩城|主机游戏|电竞|游戏厅|弹珠店),休闲玩乐,游戏电竞,电子游戏娱乐
212,TRUE,regex,(VR|虚拟现实),休闲玩乐,VR体验,VR体验
213,TRUE,regex,(洗浴|汗蒸|浴场),休闲玩乐,洗浴汗蒸,洗浴汗蒸
214,TRUE,regex,私人影院,休闲玩乐,电影院,点播及私人影院
215,TRUE,regex,Live House,休闲玩乐,演出活动,现场音乐演出
216,TRUE,regex,(小酒馆|威士忌吧),休闲玩乐,酒吧,酒吧细分类
217,TRUE,regex,(主题乐园|休闲娱乐|更多新奇(?:\.*)?|轰趴馆|剧本杀),休闲玩乐,其它,其它休闲娱乐
218,TRUE,regex,(DIY手\.*|兴趣烘焙),休闲玩乐,DIY手工,DIY与烘焙体验
219,TRUE,regex,录音棚,休闲玩乐,其它,录音与音乐体验
220,TRUE,regex,^量$,休闲玩乐,KTV,OCR截断的量贩式KTV
221,TRUE,regex,休闲按,休闲玩乐,按摩足疗,OCR截断的休闲按摩
222,TRUE,regex,(宠物食品用品|其他宠物),休闲玩乐,撸宠购宠,宠物商品与服务
300,TRUE,regex,(美发|养发|婴童理发),丽人美发,美发,美发养发
301,TRUE,regex,(美容医美|皮肤管理|SPA美体|精油SPA|瘦身纤体|美容$),丽人美发,美容医美,美容与医美
302,TRUE,regex,(美甲|美睫),丽人美发,美甲美睫,美甲美睫
303,TRUE,regex,(彩妆造型|更多丽人|肤管理),丽人美发,美容医美,其它丽人美容服务
304,TRUE,regex,(脱毛(?:\d+\/)?|祛痘|纹绣|美胸丰胸|美容美胸|皮肤$),丽人美发,美容医美,美容美体细分类
305,TRUE,regex,^医学\.*$,丽人美发,美容医美,医美分类及OCR截断
400,TRUE,regex,儿童乐园,亲子,儿童乐园,儿童游乐
401,TRUE,regex,(儿童摄影|亲子摄影),亲子,儿童摄影,儿童摄影
402,TRUE,regex,(科学实验|亲子活动|亲子·活动),亲子,亲子活动,亲子体验活动
403,TRUE,regex,(童乐园|其他亲子游乐),亲子,儿童乐园,儿童游乐
404,TRUE,regex,(综合早教|早教),亲子,亲子活动,早教与亲子活动
405,TRUE,regex,(积木拼搭|托班/托儿所|宝宝宴/派对(?:\d+\/)?),亲子,亲子活动,亲子活动与托育
406,TRUE,regex,童摄影(?:\d+\/)?$,亲子,儿童摄影,儿童摄影OCR截断
500,TRUE,regex,(健身房|健身中心|私教工作室),运动健身,健身中心,健身与私教
501,TRUE,regex,(体育场馆|球馆|网球场|篮球场|足球场|羽毛球馆),运动健身,球馆,球类场馆
502,TRUE,regex,(瑜伽|普拉提),运动健身,瑜伽普拉提,瑜伽普拉提
503,TRUE,regex,(舞蹈$|舞蹈培训),运动健身,舞蹈,舞蹈运动
504,TRUE,regex,(台球|保龄球),运动健身,台球保龄球,台球保龄球
505,TRUE,regex,(游泳|滑冰|冰雪运动),运动健身,游泳冰雪,游泳与冰雪运动
506,TRUE,regex,(体适能|团建拓展),运动健身,其它,其它运动项目
507,TRUE,regex,(攀岩|滑板|轮滑),运动健身,其它,攀岩滑板轮滑
508,TRUE,regex,(康复矫正|足球培训),运动健身,其它,运动康复及专项培训
509,TRUE,regex,(篮球培训|乒乓球培训|网球培训),运动健身,球馆,球类培训与场馆
510,TRUE,regex,(团操工作室|团操工\.*|私教工\.*),运动健身,健身中心,团操私教及OCR截断
511,TRUE,regex,(其他运动培训|武术培训|跆拳道培训|马术培训|拳击|泰拳|射箭馆|高尔夫场),运动健身,其它,其它明确运动项目
512,TRUE,regex,溜冰/滑雪场馆,运动健身,游泳冰雪,冰雪运动场馆
600,TRUE,regex,(快照摄影|证件照|照相馆|写真),生活服务,摄影写真,商业摄影
601,TRUE,regex,(手机维修|电脑维修|钟表维修|维修保养),生活服务,维修,维修服务
602,TRUE,regex,(回收|奢侈品护理),生活服务,回收护理,回收与护理
603,TRUE,regex,(洗衣|洗鞋|缝补),生活服务,洗衣护理,洗衣护理
604,TRUE,regex,(美容洗车|汽车维修|养车|用车),生活服务,汽车服务,汽车后市场服务
605,TRUE,regex,通信营业厅,生活服务,营业网点,通信营业厅；银行网点已在排除规则处理
606,TRUE,regex,(联合办公|共享办公),生活服务,其它,联合办公空间
607,TRUE,regex,(裁缝改衣|修鞋擦鞋|洗涤护理),生活服务,洗衣护理,衣鞋修改与护理
608,TRUE,regex,数码维修,生活服务,维修,数码维修
609,TRUE,regex,(文印广告|物流快递|迷你自助仓储|旅行社),生活服务,其它,其它生活服务
610,TRUE,regex,换汇/汇款,生活服务,营业网点,外币兑换；银行与ATM已在排除规则处理
611,TRUE,regex,(口腔医疗机构|体检中心),生活服务,其它,医疗健康服务
700,TRUE,regex,(课后辅导|托管|美术$|书法|音乐$|艺术培训|语言培训|教育培训),教育培训,教育培训,教育及艺术培训
701,TRUE,regex,(主持表演|模特|形体培训),教育培训,教育培训,表演与形体培训
48,TRUE,regex,^(粥店|黄焖鸡|农家菜|中东菜|三时)\.*$,美食,其它,补充餐饮细类
131,TRUE,regex,^(免税店|综合租赁)\.*$,购物,其它,免税与租赁零售
132,TRUE,regex,^(建材|家用五金|中央空调/采暖|家居卖场|局部装修|装修设计)\.*$,购物,其它,家居建材与装修
133,TRUE,regex,^家用\.*$,购物,数码家电,家用电器
134,TRUE,regex,^(婚纱/礼服|婚礼喜品)\.*$,购物,服饰鞋包,婚庆服饰
135,TRUE,regex,^(儿童|及儿童)\.*$,购物,服饰鞋包,童装截断分类
136,TRUE,regex,^包\.*$,购物,服饰鞋包,箱包截断分类
137,TRUE,regex,^(综合|金银首饰)\.*$,购物,珠宝首饰,珠宝综合与截断
223,TRUE,regex,^(文化艺术|艺术中心/文化广场|艺术中心/文|其他文体中心|其他文)\.*$,休闲玩乐,其它,文化艺术空间
224,TRUE,regex,^(美术馆|展览馆|图书馆)\.*$,休闲玩乐,其它,文化展馆
225,TRUE,regex,^LiveHouse\.*$,休闲玩乐,演出活动,音乐现场
226,TRUE,regex,^(集市|休闲园区|景点/周边游|更多景点/周边游|其他兴趣生活|其他运)\.*$,休闲玩乐,其它,休闲场景与市集
227,TRUE,regex,^纹身\.*$,休闲玩乐,其它,纹身刺青
228,TRUE,regex,^自拍/.*$,休闲玩乐,其它,自助拍照
229,TRUE,regex,^主机\.*$,休闲玩乐,游戏电竞,主机游戏截断
230,TRUE,regex,^(其他科学探索|其他科学)\.*$,休闲玩乐,其它,科学探索体验
306,TRUE,regex,^(美容/SPA|产后恢复|产后塑形|推拿养\d*/?)\.*$,丽人美发,美容医美,美容SPA与产后修复
307,TRUE,regex,^(眼科诊所/门诊|小儿推拿|中医治疗/养生|儿童医疗机构|身心健康教育)\.*$,丽人美发,美容医美,医疗健康并入医美口径
407,TRUE,regex,^(绘本馆|其他亲|亲)\.*$,亲子,亲子活动,绘本阅读与亲子截断
513,TRUE,regex,^(运动健身|球场|私教)\.*$,运动健身,健身中心,健身与私教
514,TRUE,regex,^(平衡车培训|橄榄球培训|武术拳类培训|羽毛球培训|运动培训|尔夫场)\.*$,运动健身,其它,运动培训与场馆
612,TRUE,regex,^(婚礼会所|婚礼策划|婚纱摄影|主持)\.*$,生活服务,其它,婚庆服务
613,TRUE,regex,^自习室\.*$,生活服务,其它,自习与共享空间
703,TRUE,regex,^(机器人编程|美业形象培训|DIY坊)\.*$,教育培训,教育培训,技能与编程培训
702,TRUE,regex,(英语|学习培训|留学申请/咨询|留学\.*|程序设计|考研|国学|棋艺),教育培训,教育培训,语言升学与兴趣教育
