active,canonical_brand_name,chain_scope,evidence_source,evidence_note,verified_date
TRUE,肯德基,known_chain,manual_seed,常见全国连锁初始名单,2026-08-25
TRUE,麦当劳,known_chain,manual_seed,常见全国连锁初始名单,2026-08-25
TRUE,星巴克,known_chain,manual_seed,常见全国连锁初始名单,2026-08-25
TRUE,瑞幸咖啡,known_chain,manual_seed,常见全国连锁初始名单,2026-08-25
TRUE,一点点,known_chain,manual_seed,常见连锁初始名单,2026-08-25
TRUE,喜茶,known_chain,manual_seed,常见连锁初始名单,2026-08-25
TRUE,MannerCoffee,known_chain,manual_seed,常见连锁初始名单,2026-08-25
TRUE,DQ·蛋糕·冰淇淋,known_chain,manual_seed,常见连锁初始名单,2026-08-25
TRUE,优衣库,known_chain,manual_seed,常见全国连锁初始名单,2026-08-25
TRUE,小米之家,known_chain,manual_seed,常见全国连锁初始名单,2026-08-25
TRUE,华为授权体验店,known_chain,manual_seed,常见全国连锁初始名单,2026-08-25
TRUE,周大福CHOWTAIFOOK,known_chain,manual_seed,常见全国连锁初始名单,2026-08-25
