active,merchant_name,mall_name,reason,notes
TRUE,沉浸式金鱼剧场艺术展,BFC外滩金融中心,show_title_duplicate,与同商场"金鱼剧场"场地重复计数
TRUE,露台花园,BFC外滩金融中心,misclassified_venue,露台空间非演出商户
TRUE,时光代理人五周年时序回响原画艺,K11购物艺术中心,limited_time_event,周年原画限时展
TRUE,《战栗迷宫·迷》XR沉浸式战栗,上海环球港,show_title_duplicate,剧目名而非常驻场地
TRUE,上海国潮杂技嘉年华,上海环球港,limited_time_event,嘉年华限时活动
TRUE,上海月星环球港-上海·ComicAC.,上海环球港,limited_time_event,漫展限时活动
TRUE,上海环球港B2-同人创作市集·二.,上海环球港,limited_time_event,同人市集限时活动
TRUE,上海环球港沉浸式机器人嘉年华,上海环球港,limited_time_event,嘉年华限时活动
TRUE,妖漫动漫游戏展-情人节大作战,上海环球港,limited_time_event,动漫游戏展限时活动
TRUE,次圆圆街区,世博源,misclassified_venue,街区非演出商户
TRUE,东野圭吾家庭伦理悬疑剧,世贸广场,show_title_duplicate,剧目名；场地已由星空间条目计入
TRUE,沉浸式东野圭吾青春热血推理话剧,世贸广场,show_title_duplicate,剧目名；场地已由星空间条目计入
TRUE,沉浸式中式惊悚·恐怖悬疑声演剧,世贸广场,show_title_duplicate,剧目名；场地已由星空间条目计入
TRUE,沉浸式美食剧场,世贸广场,show_title_duplicate,剧目名；场地已由星空间条目计入
TRUE,超完美犯罪沉浸式话剧,世贸广场,show_title_duplicate,剧目名；场地已由星空间条目计入
TRUE,开心麻花经典重生沉浸版,五角场合生汇,show_title_duplicate,剧目名；场地为开心麻花U空间
TRUE,开心麻花爆笑客厅喜剧,五角场合生汇,show_title_duplicate,剧目名；场地为开心麻花U空间
TRUE,Peace和立方,兴业太古汇,misclassified_venue,活动场地非演出商户
TRUE,I-DLE沉浸式VR体验特展(上海站),前滩太古里,limited_time_event,特展限时项目
TRUE,疯狂星友团-开心麻花触电综艺侦,北外滩来福士,show_title_duplicate,剧目名而非常驻场地
TRUE,厨神秀海纳百川,新世界城,show_title_duplicate,演出剧目名
TRUE,索尼影视庆典活动展览,正大广场,limited_time_event,庆典活动展览
TRUE,海物惟错玄幻喜剧道场《成仙》,瑞虹天地月亮湾,show_title_duplicate,剧目名；场地为海物惟错剧场
TRUE,维京游轮VikingCruises,白玉兰广场,misclassified_venue,旅游产品非演出商户
TRUE,《双重危机》-一台好戏小剧场,第一百货,show_title_duplicate,剧目名而非常驻场地
TRUE,《当你心动时》,第一百货,show_title_duplicate,剧目名而非常驻场地
TRUE,千弗画室-第一百货店,第一百货,misclassified_venue,画室应属DIY手工非演出
TRUE,原创沉浸式奇幻音乐剧,第一百货,show_title_duplicate,剧目名而非常驻场地
TRUE,沉浸式东野圭吾治愈奇幻话剧,第一百货,show_title_duplicate,剧目名；场地已由星空间条目计入
TRUE,生HIOO亏COCUIMICDYCUDE,第一百货,ocr_garbled,OCR严重乱码无法识别
TRUE,轻音乐剧,第一百货,show_title_duplicate,剧目名而非常驻场地
TRUE,卢米埃影城LD厅,紫荆广场,duplicate_of_cinema,影院厅；影院已单独计入电影院
TRUE,乐·见次元-国漫沉浸乐园·全球首展,美罗城,limited_time_event,全球首展限时项目
TRUE,群岛BOOKS书店,西岸梦中心,misclassified_venue,书店应属零售非演出
