card_id,mall_name,merchant_name_raw,merchant_name_normalized,category_raw,rating,avg_price_yuan,floor_location,card_type,research_eligible,exclusion_reason,rating_status,category_status,detection_method,ocr_confidence,title_score,title_height,observations,name_variants,first_seen_sec,last_seen_sec,evidence_image,source_video,all_text,metadata_text,review_status,review_reason
CARD-0001,西岸梦中心,LENBACH WESTBUND 兰巴赫,LENBACHWESTBUND兰巴赫,西餐,4.6,173,L2,rated,True,,rated,parsed,rating_anchor,0.9688,0.9766,57,1,LENBACH WESTBUND 兰巴赫,0.2,0.2,evidence/card_0001.jpg,ocr/input_videos\上海__西岸梦中心__20260825.mp4,LENBACH WESTBUND 兰巴赫 | L2 | 🌟🌟🌟🌟🌟 | 西餐￥173/人 | 4.6 | 点评榜单 | 龙华/西岸西餐热门榜第1名 | ￥3176.2折 | ￥513 | 惠 | 【江景露台】招牌...,L2 | 🌟🌟🌟🌟🌟 | 西餐￥173/人 | 4.6,建议复核,single_observation
CARD-0002,西岸梦中心,圈儿潮汕牛肉火锅,圈儿潮汕牛肉火锅,潮汕牛肉火锅,4.7,138,L3,rated,True,,rated,parsed,rating_anchor,0.986,0.9937,51,6,圈儿潮汕牛肉火锅,0.2,27.48,evidence/card_0002.jpg,ocr/input_videos\上海__西岸梦中心__20260825.mp4,圈儿潮汕牛肉火锅 | ★4.7 | 潮汕牛肉火锅￥138/人 | L3 | P | 点评榜单 | 徐汇区潮汕牛肉火锅热门榜第2名 | 休息中 | ￥22 | ￥10.1 | 4.6折 | 【单品】圈儿招牌自.. | 惠 | ￥489.6折 | 惠 | ￥5050元代金券,★4.7 | 潮汕牛肉火锅￥138/人 | L3,结构完整,
CARD-0003,西岸梦中心,点都德·早茶夜酒bistro,点都德·早茶夜酒bistro,粤式茶点,4.4,116,L4,rated,True,,rated,parsed,rating_anchor,0.9758,0.9632,55,1,点都德·早茶夜酒bistro,0.2,0.2,evidence/card_0003.jpg,ocr/input_videos\上海__西岸梦中心__20260825.mp4,点都德·早茶夜酒bistro | 早茶夜酒 | 🌟🌟🌟🎉 | L4 | 4.4粤式茶点 | ￥116/人 | ★ | 点评榜单 | 龙华/西岸粤菜销量榜第1名 | 點都德·bistro | 惠 | 1折 | ￥1 | ￥10 | 【大红袍奶冻】 | 9.5折 | ￥95 | ￥100 | 惠 | 【全天可用】100元..,🌟🌟🌟🎉 | L4 | 4.4粤式茶点 | ￥116/人 | ★,建议复核,single_observation
CARD-0004,西岸梦中心,三清潭烧鹅,三清潭烧鹅,粤菜馆,4.8,230,L3,rated,True,,rated,parsed,rating_anchor,0.9787,0.9937,49,4,三清潭烧鹅,0.2,3.05,evidence/card_0004.jpg,ocr/input_videos\上海__西岸梦中心__20260825.mp4,三清潭烧鹅 | 三清潭 | 烧鹅 | L3 | 🌟🌟★🌟4.8 | 粤菜馆￥230/人 | 点评榜单 | 龙华/西岸粤菜热门榜第1名 | 休息中 | 特色烧鹅，虾控必爱” | ￥9.92.7折 | ￥38杨枝甘露 | 惠,L3 | 🌟🌟★🌟4.8 | 粤菜馆￥230/人,结构完整,
CARD-0005,西岸梦中心,COSOPARTY酷秀KTV,COSOPARTY酷秀KTV,量贩式KTV,4.8,89,L3,rated,True,,rated,parsed,rating_anchor,0.9804,0.9935,53,17,COSO PARTY酷秀KTV | COSOPARTY酷秀KTV,0.2,55.77,evidence/card_0005.jpg,ocr/input_videos\上海__西岸梦中心__20260825.mp4,COSOPARTY酷秀KTV | ⭐⭐4.8 | 量贩式KTV￥89/人 | L3 | COSOPARTY | 点评榜单 | 徐汇区KTV环境榜第2名 | 酷秀KTV | 生日派对首选 | 包厢宽敬江景好，音质清晰屏幕大” | “ | ￥248￥436 | 惠 | 【多店通·快乐微醺】12...,⭐⭐4.8 | 量贩式KTV￥89/人 | L3,结构完整,
CARD-0006,西岸梦中心,Mint·放江景西餐厅,Mint·放江景西餐厅,西餐,4.4,178,L3,rated,True,,rated,parsed,rating_anchor,0.9758,0.9786,51,4,Mint·放江景西餐厅,2.44,4.27,evidence/card_0006.jpg,ocr/input_videos\上海__西岸梦中心__20260825.mp4,江·港会首区 | Mint·放江景西餐厅 | 🌟🌟🌟⭐ | L3 | 4.4西餐￥178/人 | 点评镑单 | 龙华/西岸西餐打卡人气榜第6名 | 蛋黄黑松露葱油拌面松露香浓郁 | O | e4s | ￥355 | 6.3折 | ￥564花园江景·谷饲牛嫩.. | 惠 | ￥959.5折 | 惠 | ￥100100元代金券,🌟🌟🌟⭐ | L3 | 4.4西餐￥178/人,结构完整,
CARD-0007,西岸梦中心,虹潮荟·荣·餐桌上的美食地理,虹潮荟·荣·餐桌上的美食地理,潮汕菜,4.8,221,L3,rated,True,,rated,parsed,rating_anchor,0.9747,0.9871,49,10,虹潮荟·荣·餐桌上的美食地理,2.44,22.8,evidence/card_0007.jpg,ocr/input_videos\上海__西岸梦中心__20260825.mp4,虹潮荟·荣·餐桌上的美食地理 | L3 | 4.8潮汕菜￥221/人 | 点评榜单 | 徐汇区潮汕菜口味榜第2名 | 休息中 | 低温熟腌冰淇淋膏蟹入口即化 | ￥155.2折 | ￥29 | 惠 | 【人气热销】蜂巢燕窝 | ￥89 | 8.9折 | ￥100 | 惠 | 【直播间有补贴】10...,L3 | 4.8潮汕菜￥221/人,结构完整,
CARD-0008,西岸梦中心,西塔老太太泥炉烤肉,西塔老太太泥炉烤肉,韩式烤肉,4.4,128,L2,rated,True,,rated,parsed,rating_anchor,0.9892,0.9998,53,5,西塔老太太泥炉烤肉,3.05,6.11,evidence/card_0008.jpg,ocr/input_videos\上海__西岸梦中心__20260825.mp4,西塔老太太泥炉烤肉 | 西 | L2 | 🌟🌟⭐ | 4.4韩式烤肉￥128/人 | ★ | 平3T | 点评榜单 | 龙华/西岸烤肉热门榜第2名 | 西塔王牛排 | 重6:00营业 | 环节优秀，服务贴心，性价比超高 | 力 | ￥491 | ￥2745.6折 | 惠 | 【经典】精品2人烤.. | ￥797.9折 | ￥100 | 惠 | 【午市】100元代金券,L2 | 🌟🌟⭐ | 4.4韩式烤肉￥128/人 | ★,结构完整,
CARD-0009,西岸梦中心,蓝岐BLUE（上海西岸梦中心）,蓝岐BLUE(上海西岸梦中心),服装,3.9,,L1,rated,True,,rated,parsed,rating_anchor,0.9834,0.967,54,3,蓝岐BLUE（上海西岸梦中心）,4.88,6.11,evidence/card_0009.jpg,ocr/input_videos\上海__西岸梦中心__20260825.mp4,蓝岐BLUE（上海西岸梦中心） | L1 | 服装 | 🌟🌟🎉🌟🌟 | 3.9 | 全新代言人丁真，时尚亲近自然,L1 | 服装 | 🌟🌟🎉🌟🌟 | 3.9,结构完整,
CARD-0010,西岸梦中心,柿合缘新京菜,柿合缘新京菜,京菜,4.7,154,L3,rated,True,,rated,parsed,rating_anchor,0.982,0.9945,52,10,柿合缘新京菜,4.88,37.86,evidence/card_0010.jpg,ocr/input_videos\上海__西岸梦中心__20260825.mp4,柿合缘新京菜 | L3 | 4.7京菜￥154/人 | ★★★★★ | 柿合缘** | 点评榜单 | SNIHEYUAN | 上海京菜好评榜第1名 | 休息中 | 烤鸭和鱼头双绝，必须来尝尝 | 4.8折 | ￥9 | 惠 | ￥19老北京糖油饼配意大利黑醋 | ￥909折 | ￥100100元代金券 | 惠,L3 | 4.7京菜￥154/人 | ★★★★★,结构完整,
CARD-0011,西岸梦中心,浙时码头·温州海鲜大排档,浙时码头·温州海鲜大排档,温州菜,4.2,168,L2,rated,True,,rated,parsed,rating_anchor,0.9916,0.9876,53,4,浙时码头·温州海鲜大排档,6.11,8.55,evidence/card_0011.jpg,ocr/input_videos\上海__西岸梦中心__20260825.mp4,浙时码头·温州海鲜大排档 | 🌟🌟⭐⭐ | L2 | 温州菜 | ￥168/人 | 4.2 | 点评榜单 | 上海温州菜销量榜第2名 | 休息中 | ￥4.8 | 惠 | 4折 | 猪油膏 | ￥12 | 惠 | ￥100100元代金券 | ￥94 | 9.4折,🌟🌟⭐⭐ | L2 | 温州菜 | ￥168/人 | 4.2,结构完整,
CARD-0012,西岸梦中心,Tapa Tapa,TapaTapa,西班牙菜,4.4,176,L1,rated,True,,rated,parsed,rating_anchor,0.9791,0.9588,69,6,Tapa Tapa,6.72,9.97,evidence/card_0012.jpg,ocr/input_videos\上海__西岸梦中心__20260825.mp4,Tapa Tapa | ⭐🌟🌟🌟 | L1 | 西班牙菜 | ￥176/人 | 4.4 | 点评榜单 | 徐汇区西班牙菜回头客榜第2名 | ￥368 | 7.1折 | ￥522招牌海鲜饭双人餐. | 惠,⭐🌟🌟🌟 | L1 | 西班牙菜 | ￥176/人 | 4.4,结构完整,
CARD-0013,西岸梦中心,开心麻花大三角剧场,开心麻花大三角剧场,剧场/剧院,4.9,,L3,rated,True,,rated,parsed,rating_anchor,0.9979,0.9997,54,6,开心麻花大三角剧场,6.72,9.97,evidence/card_0013.jpg,ocr/input_videos\上海__西岸梦中心__20260825.mp4,开心麻花大三角剧场 | L3 | 🌟🌟⭐🌟4.9 | 剧场/剧院 | 大三角剧场 | TRIANGIETHEATER,L3 | 🌟🌟⭐🌟4.9 | 剧场/剧院,结构完整,
CARD-0014,西岸梦中心,山石榴·贵州菜,山石榴·贵州菜,贵州菜黔菜,4.6,116,L2,rated,True,,rated,parsed,rating_anchor,0.9738,0.9875,54,14,山石榴·贵州菜,6.72,42.33,evidence/card_0014.jpg,ocr/input_videos\上海__西岸梦中心__20260825.mp4,山石榴·贵州菜 | ⭐🌟🌟⭐🌟 | L2 | 贵州菜黔菜￥116/人 | 4.6 | 点评榜单 | 徐汇区贵州菜黔菜好评榜第1名 | 山石超 | 美味实惠，西岸好去处，服务优质” | “ | ￥9.95.5折 | ￥18 | 【爽爽贵州】清爽饮.. | 惠 | ￥959.5折 | ￥100 | 惠 | 【问夏寻山】100元.,⭐🌟🌟⭐🌟 | L2 | 贵州菜黔菜￥116/人 | 4.6,结构完整,
CARD-0015,西岸梦中心,桂满陇·江南流水席,桂满陇·江南流水席,浙菜,4.4,118,L2,rated,True,,rated,parsed,rating_anchor,0.9809,0.9851,57,5,桂满陇·江南流水席,9.16,11.6,evidence/card_0015.jpg,ocr/input_videos\上海__西岸梦中心__20260825.mp4,桂满陇·江南流水席 | 🌟🌟🌟🎉 | L2 | 4.4浙菜￥118/人 | 点评榜单 | 龙华/西岸江浙菜热门榜第6名 | 16:30营业 | “临江景色优美”,🌟🌟🌟🎉 | L2 | 4.4浙菜￥118/人,结构完整,
CARD-0016,西岸梦中心,PIZZERIA意式手工窑炉披萨餐厅,PIZZERIA意式手工窑炉披萨餐厅,比萨,4.1,104,L1,rated,True,,rated,parsed,rating_anchor,0.9819,0.996,52,3,PIZZERIA意式手工窑炉披萨餐厅,9.97,11.6,evidence/card_0016.jpg,ocr/input_videos\上海__西岸梦中心__20260825.mp4,PIZZERIA意式手工窑炉披萨餐厅 | 黑鱼子酱三文鱼披萨 | 🌟🌟🌟⭐ | L1 | 4.1比萨￥104/人 | 点评榜单 | 徐汇区比萨热门榜第1名,🌟🌟🌟⭐ | L1 | 4.1比萨￥104/人,结构完整,
CARD-0017,西岸梦中心,EXI.T,EXI.T,服饰鞋包,3.4,1622,L1,rated,True,,rated,parsed,rating_anchor,0.9876,0.9974,48,4,EXI.T,10.58,12.62,evidence/card_0017.jpg,ocr/input_videos\上海__西岸梦中心__20260825.mp4,EXI.T | 🌟🌟🎉 | ★★ | L1 | 3.4服饰鞋包￥1622/人 | 停车场显眼，服务很好,🌟🌟🎉 | ★★ | L1 | 3.4服饰鞋包￥1622/人,结构完整,
CARD-0018,西岸梦中心,新京熹·北京涮肉,新京熹·北京涮肉,老北京火锅,4.4,172,L3,rated,True,,rated,parsed,rating_anchor,0.9728,0.9638,54,8,新京熹·北京涮肉,10.58,33.38,evidence/card_0018.jpg,ocr/input_videos\上海__西岸梦中心__20260825.mp4,新京熹·北京涮肉 | 新京客·山信 | 🌟🌟⭐ | L3 | 4.4老北京火锅￥172/人 | 京秋·风物印象 | 加宗宾·北宗油肉 | 点评榜单 | Xmnse Mere | 徐汇区老北京火锅热门榜第1名 | 肉质新鲜，环境舒适，表演精彩 | 1 | ￥59 | 8.6折 | ￥69 | 惠 | 豫东荆芥阿尔巴斯羊肉 | ￥92.9 | 惠 | 9.3折 | ￥100100元代金券,🌟🌟⭐ | L3 | 4.4老北京火锅￥172/人,结构完整,
CARD-0019,西岸梦中心,锦府园·新台州菜,锦府园·新台州菜,浙菜,4.8,151,L3,rated,True,,rated,parsed,rating_anchor,0.9674,0.9846,51,4,锦府园·新台州菜,11.6,13.23,evidence/card_0019.jpg,ocr/input_videos\上海__西岸梦中心__20260825.mp4,锦府园·新台州菜 | 4.8浙菜￥151/人 | L3 | 锦府园 | 点评榜单 | 徐汇区浙菜热门榜第1名 | +新台主+ | 16:30营业 | 口感鲜美入味，山药甜品微甜可口 | “ | ￥3277.3折 | 惠 | ￥453 | 锦府园经典双人餐 | ￥88 | 惠 | 8.8折 | ￥100100元代金券,4.8浙菜￥151/人 | L3,结构完整,
CARD-0020,西岸梦中心,宝莱纳餐厅,宝莱纳餐厅,西餐,3.9,,L1,rated,True,,rated,parsed,rating_anchor,0.9841,0.9916,55,6,宝莱纳餐厅,12.01,14.65,evidence/card_0020.jpg,ocr/input_videos\上海__西岸梦中心__20260825.mp4,宝莱纳餐厅 | PAULANER|宝莱纳 | WIRISHAUS | 3.9西餐179/人 | L1 | ￥1887.8折 | ￥243单人缤纷欢乐吮指时光 | 惠,3.9西餐179/人 | L1,结构完整,
CARD-0021,西岸梦中心,宇宙的猜想,宇宙的猜想,文化艺术,4.7,384,L1,rated,True,,rated,parsed,rating_anchor,0.9841,0.9999,56,6,宇宙的猜想,12.62,15.67,evidence/card_0021.jpg,ocr/input_videos\上海__西岸梦中心__20260825.mp4,宇宙的猜想 | 🌟🌟🌟🌟 | L1 | 4.7文化艺术￥384/人 | 点评榜单 | 龙华/西岸文化艺术好评榜第6名,🌟🌟🌟🌟 | L1 | 4.7文化艺术￥384/人,结构完整,
CARD-0022,西岸梦中心,芙蓉霄·湘风酒肆,芙蓉霄·湘风酒肆,湘菜,4.7,118,L2,rated,True,,rated,parsed,rating_anchor,0.971,0.9757,51,10,芙蓉霄·湘风酒肆,13.23,34.4,evidence/card_0022.jpg,ocr/input_videos\上海__西岸梦中心__20260825.mp4,芙蓉霄·湘风酒肆 | 匠心生香 | 海果 | L2 | 🌟🌟🌟🌟🌟 | 4.7湘菜￥118/人 | 点评榜单 | 上海湘菜销量榜第1名 | 黄浦江夜景尽收眼底，辣而不燥 | “ | ￥15 | 4折 | ￥38 | 惠 | 【夏日解暑】非遗米酒/... | ￥50 | 惠 | ￥46 | 9.2折 | 【结账必用】50元代金券,L2 | 🌟🌟🌟🌟🌟 | 4.7湘菜￥118/人,结构完整,
CARD-0023,西岸梦中心,Chili's奇利斯美式小餐馆,Chili's奇利斯美式小餐馆,西餐,4.7,139,L1,rated,True,,rated,parsed,rating_anchor,0.9723,0.9748,52,7,Chili's 奇利斯美式小餐馆 | Chili's奇利斯美式小餐馆 | Chilli's奇利斯美式小餐馆,13.64,17.1,evidence/card_0023.jpg,ocr/input_videos\上海__西岸梦中心__20260825.mp4,Chili's奇利斯美式小餐馆 | chis | ★★★★★ | L1 | 西餐￥139/人 | 4.7 | 点评榜单 | 龙华/西岸西餐好评榜第1名 | 手打汉堡 | 坏小子汉堡 | 性价比超高的玛格丽特 | THE BADBOY系列上新 | ￥68 | ￥141工作日单人午市套餐 | 4.9折 | 惠,★★★★★ | L1 | 西餐￥139/人 | 4.7,结构完整,
CARD-0024,西岸梦中心,New Balance,NewBalance,鞋靴,4.4,,L1,rated,True,,rated,parsed,rating_anchor,0.992,0.9863,51,5,New Balance,14.65,17.1,evidence/card_0024.jpg,ocr/input_videos\上海__西岸梦中心__20260825.mp4,New Balance | 4.4鞋靴 | L1 | 🌟🌟🌟🎉 | 点评榜单 | 徐汇区鞋靴好评榜第7名,4.4鞋靴 | L1 | 🌟🌟🌟🎉,结构完整,
CARD-0025,西岸梦中心,春里·淮扬,春里·淮扬,淮扬菜,4.4,126,L2,rated,True,,rated,parsed,rating_anchor,0.9783,0.9896,59,4,春里·淮扬,15.67,17.1,evidence/card_0025.jpg,ocr/input_videos\上海__西岸梦中心__20260825.mp4,春里·淮扬 | L2 | 🌟🌟⭐⭐ | 4.4淮扬菜￥126/人 | 春里 | ★ | 点评榜单 | 徐汇区淮扬菜打卡人气榜第3名 | 聚会选我家 | 环保健康，无预制菜，服务到位 | 7 | ￥3.63.7折 | ￥9.9单品|春里手工酸奶 | 惠 | ￥909折 | 惠 | ￥100100元代金券,L2 | 🌟🌟⭐⭐ | 4.4淮扬菜￥126/人 | ★,结构完整,
CARD-0026,西岸梦中心,侏唛食廠·码头Pier台北料理,侏唛食厂·码头Pier台北料理,台湾菜,3.9,95,L2,rated,True,,rated,parsed,rating_anchor,0.9572,0.9587,57,10,伴唛食廠·码头Pier 台北料理 | 伴唛食廠·码头Pier台北料理 | 侏唛食廠·码头Pier 台北料理 | 侏唛食廠·码头Pier台北料理,15.88,34.4,evidence/card_0026.jpg,ocr/input_videos\上海__西岸梦中心__20260825.mp4,侏唛食廠·码头Pier台北料理 | L2 | 台湾菜￥95/人 | 🌟🌟🌟🌟🌟 | 3.9 | 侏唛食廠 | 点评榜单 | 徐汇区台湾菜热门榜第1名 | RICE& | ￥186.5折 | ￥28丝滑锡兰浓情奶茶 | 惠 | ￥100100元代金券 | ￥98 | 9.8折 | 惠,L2 | 台湾菜￥95/人 | 🌟🌟🌟🌟🌟 | 3.9,结构完整,
CARD-0027,西岸梦中心,COMMON SCENTS,COMMONSCENTS,服饰鞋包,4.2,899,L1,rated,True,,rated,parsed,rating_anchor,0.9685,0.9658,51,3,COMMON SCENTS,17.91,19.34,evidence/card_0027.jpg,ocr/input_videos\上海__西岸梦中心__20260825.mp4,COMMON SCENTS | 🌟🌟⭐ | L1 | 4.2服饰鞋包￥899/人 | ★ | 6635,🌟🌟⭐ | L1 | 4.2服饰鞋包￥899/人 | ★,结构完整,
CARD-0028,西岸梦中心,Mozzarella e Vino,MozzarellaeVino,意大利菜,4.4,156,L1,rated,True,,rated,parsed,rating_anchor,0.9823,0.9911,59,3,Mozzarella e Vino,17.91,19.34,evidence/card_0028.jpg,ocr/input_videos\上海__西岸梦中心__20260825.mp4,Mozzarella e Vino | 🌟🌟💥💥 | L1 | 4.4意大利菜￥156/人 | ★ | 点评榜单 | 徐汇区意大利菜打卡人气榜第1名 | 万圣节限定奶酪，惊喜多多” | ￥786.4折 | ￥123 | 【甜蜜一刻】单人下. | 惠 | ￥2939.8折 | ￥300300元代金券 | 惠,🌟🌟💥💥 | L1 | 4.4意大利菜￥156/人 | ★,结构完整,
CARD-0029,西岸梦中心,BAKTRO mit laib & seele,BAKTROmitlaib&seele,西餐,3.9,150,L1,rated,True,,rated,parsed,rating_anchor,0.968,0.9574,51,5,BAKTRO mit Iaib & seele | BAKTRO mit laib & seele,17.91,20.35,evidence/card_0029.jpg,ocr/input_videos\上海__西岸梦中心__20260825.mp4,BAKTRO mit laib & seele | BAKTRO | L1 | 🌟🌟🌟🌟🌟 | 3.9西餐￥150/人 | ￥689.4折 | ￥73BAKTRO茶歇套餐 | 惠,L1 | 🌟🌟🌟🌟🌟 | 3.9西餐￥150/人,结构完整,
CARD-0030,西岸梦中心,CORAL叩福·MAMA面,CORAL叩福·MAMA面,东南亚菜,4.0,115,L1,rated,True,,rated,parsed,rating_anchor,0.9619,0.954,54,8,CORAL叩福·MAMA面,18.52,36.63,evidence/card_0030.jpg,ocr/input_videos\上海__西岸梦中心__20260825.mp4,CORAL叩福·MAMA面 | GORYI.明 | 🌟🌟⭐⭐ | L1 | 东南亚菜￥115/人 | 4.0 | ★ | 点评榜单 | 龙华/西岸东南亚菜打卡人气榜第1名 | 江景美食，猪肉饭必点 | 怎么点都好吃 | ￥787.1折 | 【工作日午市】单人 | ￥111 | 惠,🌟🌟⭐⭐ | L1 | 东南亚菜￥115/人 | 4.0 | ★,结构完整,
CARD-0031,西岸梦中心,onhéon,onhéon,服饰鞋包,4.8,676,L1,rated,True,,rated,parsed,rating_anchor,0.97,0.9982,50,3,onhéon,19.95,21.37,evidence/card_0031.jpg,ocr/input_videos\上海__西岸梦中心__20260825.mp4,onhéon | onhee | bno30 | 4.8服饰鞋包￥676/人 | L1 | 点评榜单 | 龙华/西岸服饰鞋包热门榜第6名 | 香薰区治愈到不动路，陈列艺术感十足 | “,4.8服饰鞋包￥676/人 | L1,结构完整,
CARD-0032,西岸梦中心,老吉士上海菜,老吉士上海菜,本帮菜,,195,L2,new_store,False,new_store,ocr_missing,parsed,metadata_anchor,0.9731,0.989,51,4,老吉士上海菜,19.95,21.98,evidence/card_0032.jpg,ocr/input_videos\上海__西岸梦中心__20260825.mp4,老吉士上海菜 | 新店 | L2 | 本帮菜￥195/人 | 老吉士 | 点评榜单 | 龙华/西岸江浙菜新店榜第1名 | 30 | 上海本帮菜 | ￥198 | 4.2折 | 惠 | ￥478工作日午市双人餐 | ￥95 | 9.5折 | ￥100100元代金券 | 惠,新店 | L2 | 本帮菜￥195/人,研究排除,
CARD-0033,西岸梦中心,廖掌柜·重庆鲜货火锅,廖掌柜·重庆鲜货火锅,重庆火锅,4.6,135,L1,rated,True,,rated,parsed,rating_anchor,0.9932,0.9895,48,5,廖掌柜·重庆鲜货火锅,19.95,22.8,evidence/card_0033.jpg,ocr/input_videos\上海__西岸梦中心__20260825.mp4,廖掌柜·重庆鲜货火锅 | 廖掌柜 | 徐汇 | L1 | ★★★★★ | 4.6重庆火锅 | ￥135/人 | 夜间消费券 | 点评榜单 | 徐汇区重庆火锅销量榜第1名 | 可用门店 | 使用时段：21:30一次日02:00 | “ | 宠物区和美食双重享受 | 5 | G | ￥28 | ￥196.8折 | 【快乐开吃】海鸭蛋鱼丸 | 惠 | ￥959.5折 | 惠 | ￥100100元代金券,L1 | ★★★★★ | 4.6重庆火锅 | ￥135/人,结构完整,
CARD-0034,西岸梦中心,sage studio,sagestudio,服饰鞋包,4.2,1042,L1,rated,True,,rated,parsed,rating_anchor,0.9864,0.998,61,5,sage studio,21.37,23.81,evidence/card_0034.jpg,ocr/input_videos\上海__西岸梦中心__20260825.mp4,sage studio | B | 4.2 | L1 | 服饰鞋包￥1042/人 | ⭐🌟🌟🌟 | 点评榜单 | 龙华/西岸服饰鞋包热门榜第2名 | “装修风格出片，衣服款式多样,4.2 | L1 | 服饰鞋包￥1042/人 | ⭐🌟🌟🌟,结构完整,
CARD-0035,西岸梦中心,胡麻,胡麻,特色菜,4.0,113,L1,rated,True,,rated,parsed,rating_anchor,0.9853,0.9977,67,4,胡麻,21.98,23.81,evidence/card_0035.jpg,ocr/input_videos\上海__西岸梦中心__20260825.mp4,胡麻 | 胡麻 | 4.0特色菜￥113/人 | ⭐🌟🌟⭐ | L1 | ★ | 点评榜单 | 龙华/西岸美食热门榜第2名 | HuMa | 糖烤猪五花口感绝佳 | “业 | J | ￥206.457.9折 | ￥264工作日双人餐 | 惠,4.0特色菜￥113/人 | ⭐🌟🌟⭐ | L1 | ★,结构完整,
CARD-0036,西岸梦中心,Kokyo Sushi Bar,KokyoSushiBar,日本料理,4.6,221,L1,rated,True,,rated,parsed,rating_anchor,0.9751,0.9891,55,2,Kokyo Sushi Bar,23.2,23.81,evidence/card_0036.jpg,ocr/input_videos\上海__西岸梦中心__20260825.mp4,Kokyo Sushi Bar | kokyol | 第二只 | L1 | 🌟🌟🌟🌟 | 日本料理￥221/人 | 4.6 | 半价 | 鲜活海 | 点评榜单 | 龙华/西岸日式料理热门榜第1名 | 优质服务，贴心推荐。 | 3 | 惠￥6397.6折 | ￥846超值双人套餐,L1 | 🌟🌟🌟🌟 | 日本料理￥221/人 | 4.6,结构完整,
CARD-0037,西岸梦中心,筒仓天台,筒仓天台,,4.5,86,L4,rated,True,,rated,missing,rating_anchor,0.9957,0.9957,66,4,筒仓天台,23.2,25.44,evidence/card_0037.jpg,ocr/input_videos\上海__西岸梦中心__20260825.mp4,筒仓天台 | 4.5新奇体验￥86/人 | L4,4.5新奇体验￥86/人 | L4,建议复核,category_missing
CARD-0038,西岸梦中心,鸟栖·焼鳥·江景日料,鸟栖·焼鸟·江景日料,日本料理,4.0,153,L1,rated,True,,rated,parsed,rating_anchor,0.954,0.9507,51,2,鸟栖·焼鳥·江景日料,25.03,25.44,evidence/card_0038.jpg,ocr/input_videos\上海__西岸梦中心__20260825.mp4,鸟栖·焼鳥·江景日料 | 島栖！ | 江景日料 | 地标 | 🌟🌟🌟🌟 | L1 | 4.0 | 日本料理￥153/人 | 点评榜单 | 龙华/西岸日本料理热门榜第3名 | 休息中夜色 | “精致环境，好味，性价不错” | ￥687折 | ￥98 | 惠 | 【清酒一壶/260ml】北. | ￥989.8折 | 惠 | ￥100100元代金券,🌟🌟🌟🌟 | L1 | 4.0 | 日本料理￥153/人,结构完整,
CARD-0039,西岸梦中心,群岛BOOKS书店,群岛BOOKS书店,活动中心,4.4,56,L2,rated,True,,rated,parsed,rating_anchor,0.9824,0.9963,51,5,群岛BOOKS书店,25.03,27.48,evidence/card_0039.jpg,ocr/input_videos\上海__西岸梦中心__20260825.mp4,群岛BOOKS书店 | L2 | 🌟🌟💥🌟 | 4.4活动中心￥56/人 | ★ | 互动装置超有趣，展品拍照打卡绝佳,L2 | 🌟🌟💥🌟 | 4.4活动中心￥56/人 | ★,结构完整,
CARD-0040,西岸梦中心,琥家,琥家,日式面条,3.9,62,L2,rated,True,,rated,parsed,rating_anchor,0.9803,0.997,64,3,琥家,26.46,27.48,evidence/card_0040.jpg,ocr/input_videos\上海__西岸梦中心__20260825.mp4,琥家 | 琥家 | KOYABAHEN | ★★★★★ | 绿 | 日式面条￥62/人 | L2 | 登 | 3.9 | 点评榜单 | 龙华/西岸日式料理销量榜第2名 | 公 | 请不要错过这道宝宝最爱的美味” | ￥697.7折 | ￥90元气单人套餐 | 惠 | ￥909折 | 惠 | ￥100100元代金券,★★★★★ | 日式面条￥62/人 | L2 | 3.9,结构完整,
CARD-0041,西岸梦中心,和牛十兵衛·炭火焼肉,和牛十兵卫·炭火焼肉,日式烧烤/烤肉,3.9,,L2,rated,True,,rated,parsed,rating_anchor,0.9779,0.986,51,6,和牛十兵衛·炭火焼肉,26.46,29.51,evidence/card_0041.jpg,ocr/input_videos\上海__西岸梦中心__20260825.mp4,和牛十兵衛·炭火焼肉 | 品 | ⭐🌟⭐3.9 | 日式烧烤/烤肉￥183/L2 | “服务周到，性价比不错，环境优美” | 黄火烧肉 | 16:30营业 | ￥399 | ￥798 | 惠 | 5折 | 【品牌主推】 | 幸福满….. | ￥89 | 惠 | 8.9折 | ￥100 | 【结账必用】100元...,⭐🌟⭐3.9 | 日式烧烤/烤肉￥183/L2,结构完整,
CARD-0042,西岸梦中心,Fred Perry,FredPerry,服装,4.0,,L1,rated,True,,rated,parsed,rating_anchor,0.9891,0.9785,65,3,Fred Perry,28.49,29.51,evidence/card_0042.jpg,ocr/input_videos\上海__西岸梦中心__20260825.mp4,Fred Perry | 🌟🌟⭐⭐ | L1 | 服装 | 4.0 | ★,🌟🌟⭐⭐ | L1 | 服装 | 4.0 | ★,结构完整,
CARD-0043,西岸梦中心,红雀围·海鲜火锅,红雀围·海鲜火锅,海鲜火锅,4.8,220,L3,rated,True,,rated,parsed,rating_anchor,0.98,0.9921,54,6,红雀围·海鲜火锅,28.49,31.75,evidence/card_0043.jpg,ocr/input_videos\上海__西岸梦中心__20260825.mp4,红雀围·海鲜火锅 | 紅雀围 | ⭐🌟⭐⭐🌟 | L3 | 4.8海鲜火锅￥220/人 | RED HOTPOT | 点评榜单 | 龙华/西岸火锅口味榜第1名 | 海鲜火锅 | 休息中 | 海鲜小锅，汤底浓郁，食材新鲜 | 3 | ￥3985折 | ￥796 | 惠 | 午市红雀围冰鲜龙虾.... | ￥1809折 | ￥200200元代金券 | 惠,⭐🌟⭐⭐🌟 | L3 | 4.8海鲜火锅￥220/人,结构完整,
CARD-0044,西岸梦中心,野渡·炭火熟成·Bistro,野渡·炭火熟成·Bistro,特色菜,4.2,176,L2,rated,True,,rated,parsed,rating_anchor,0.9824,0.9898,55,6,野渡·炭火熟成·Bistro,28.49,31.75,evidence/card_0044.jpg,ocr/input_videos\上海__西岸梦中心__20260825.mp4,野渡·炭火熟成·Bistro | 4.2特色菜￥176/人 | L2 | 🌟🌟🌟🌟 | 野液 | 点评榜单 | 炭火中式BISTRO | 徐汇区特色菜打卡人气榜第2名 | 休息中 | ￥386.8折 | ￥56 | 惠 | 【经典老盐】1 | 任选两杯.... | ￥909折 | 惠 | ￥100100元代金券,4.2特色菜￥176/人 | L2 | 🌟🌟🌟🌟,结构完整,
CARD-0045,西岸梦中心,UODYCOCO有蒂棵棵,UODYCOCO有蒂棵棵,杂货礼品,4.9,130,L1,rated,True,,rated,parsed,rating_anchor,0.9944,0.9905,50,4,UODYCOCO有蒂棵棵,29.51,31.75,evidence/card_0045.jpg,ocr/input_videos\上海__西岸梦中心__20260825.mp4,UODYCOCO有蒂棵棵 | L1 | ⭐🌟⭐⭐⭐4.9 | 杂货礼品 | ￥130/人,L1 | ⭐🌟⭐⭐⭐4.9 | 杂货礼品 | ￥130/人,结构完整,
CARD-0046,西岸梦中心,三出山火锅,三出山火锅,四川火锅,4.6,161,L2,rated,True,,rated,parsed,rating_anchor,0.9824,0.9998,53,5,三出山火锅,30.94,32.56,evidence/card_0046.jpg,ocr/input_videos\上海__西岸梦中心__20260825.mp4,三出山火锅 | 🌟🌟🌟🌟🌟 | L2 | 四川火锅￥161/人 | 4.6 | MEE | 点评榜单 | 徐汇区四川火锅热门榜第1名 | TAUE EHAN | ￥10.95.8折 | ￥19夏季饮品三选一(西... | 惠 | ￥959.5折 | 惠 | ￥100100元代金券,🌟🌟🌟🌟🌟 | L2 | 四川火锅￥161/人 | 4.6,结构完整,
CARD-0047,西岸梦中心,Rest&Recreation,Rest&Recreation,服装,3.9,990,L1,rated,True,,rated,parsed,rating_anchor,0.9732,0.9982,51,3,Rest&Recreation,32.36,33.38,evidence/card_0047.jpg,ocr/input_videos\上海__西岸梦中心__20260825.mp4,Rest&Recreation | 3.9服装￥990/人 | L1 | 韩系极简风，拍照巨出片 | 心 | 小,3.9服装￥990/人 | L1,结构完整,
CARD-0048,西岸梦中心,Columbia,Columbia,运动户外,3.4,,L1,rated,True,,rated,parsed,rating_anchor,0.998,0.9992,52,2,Columbia,33.79,34.4,evidence/card_0048.jpg,ocr/input_videos\上海__西岸梦中心__20260825.mp4,Columbia | KEEPING | YOU | 🌟🌟🎉 | L1 | ★★ | 3.4运动户外 | Columbia,🌟🌟🎉 | L1 | ★★ | 3.4运动户外,结构完整,
CARD-0049,西岸梦中心,NB Grey,NBGrey,服饰...,4.3,1039,商场内,rated,True,,rated,parsed,rating_anchor,0.9088,0.9879,68,4,NB Grey,35.82,37.86,evidence/card_0049.jpg,ocr/input_videos\上海__西岸梦中心__20260825.mp4,NB Grey | 雲 | 🌟🌟★⭐ | 服饰... | ￥1039/人商场内 | 4.3 | 设计款式多样，服务耐心周到” | 《 | new balance,🌟🌟★⭐ | 服饰... | ￥1039/人商场内 | 4.3,结构完整,
CARD-0050,西岸梦中心,POETS泰狮,POETS泰狮,泰国菜,4.7,170,L2,rated,True,,rated,parsed,rating_anchor,0.9822,0.9991,52,4,POETS泰狮,35.82,37.86,evidence/card_0050.jpg,ocr/input_videos\上海__西岸梦中心__20260825.mp4,POETS泰狮 | POETS泰狮 | 泰国菜￥170/人 | 🌟🌟🌟🌟🌟 | L2 | 4.7 | 点评榜单 | 龙华/西岸东南亚菜热门榜第1名 | ￥386.6折 | ￥58青木瓜之恋 | 惠,泰国菜￥170/人 | 🌟🌟🌟🌟🌟 | L2 | 4.7,结构完整,
CARD-0051,西岸梦中心,NEED创意韩国料理,NEED创意韩国料理,韩式料理,4.0,103,L2,rated,True,,rated,parsed,rating_anchor,0.986,0.9996,53,5,NEED创意韩国料理,35.82,38.67,evidence/card_0051.jpg,ocr/input_videos\上海__西岸梦中心__20260825.mp4,NEED创意韩国料理 | NF | L2 | 🌟🌟🌟🎉 | 韩式料理￥103/人 | 4.0 | 点评榜单 | 徐汇区韩式料理热门榜第1名 | Ko.EAn | CuiSiNe | 精致菜品，创意十，价格便宜 | “,L2 | 🌟🌟🌟🎉 | 韩式料理￥103/人 | 4.0,结构完整,
CARD-0052,西岸梦中心,川至悦来家居,川至悦来家居,成品家具,4.6,14991,L3,rated,True,,rated,parsed,rating_anchor,0.9683,0.966,51,3,川至悦来家居,38.67,40.3,evidence/card_0052.jpg,ocr/input_videos\上海__西岸梦中心__20260825.mp4,川至悦来家居 | ★★★★★ | L3 | 4.6成品家具￥14991/人 | 点评榜单 | 徐汇区家具家居热门榜第6名 | 正版质感感人，服务响应快 | ≤ | 惠￥1￥199代金券,★★★★★ | L3 | 4.6成品家具￥14991/人,结构完整,
CARD-0053,西岸梦中心,桂芭蕉GBJBISTRO·广西菜,桂芭蕉GBJBISTRO·广西菜,地方菜系,4.7,145,L3,rated,True,,rated,parsed,rating_anchor,0.9793,0.993,54,6,桂芭蕉GBJBISTRO·广西菜 | 桂芭蕉GBJBISTRO·西菜,38.67,41.72,evidence/card_0053.jpg,ocr/input_videos\上海__西岸梦中心__20260825.mp4,桂芭蕉GBJBISTRO·广西菜 | 🌟🌟🎉🌟🌟 | L3 | 4.7 | 地方菜系￥145/人 | 广西创意菜 | 点评榜单 | 龙华/西岸美食打卡人气榜第6名 | 小3格 | ￥382 | ￥274.167.2折 | 惠 | 【招牌】桂芭蕉….,🌟🌟🎉🌟🌟 | L3 | 4.7 | 地方菜系￥145/人,结构完整,
CARD-0054,西岸梦中心,西岸梦中心·梦工场,西岸梦中心·梦工场,艺术中心/文化广场,4.9,,L3,rated,True,,rated,parsed,rating_anchor,0.9869,0.9868,51,5,西岸梦中心·梦工场,40.3,42.33,evidence/card_0054.jpg,ocr/input_videos\上海__西岸梦中心__20260825.mp4,西岸梦中心·梦工场 | L3 | 4.9艺术中心/文化广场,L3 | 4.9艺术中心/文化广场,结构完整,
CARD-0055,西岸梦中心,瓦屋川菜,瓦屋川菜,川菜馆,4.7,134,L2,rated,True,,rated,parsed,rating_anchor,0.9837,0.9999,55,6,瓦屋川菜,40.71,43.76,evidence/card_0055.jpg,ocr/input_videos\上海__西岸梦中心__20260825.mp4,瓦屋川菜 | WAWOO | 瓦 | L2 | 🌟🌟🌟🌟🌟 | 4.7川菜馆￥134/人 | 屋 | 精致川菜 | 点评榜单 | 徐汇区川菜销量榜第1名 | 16:30营业 | 口味佳，服务员校长热情真诚 | “ | ￥184折 | 惠 | ￥45 | 峨眉高山竹叶青 | ￥959.5折 | 惠 | ￥100100元代金券,L2 | 🌟🌟🌟🌟🌟 | 4.7川菜馆￥134/人,结构完整,
CARD-0056,西岸梦中心,Xibo锡伯·新疆·丝路小馆,Xibo锡伯·新疆·丝路小馆,新疆菜,3.8,97,L2,rated,True,,rated,parsed,rating_anchor,0.9549,0.982,53,6,Xibo锡伯·新疆·丝路小馆,41.32,44.37,evidence/card_0056.jpg,ocr/input_videos\上海__西岸梦中心__20260825.mp4,Xibo锡伯·新疆·丝路小馆 | xibo | G | L2 | ★★★★★ | 新疆菜￥97/人 | 3.8 | 锡伯·新疆 | 点评榜单 | 徐汇区新疆菜热门榜第7名 | 丝路小馆 | 休息中 | ￥686.2折 | ￥111 | 【工作日午市】西岸. | 惠 | ￥959.5折 | ￥100 | 惠 | 【全天可用】100元.,L2 | ★★★★★ | 新疆菜￥97/人 | 3.8,结构完整,
CARD-0057,西岸梦中心,Unawares.,Unawares.,服饰鞋包,3.7,,L1,rated,True,,rated,parsed,rating_anchor,0.9989,0.9982,51,6,Unawares.,42.33,45.59,evidence/card_0057.jpg,ocr/input_videos\上海__西岸梦中心__20260825.mp4,Unawares. | L1 | ⭐★⭐3.7 | 服饰鞋包,L1 | ⭐★⭐3.7 | 服饰鞋包,结构完整,
CARD-0058,西岸梦中心,半山腰·云南菜,半山腰·云南菜,云南菜滇菜,3.9,163,L1,rated,True,,rated,parsed,rating_anchor,0.9687,0.9713,52,5,半山腰·云南菜,43.15,45.59,evidence/card_0058.jpg,ocr/input_videos\上海__西岸梦中心__20260825.mp4,半山腰·云南菜 | 和 | 他的 | 青 | 🌟★🌟🌟★ | 云南菜滇菜￥163/人 | L1 | 3.9 | 点评榜单 | 徐汇区云南菜|滇菜销量榜第1名 | 休息中 | 云南菜系，母鸡炖菌菇，口感清爽 | ≤ | ￥10.9 | 3.9折 | ￥28风味主食|蒸荞麦糕 | 惠 | ￥959.5折 | 惠 | ￥100100元代金券,🌟★🌟🌟★ | 云南菜滇菜￥163/人 | L1 | 3.9,结构完整,
CARD-0059,西岸梦中心,ARC盎然咖啡,ARC盎然咖啡,咖啡,4.2,35,L3,rated,True,,rated,parsed,rating_anchor,0.9799,0.9952,57,6,ARC盎然咖啡,43.76,47.22,evidence/card_0059.jpg,ocr/input_videos\上海__西岸梦中心__20260825.mp4,ARC | ARC盎然咖啡 | 盘然咖啡 | 🌟🌟⭐🌟 | 4.2咖啡￥35/人 | L3 | ★ | ￥528.7折 | ￥60 | 【浓郁醇香】咖啡拿铁. | 惠,🌟🌟⭐🌟 | 4.2咖啡￥35/人 | L3 | ★,结构完整,
CARD-0060,西岸梦中心,UNDEFEATED,UNDEFEATED,服饰鞋包,4.3,848,L1,rated,True,,rated,parsed,rating_anchor,0.9852,0.9983,51,6,UNDEFEATED,44.37,47.22,evidence/card_0060.jpg,ocr/input_videos\上海__西岸梦中心__20260825.mp4,UNDEFEATED | W | ⭐🌟⭐⭐⭐ | L1 | 服饰鞋包￥848/人 | 4.3 | 鞋子有授权集合店，品牌高大尚,⭐🌟⭐⭐⭐ | L1 | 服饰鞋包￥848/人 | 4.3,结构完整,
CARD-0061,西岸梦中心,LUCCAGELATO,LUCCAGELATO,冰淇淋,3.9,36,L1,rated,True,,rated,parsed,rating_anchor,0.977,0.9971,51,3,LUCCAGELATO,46.0,47.22,evidence/card_0061.jpg,ocr/input_videos\上海__西岸梦中心__20260825.mp4,LUCCAGELATO | LUCCAGELATO | 🌟🌟🌟🌟 | L1 | 冰淇淋￥36/人 | 3.9 | 点评榜单 | 龙华/西岸冰淇淋热门榜第2名 | ￥70 | ￥59.9 | 8.6折 | 惠 | 【福利】小杯冰淇淋.,🌟🌟🌟🌟 | L1 | 冰淇淋￥36/人 | 3.9,结构完整,
CARD-0062,西岸梦中心,Golang,Golang,咖啡,3.9,40,L1,rated,True,,rated,parsed,rating_anchor,0.9766,0.9992,67,7,Golang,46.0,49.66,evidence/card_0062.jpg,ocr/input_videos\上海__西岸梦中心__20260825.mp4,Golang | 3.9咖啡￥40/人 | L1 | 手冲咖啡+优质服务=极致享受 | 《 | ￥217折 | ￥30 | 【”咖“位十足】黄油厚 | 惠 | ￥459折 | ￥5050元代金券 | 惠,3.9咖啡￥40/人 | L1,结构完整,
CARD-0063,西岸梦中心,阿迪达斯,阿迪达斯,服饰鞋包,4.5,524,L1,rated,True,,rated,parsed,rating_anchor,0.9891,0.9993,57,6,阿迪达斯,46.61,49.66,evidence/card_0063.jpg,ocr/input_videos\上海__西岸梦中心__20260825.mp4,阿迪达斯 | L1 | 🌟🌟🌟🌟🌟 | 4.5服饰鞋包￥524/人 | 运动风+通勤，款式老土全颠覆 | “ | 55,L1 | 🌟🌟🌟🌟🌟 | 4.5服饰鞋包￥524/人,结构完整,
CARD-0064,西岸梦中心,DQ·蛋糕·冰淇淋,DQ·蛋糕·冰淇淋,冰淇淋,4.4,27,L1,rated,True,,rated,parsed,rating_anchor,0.9685,0.9774,57,8,DQ·蛋糕·冰淇淋,48.03,51.29,evidence/card_0064.jpg,ocr/input_videos\上海__西岸梦中心__20260825.mp4,DQ·蛋糕·冰淇淋 | DQ | L1 | ★★★★ | 4.4冰淇淋￥27/人 | ★ | 点评榜单 | 龙华/西岸冰淇淋好评榜第1名 | 赏心悦目，分量十足的创意冰激凌 | 营业至24：00 | ￥19.9 | ￥18.29.2折 | 惠 | 【爆品】DQ双头怪,L1 | ★★★★ | 4.4冰淇淋￥27/人 | ★,结构完整,
CARD-0065,西岸梦中心,抹岛抹茶MATCHAISLAND,抹岛抹茶MATCHAISLAND,茶饮果汁,3.8,26,L1,rated,True,,rated,parsed,rating_anchor,0.9849,0.9946,57,8,抹岛抹茶MATCHA ISLAND | 抹岛抹茶MATCHAISLAND,48.03,51.29,evidence/card_0065.jpg,ocr/input_videos\上海__西岸梦中心__20260825.mp4,抹岛抹茶MATCHAISLAND | 补次味 | 现熬黑糖 | 🌟🌟🎉🌟🌟 | L1 | 3.8茶饮果汁￥26/人 | 点评榜单 | 龙华/西岸饮品热门榜第1名 | “抹茶拿铁，浓郁不苦涩，甜度适中” | HA ISLAND | 注注 | ￥26 | 8.5折 | ￥22.1 | 惠 | 】雪酪.. | 【珍珠/薄巧】,🌟🌟🎉🌟🌟 | L1 | 3.8茶饮果汁￥26/人,结构完整,
CARD-0066,西岸梦中心,phenix,phenix,运动户外,4.1,,L1,rated,True,,rated,parsed,rating_anchor,0.9983,0.9992,61,7,phenix,48.64,51.29,evidence/card_0066.jpg,ocr/input_videos\上海__西岸梦中心__20260825.mp4,phenix | 🌟🌟🎉🌟🌟 | 4.1运动户外 | L1 | pients | 手工活动超放松，多巴胺色衣服轻薄舒适 | “,🌟🌟🎉🌟🌟 | 4.1运动户外 | L1,结构完整,
CARD-0067,西岸梦中心,阿巡达别,阿巡达别,月,4.5,524,L1,rated,True,,rated,parsed,rating_anchor,0.7004,0.451,34,1,阿巡达别,49.86,49.86,evidence/card_0067.jpg,ocr/input_videos\上海__西岸梦中心__20260825.mp4,阿巡达别 | L1 | 🌟🌟🌟🌟🌟 | 服饰鞋包￥524/人 | 4.5月 | 运动风+通勤，款式老土全颠覆 | F | 5,L1 | 🌟🌟🌟🌟🌟 | 服饰鞋包￥524/人 | 4.5月,建议复核,single_observation | low_title_confidence
CARD-0068,西岸梦中心,楼下酸奶,楼下酸奶,酸奶鲜奶,3.9,27,L1,rated,True,,rated,parsed,rating_anchor,0.9804,0.9993,56,5,楼下酸奶,49.86,51.9,evidence/card_0068.jpg,ocr/input_videos\上海__西岸梦中心__20260825.mp4,楼下酸奶 | 🌟🌟🌟🌟🌟 | L1 | 酸奶鲜奶￥27/人 | 3.9 | 点评榜单 | 徐汇区酸奶鲜奶热门榜第3名 | 柿子减肥必备，性价比高，环境好” | ￥28.8 | ￥27.8 | 惠 | 9.7折 | 【楼下经典】半山.,🌟🌟🌟🌟🌟 | L1 | 酸奶鲜奶￥27/人 | 3.9,结构完整,
CARD-0069,西岸梦中心,M Stand,MStand,咖啡,3.9,30,L1,rated,True,,rated,parsed,rating_anchor,0.9595,0.9813,46,5,M Stand,50.27,53.12,evidence/card_0069.jpg,ocr/input_videos\上海__西岸梦中心__20260825.mp4,M Stand | 芒果凤梨系列上新 | 🌟🌟🌟🌟🌟 | 3.9 | 咖啡￥30/人 | L1 | 点评榜单 | 龙华/西岸咖啡销量榜第4名 | 适合朋友闺蜜约会小聚,🌟🌟🌟🌟🌟 | 3.9 | 咖啡￥30/人 | L1,结构完整,
CARD-0070,西岸梦中心,peilx,peilx,运动户外,4.1,,L1,rated,True,,rated,parsed,rating_anchor,0.7922,0.5849,39,1,peilx,51.9,51.9,evidence/card_0070.jpg,ocr/input_videos\上海__西岸梦中心__20260825.mp4,peilx | 运动户外 | L1 | 🌟🌟🌟🎉 | 4.1 | ★ | pieniks | 手工活动超放松，多巴胺色衣服轻薄舒适,运动户外 | L1 | 🌟🌟🌟🎉 | 4.1 | ★,建议复核,single_observation | low_title_confidence
CARD-0071,西岸梦中心,LEMA,LEMA,成品家具,3.4,,L1,rated,True,,rated,parsed,rating_anchor,0.9547,0.9912,53,2,LEMA,51.9,53.12,evidence/card_0071.jpg,ocr/input_videos\上海__西岸梦中心__20260825.mp4,LEMA | ★3.4成品家具 | L1 | 塑现 | 审美在线，空间安静美好 | “,★3.4成品家具 | L1,结构完整,
CARD-0072,西岸梦中心,野空间·Coffee·Bar,野空间·Coffee·Bar,咖啡,4.3,37,L2,rated,True,,rated,parsed,rating_anchor,0.9569,0.9777,51,5,野空间·Coffee·Bar,51.9,54.34,evidence/card_0072.jpg,ocr/input_videos\上海__西岸梦中心__20260825.mp4,野空间·Coffee·Bar | 筒合下的面啡厅 | 🌟🌟⭐⭐ | L2 | 4.3 | 咖啡￥37/人 | ★ | 20 | 点评榜单 | 龙华/西岸咖啡打卡人气榜第3名 | ￥20 | 4.8折 | 惠 | ￥9.6 | 【新店特惠】美式咖..,🌟🌟⭐⭐ | L2 | 4.3 | 咖啡￥37/人 | ★,结构完整,
CARD-0073,西岸梦中心,星巴克,星巴克,咖啡,3.9,36,L1,rated,True,,rated,parsed,rating_anchor,0.9801,0.9997,58,4,星巴克,53.12,54.34,evidence/card_0073.jpg,ocr/input_videos\上海__西岸梦中心__20260825.mp4,星巴克 | L1 | 🌟🌟🌟🌟⭐ | 3.9咖啡￥36/人 | 俯瞰江景，交通便利，环境整洁 | 真茶真奶真愛你 | ￥59.97.7折 | ￥78 | 惠 | 【爆款推荐】星巴克..,L1 | 🌟🌟🌟🌟⭐ | 3.9咖啡￥36/人,结构完整,
CARD-0074,西岸梦中心,Songtag,Songtag,服饰鞋包,4.3,1160,L1,rated,True,,rated,parsed,rating_anchor,0.9853,0.9984,65,6,Songtag,53.53,56.99,evidence/card_0074.jpg,ocr/input_videos\上海__西岸梦中心__20260825.mp4,Songtag | L1 | 🌟🌟🌟🌟 | 服饰鞋包￥1160/人 | 4.3 | ★ | 点评榜单 | 龙华/西岸服饰鞋包热门榜第10名 | 设计感十，衣服类型多样 | “,L1 | 🌟🌟🌟🌟 | 服饰鞋包￥1160/人 | 4.3 | ★,结构完整,
CARD-0075,西岸梦中心,OJUUA·水果挞,OJUUA·水果挞,甜品,3.9,57,商场内,rated,True,,rated,parsed,rating_anchor,0.9745,0.9924,52,7,OJUUA·水果挞,53.53,58.01,evidence/card_0075.jpg,ocr/input_videos\上海__西岸梦中心__20260825.mp4,OJUUA·水果挞 | 商场内 | 3.9甜品￥57/人 | OJUUA | ￥627.6折 | ¥82下午茶精选甜品套餐 | 惠,商场内 | 3.9甜品￥57/人,结构完整,
CARD-0076,西岸梦中心,soyamika,soyamika,甜品,3.3,38,L1,rated,True,,rated,parsed,rating_anchor,0.9539,0.9996,63,4,soyamika,55.77,58.01,evidence/card_0076.jpg,ocr/input_videos\上海__西岸梦中心__20260825.mp4,soyamika | ⭐3.3甜品￥38/人 | L1 | ￥238.3折 | ￥28 | 【味蕾尝鲜】杏仁豆乳. | 惠,⭐3.3甜品￥38/人 | L1,结构完整,
CARD-0077,西岸梦中心,nice rice,nicerice,服饰鞋包,4.6,524,L1,rated,True,,rated,parsed,rating_anchor,0.9841,0.9966,63,5,nice rice,56.17,59.02,evidence/card_0077.jpg,ocr/input_videos\上海__西岸梦中心__20260825.mp4,nice rice | 🌟🌟🌟🌟🌟 | L1 | 4.6服饰鞋包￥524/人 | 点评榜单 | 龙华/西岸服饰鞋包热门榜第9名 | 热可可杯子超可爱，DIY小红鼻子超有趣,🌟🌟🌟🌟🌟 | L1 | 4.6服饰鞋包￥524/人,结构完整,
CARD-0078,西岸梦中心,Pie Bird,PieBird,甜品,4.0,55,L1,rated,True,,rated,parsed,rating_anchor,0.9781,0.9917,57,6,Pie Bird,56.17,60.24,evidence/card_0078.jpg,ocr/input_videos\上海__西岸梦中心__20260825.mp4,Pie Bird | PIE BIRD | ⭐🌟🌟⭐ | 4.0甜品￥55/人 | L1 | 点评榜单 | 龙华/西岸甜品热门榜第4名 | ￥1186.8折 | ￥176 | 惠 | 【特调双选】特调..,⭐🌟🌟⭐ | 4.0甜品￥55/人 | L1,结构完整,
CARD-0079,西岸梦中心,ConnieHe笑屋,ConnieHe笑屋,面包蛋糕,4.1,62,L1,rated,True,,rated,parsed,rating_anchor,0.9868,0.9996,54,6,ConnieHe笑屋,58.01,61.47,evidence/card_0079.jpg,ocr/input_videos\上海__西岸梦中心__20260825.mp4,ConnieHe笑屋 | 4.1面包蛋糕￥62/人 | 🌟🌟🌟🎉 | L1 | ConnieHé | 点评榜单 | 龙华/西岸面包蛋糕热门榜第1名 | 店员给您弄，食材扎实，性价比高 | 力 | C | ￥286.3折 | ￥45 | 惠 | 【超值】招牌巴斯克切块 | ￥909折 | ￥100100元代金券 | 惠,4.1面包蛋糕￥62/人 | 🌟🌟🌟🎉 | L1,结构完整,
CARD-0080,西岸梦中心,Herman Miller赫曼米勒,HermanMiller赫曼米勒,成品家具,3.9,11978,L3,rated,True,,rated,parsed,rating_anchor,0.969,0.9811,55,6,Herman Miller 赫曼米勒 | Herman Miller赫曼米勒 | HermanMiller赫曼米勒,58.41,62.08,evidence/card_0080.jpg,ocr/input_videos\上海__西岸梦中心__20260825.mp4,Herman Miller赫曼米勒 | 3.9成品家具￥11978/人 | L3 | 点评榜单 | 徐汇区家具家居热门榜第10名 | 店内款式齐全，坐感很好” | 惠￥1￥199代金券,3.9成品家具￥11978/人 | L3,结构完整,
CARD-0081,西岸梦中心,BegL餐厅,BegL餐厅,甜品,4.3,62,L1,rated,True,,rated,parsed,rating_anchor,0.9731,0.9911,65,6,BegL餐厅,58.41,62.08,evidence/card_0081.jpg,ocr/input_videos\上海__西岸梦中心__20260825.mp4,BegL餐厅 | 🌟🌟🌟🌟🌟 | L1 | 4.3甜品￥62/人,🌟🌟🌟🌟🌟 | L1 | 4.3甜品￥62/人,结构完整,
CARD-0082,西岸梦中心,肯德基,肯德基,西式快餐,3.9,32,L1,rated,True,,rated,parsed,rating_anchor,0.9889,0.9996,62,6,肯德基,60.24,63.3,evidence/card_0082.jpg,ocr/input_videos\上海__西岸梦中心__20260825.mp4,肯德基 | KFC | 原味鸡肉霸堡 | 新 | 🌟🌟🌟🌟🌟 | L1 | 3.9西式快餐￥32/人 | 29.9/3件 | 上下得是 | 我量行外品红 | 服务周到环境舒适 | ￥39.5 | 【汉堡可选】主食... | ￥19.9 | 5.1折 | 惠,🌟🌟🌟🌟🌟 | L1 | 3.9西式快餐￥32/人,结构完整,
CARD-0083,西岸梦中心,Lavas,Lavas,化妆品,4.1,,L1,rated,True,,rated,parsed,rating_anchor,0.9818,0.9855,46,3,Lavas,62.08,63.3,evidence/card_0083.jpg,ocr/input_videos\上海__西岸梦中心__20260825.mp4,Lavas | 4.1化妆品663/人 | L1 | P | 滋咖,4.1化妆品663/人 | L1,结构完整,
CARD-0084,西岸梦中心,麦当劳,麦当劳,西式快餐,3.9,30,L1,rated,True,,rated,parsed,rating_anchor,0.9827,0.9988,58,3,麦当劳,62.08,63.3,evidence/card_0084.jpg,ocr/input_videos\上海__西岸梦中心__20260825.mp4,麦当劳 | M | 随心配口+工 | 133 | 欢 | 🌟🌟🌟🌟 | L1 | 西式快餐￥30/人 | 3.9 | 点评榜单 | 龙华/西岸小吃快餐销量榜第6名 | 平酒 | 星區 | 簡國國 | 快国空店 | 口味如故， | 特别喜欢的一款冰激凌 | ≤ | ￥27.5 | ￥15.9 | 5.8折 | 【百万爆品】麦满.. | 惠,🌟🌟🌟🌟 | L1 | 西式快餐￥30/人 | 3.9,结构完整,
CARD-0085,西岸梦中心,巧克玩家XBUNKERBANG,巧克玩家XBUNKERBANG,甜品,3.9,57,L1,rated,True,,rated,parsed,rating_anchor,0.9707,0.9909,51,5,巧克玩家X BUNKERBANG | 巧克玩家XBUNKERBANG,62.69,65.94,evidence/card_0085.jpg,ocr/input_videos\上海__西岸梦中心__20260825.mp4,巧克玩家XBUNKERBANG | 米 | 中ZCR | 3.9甜品￥57/人 | L1 | 🌟🌟🎉🌟🌟 | 巧克玩家 | REDEFINNG CHOCOLATE | 从新定义巧克力 | 天 | ￥70.29折 | ￥78 | 【首选】缤纷巧克力... | 惠,3.9甜品￥57/人 | L1 | 🌟🌟🎉🌟🌟,结构完整,
CARD-0086,西岸梦中心,CGX彩色户外鞋,CGX彩色户外鞋,服饰鞋包,4.8,611,L1,rated,True,,rated,parsed,rating_anchor,0.9651,0.9729,51,6,CGX彩色戶外鞋 | CGX彩色户外鞋,62.69,67.37,evidence/card_0086.jpg,ocr/input_videos\上海__西岸梦中心__20260825.mp4,CGX彩色户外鞋 | 服饰鞋包￥611/人 | L1 | 🌟🌟🌟🌟🌟 | 4.8 | CGX | 点评榜单 | 龙华/西岸服饰鞋包好评榜第8名 | 无缝防泼水面料，鹅绒填充超舍得用料,服饰鞋包￥611/人 | L1 | 🌟🌟🌟🌟🌟 | 4.8,结构完整,
CARD-0087,西岸梦中心,跑马场三明治,跑马场三明治,西式快餐,4.0,49,L1,rated,True,,rated,parsed,rating_anchor,0.9828,0.9992,55,5,跑马场三明治,65.33,69.61,evidence/card_0087.jpg,ocr/input_videos\上海__西岸梦中心__20260825.mp4,跑马场三明治 | PROWCHANG | 野蛮 | 手作局 | L1 | ⭐🌟⭐⭐ | DWNH | 西式快餐￥49/人 | 4.0 | ★ | 点评榜单 | 龙华/西岸小吃快餐销量榜第1名 | 这家店的牛肉饼口感饱满 | 2 | ￥447.9折 | 惠 | ￥56独行枪手单人餐 | ￥479.4折 | 惠 | ￥5050元代金券,L1 | ⭐🌟⭐⭐ | 西式快餐￥49/人 | 4.0 | ★,结构完整,
CARD-0088,西岸梦中心,FINE FAN cafe&canteen,FINEFANcafe&canteen,西餐,4.1,134,L1,rated,True,,rated,parsed,rating_anchor,0.9806,0.9873,49,9,FINE FAN cafe&canteen | FINEFAN cafe&canteen,65.33,69.61,evidence/card_0088.jpg,ocr/input_videos\上海__西岸梦中心__20260825.mp4,FINE FAN cafe&canteen | L1 | 🌟🌟⭐ | 4.1西餐￥134/人 | ★ | 点评榜单 | 龙华/西岸西餐打卡人气榜第4名,L1 | 🌟🌟⭐ | 4.1西餐￥134/人 | ★,结构完整,
CARD-0089,西岸梦中心,ANTASNEAKERVERSE安踏作品集,ANTASNEAKERVERSE安踏作品集,运动户外,4.8,480,L1,rated,True,,rated,parsed,rating_anchor,0.9744,0.9898,51,8,ANTA SNEAKERVERSE安踏作品集 | ANTASNEAKERVERSE安踏作品集,65.74,69.61,evidence/card_0089.jpg,ocr/input_videos\上海__西岸梦中心__20260825.mp4,ANTASNEAKERVERSE安踏作品集 | L1 | ⭐🌟⭐🎉4.8 | 运动户外￥480/人 | 点评榜单 | 龙华/西岸运动户外好评榜第6名 | 款式多样，店员友好热情,L1 | ⭐🌟⭐🎉4.8 | 运动户外￥480/人,结构完整,
CARD-0090,西岸梦中心,BROWNSTONEVIEW布朗石西.,BROWNSTONEVIEW布朗石西.,西班牙菜,4.6,210,L4,rated,True,,rated,parsed,rating_anchor,0.9808,0.9619,55,7,BROWNSTONE VIEW 布朗石西... | BROWNSTONE VIEW布朗石西.. | BROWNSTONEVIEW 布朗石西... | BROWNSTONEVIEW布朗石西.,67.37,71.03,evidence/card_0090.jpg,ocr/input_videos\上海__西岸梦中心__20260825.mp4,BROWNSTONEVIEW布朗石西. | BROWNSIONE | ★★★★★ | L4 | 西班牙菜 | ￥210/人 | 4.6 | 坐拥江景 | 点评榜单 | 徐汇区西班牙菜打卡人气榜第1名 | 尽享西班牙 | 休息中,★★★★★ | L4 | 西班牙菜 | ￥210/人 | 4.6,结构完整,
CARD-0091,西岸梦中心,JUJUBOY·猪料理,JUJUBOY·猪料理,特色菜,3.9,60,L1,rated,True,,rated,parsed,rating_anchor,0.9758,0.9898,48,7,JUJUBOY·猪料理,67.77,71.64,evidence/card_0091.jpg,ocr/input_videos\上海__西岸梦中心__20260825.mp4,JUJUBOY·猪料理 | W | 🌟🌟🌟⭐3.9 | L1 | 特色菜￥60/人 | Bof,🌟🌟🌟⭐3.9 | L1 | 特色菜￥60/人,结构完整,
CARD-0092,西岸梦中心,古良吉吉kunogigi,古良吉吉kunogigi,服饰鞋包,4.8,1255,L1,rated,True,,rated,parsed,rating_anchor,0.9992,0.9993,62,7,古良吉吉kunogigi,67.77,71.64,evidence/card_0092.jpg,ocr/input_videos\上海__西岸梦中心__20260825.mp4,古良吉吉kunogigi | hunogigi | L1 | 🌟🌟🌟🌟🌟 | ￥1255/人 | 服饰鞋包 | 4.8 | nshnndno | 点评榜单 | 龙华/西岸服饰鞋包热门榜第7名 | 沙画包夜光杯吸情十” | “味规级在线,L1 | 🌟🌟🌟🌟🌟 | ￥1255/人 | 服饰鞋包 | 4.8,结构完整,
CARD-0093,西岸梦中心,跑与功二明治,跑与功二明治,西式快餐,4.0,49,L1,rated,True,,rated,parsed,rating_anchor,0.9023,0.8387,37,1,跑与功二明治,69.2,69.2,evidence/card_0093.jpg,ocr/input_videos\上海__西岸梦中心__20260825.mp4,跑与功二明治 | 野蛮。 | 手作局 | SANDMOH | 🌟🌟🌟🌟 | 西式快餐￥49/人 | L1 | 4.0 | 点评榜单 | 龙华/西岸小吃快餐销量榜第1名 | 这家店的牛肉饼口感饱满 | 5 | ￥447.9折 | 惠 | ￥56 | 独行枪手单人餐 | ￥47 | 9.4折 | ￥5050元代金券 | 惠,🌟🌟🌟🌟 | 西式快餐￥49/人 | L1 | 4.0,建议复核,single_observation
CARD-0094,西岸梦中心,闹热很·贵州,闹热很·贵州,特色菜,3.5,65,L1,rated,True,,rated,parsed,rating_anchor,0.9736,0.9887,52,2,闹热很·贵州,71.03,71.64,evidence/card_0094.jpg,ocr/input_videos\上海__西岸梦中心__20260825.mp4,闹热很·贵州 | ★★★★★3.5 | L1 | 特色菜￥65/人 | 列热很 | Nlaorehin,★★★★★3.5 | L1 | 特色菜￥65/人,结构完整,
CARD-0095,西岸梦中心,Monguru·西北,Monguru·西北,特色菜,3.6,69,L1,rated,True,,rated,parsed,rating_anchor,0.9724,0.9909,63,2,Monguru·西北,71.03,71.64,evidence/card_0095.jpg,ocr/input_videos\上海__西岸梦中心__20260825.mp4,Monguru·西北 | 特色菜￥69/人 | 🌟🌟⭐🌟🌟 | L1 | 3.6 | monguru,特色菜￥69/人 | 🌟🌟⭐🌟🌟 | L1 | 3.6,结构完整,
CARD-0096,西岸梦中心,RED CHAMBER 朱栈,REDCHAMBER朱栈,化妆品,,,L1,new_store,False,new_store,ocr_missing,parsed,metadata_anchor,0.9841,0.9687,55,5,RED CHAMBER 朱栈,71.03,73.88,evidence/card_0096.jpg,ocr/input_videos\上海__西岸梦中心__20260825.mp4,RED CHAMBER 朱栈 | 化妆品 | 新店 | L1,化妆品 | 新店 | L1,研究排除,
CARD-0097,西岸梦中心,哥哥の深夜食堂,哥哥の深夜食堂,日本料理,4.7,104,L2,rated,True,,rated,parsed,rating_anchor,0.9808,0.9992,60,4,哥哥の深夜食堂,71.64,73.88,evidence/card_0097.jpg,ocr/input_videos\上海__西岸梦中心__20260825.mp4,哥哥の深夜食堂 | 1 | 🌟🎉⭐🌟 | 4.7 | 日本料理￥104/人 | L2 | 深食 | 夜堂 | 点评榜单 | 龙华/西岸日本料理好评榜第3名,🌟🎉⭐🌟 | 4.7 | 日本料理￥104/人 | L2,结构完整,
CARD-0098,西岸梦中心,酉西·湘西,酉西·湘西,湘菜,3.5,53,L1,rated,True,,rated,parsed,rating_anchor,0.9614,0.9599,56,4,酉西·湘西,73.27,75.1,evidence/card_0098.jpg,ocr/input_videos\上海__西岸梦中心__20260825.mp4,酉西·湘西 | 3.5湘菜￥53/人 | L1 | 🌟🌟🌟🌟🌟 | 西西,3.5湘菜￥53/人 | L1 | 🌟🌟🌟🌟🌟,结构完整,
CARD-0099,西岸梦中心,Lancome兰蔻,Lancome兰蔻,化妆品,3.7,255,L1,rated,True,,rated,parsed,rating_anchor,0.9843,0.9993,59,6,Lancome兰蔻,73.27,76.73,evidence/card_0099.jpg,ocr/input_videos\上海__西岸梦中心__20260825.mp4,Lancome兰蔻 | 🌟🌟🌟🌟🌟 | 3.7化妆品￥255/人 | L1,🌟🌟🌟🌟🌟 | 3.7化妆品￥255/人 | L1,结构完整,
CARD-0100,西岸梦中心,FLOATING KITCHEN,FLOATINGKITCHEN,东南亚菜,3.8,81,商场内,rated,True,,rated,parsed,rating_anchor,0.9957,0.9928,49,6,FLOATING KITCHEN,73.27,76.73,evidence/card_0100.jpg,ocr/input_videos\上海__西岸梦中心__20260825.mp4,FLOATING KITCHEN | 商场内 | 🌟🌟🌟🌟🌟 | 东南亚菜 | ￥81/人 | 3.8,商场内 | 🌟🌟🌟🌟🌟 | 东南亚菜 | ￥81/人 | 3.8,结构完整,
CARD-0101,西岸梦中心,DREAMECAFEPRO追觅咖啡,DREAMECAFEPRO追觅咖啡,咖啡,4.3,58,L2,rated,True,,rated,parsed,rating_anchor,0.9653,0.9897,56,7,DREAMECAFE PRO 追觅咖啡 | DREAMECAFE PRO追觅咖啡 | DREAMECAFEPRO追觅咖啡,73.27,77.14,evidence/card_0101.jpg,ocr/input_videos\上海__西岸梦中心__20260825.mp4,DREAMECAFEPRO追觅咖啡 | a/ | ⭐🌟⭐⭐ | L2 | 咖啡￥58/人 | 4.3 | 点评榜单 | 龙华/西岸咖啡热门榜第5名 | DREAME CAFE | “环境优雅，服务周到，冰激凌必尝,⭐🌟⭐⭐ | L2 | 咖啡￥58/人 | 4.3,结构完整,
CARD-0102,西岸梦中心,BOOCUP现代书店,BOOCUP现代书店,书店音像,4.8,60,L1,rated,True,,rated,parsed,rating_anchor,0.9794,0.9986,59,6,BOOCUP现代书店,75.1,78.15,evidence/card_0102.jpg,ocr/input_videos\上海__西岸梦中心__20260825.mp4,BOOCUP现代书店 | ⭐🌟⭐🌟🌟4.8 | L1 | 书店音像￥60/人 | 点评榜单 | 徐汇区书屋漫游榜第9名 | 老唱片墙和外文原版书，调酒设备和可..,⭐🌟⭐🌟🌟4.8 | L1 | 书店音像￥60/人,结构完整,
CARD-0103,西岸梦中心,CHAIKU·泰奶,CHAIKU·泰奶,茶饮果汁,3.9,27,L1,rated,True,,rated,parsed,rating_anchor,0.9777,0.9892,51,7,CHAIKU·泰奶,75.1,79.38,evidence/card_0103.jpg,ocr/input_videos\上海__西岸梦中心__20260825.mp4,CHAIKU·泰奶 | 🌟🌟🌟🌟🌟 | 茶饮果汁￥27/人 | L1 | 3.9 | 点评榜单 | 龙华/西岸茶饮果汁热门榜第10名,🌟🌟🌟🌟🌟 | 茶饮果汁￥27/人 | L1 | 3.9,结构完整,
CARD-0104,西岸梦中心,隐入茶山·溯,隐入茶山·溯,茶饮果汁,3.9,26,L2,rated,True,,rated,parsed,rating_anchor,0.9637,0.9712,56,5,隐入茶山·溯,76.73,79.38,evidence/card_0104.jpg,ocr/input_videos\上海__西岸梦中心__20260825.mp4,隐入茶山·溯 | 隐入茶山 | 20 | 🌟🌟🌟🌟 | L2 | 茶饮果汁￥26/人 | 3.9 | 点评榜单 | 龙华/西岸茶饮果汁热门榜第9名,🌟🌟🌟🌟 | L2 | 茶饮果汁￥26/人 | 3.9,结构完整,
CARD-0105,西岸梦中心,BlackHead,BlackHead,综合珠宝首饰,3.6,,L2,rated,True,,rated,parsed,rating_anchor,0.9971,0.9961,51,4,BlackHead,77.14,79.38,evidence/card_0105.jpg,ocr/input_videos\上海__西岸梦中心__20260825.mp4,BlackHead | 🌟🌟🎉🌟🌟 | L2 | 3.6综合珠宝首饰 | BLACKHEAD,🌟🌟🎉🌟🌟 | L2 | 3.6综合珠宝首饰,结构完整,
CARD-0106,西岸梦中心,BlueBottleCoffee蓝瓶咖啡,BlueBottleCoffee蓝瓶咖啡,咖啡,4.2,46,L1,rated,True,,rated,parsed,rating_anchor,0.9811,0.9969,53,6,BlueBottleCoffee蓝瓶咖啡,77.14,80.39,evidence/card_0106.jpg,ocr/input_videos\上海__西岸梦中心__20260825.mp4,BlueBottleCoffee蓝瓶咖啡 | ★🌟⭐★ | 4.2咖啡￥46/人 | L1 | 点评榜单 | 龙华/西岸咖啡热门榜第2名 | BLUE BOTTLE | COFFEE | 空间大，酸味豆子好，出餐快,★🌟⭐★ | 4.2咖啡￥46/人 | L1,结构完整,
CARD-0107,西岸梦中心,CUCURUCU,CUCURUCU,茶饮果汁,3.9,27,L1,rated,True,,rated,parsed,rating_anchor,0.9802,0.9968,48,5,CUCURUCU,77.34,80.39,evidence/card_0107.jpg,ocr/input_videos\上海__西岸梦中心__20260825.mp4,CUCURUCU | 🌟🌟🎉🌟⭐ | L1 | 茶饮果汁￥27/人 | 3.9 | CUCURUCU,🌟🌟🎉🌟⭐ | L1 | 茶饮果汁￥27/人 | 3.9,结构完整,
CARD-0108,西岸梦中心,EarthGlow,EarthGlow,化妆品,3.7,352,L1,rated,True,,rated,parsed,rating_anchor,0.9813,0.9938,55,3,EarthGlow,79.38,80.39,evidence/card_0108.jpg,ocr/input_videos\上海__西岸梦中心__20260825.mp4,EarthGlow | L1 | 🌟🌟⭐🌟🌟3.7 | 化妆品￥352/人 | “香味超赞，装修很治愈”,L1 | 🌟🌟⭐🌟🌟3.7 | 化妆品￥352/人,结构完整,
CARD-0109,西岸梦中心,阿嬤手作,阿嬷手作,茶饮果汁,3.9,28,L1,rated,True,,rated,parsed,rating_anchor,0.9288,0.9033,57,4,阿嬤手作 | 阿嬷手作,79.99,83.04,evidence/card_0109.jpg,ocr/input_videos\上海__西岸梦中心__20260825.mp4,阿嬤手作 | 🌟🌟🌟🌟🌟 | 茶饮果汁￥28/人 | L1 | 3.9 | 阿嬤手作 | 点评榜单 | AJIMA ILANDNADC | 龙华/西岸饮品热门榜第3名,🌟🌟🌟🌟🌟 | 茶饮果汁￥28/人 | L1 | 3.9,结构完整,
CARD-0110,西岸梦中心,Shiopon盐包包,Shiopon盐包包,甜品,4.3,35,L1,rated,True,,rated,parsed,rating_anchor,0.9998,0.9997,59,4,Shiopon盐包包,79.99,83.04,evidence/card_0110.jpg,ocr/input_videos\上海__西岸梦中心__20260825.mp4,Shiopon盐包包 | 甜品 | ★🌟★⭐ | L1 | 4.3 | ￥35/人 | ★ | shiopor | 点评榜单 | 徐汇区甜品好评榜第1名,甜品 | ★🌟★⭐ | L1 | 4.3 | ￥35/人 | ★,结构完整,
CARD-0111,西岸梦中心,ZUCZUG素然,ZUCZUG素然,服饰鞋包,3.6,1404,L1,rated,True,,rated,parsed,rating_anchor,0.9833,0.9992,52,4,ZUCZUG素然,79.99,83.04,evidence/card_0111.jpg,ocr/input_videos\上海__西岸梦中心__20260825.mp4,ZUCZUG素然 | 🌟🌟🌟🌟🌟 | L1 | 服饰鞋包￥1404/人 | 3.6 | 时尚品牌服饰，新款推荐不断”,🌟🌟🌟🌟🌟 | L1 | 服饰鞋包￥1404/人 | 3.6,结构完整,
CARD-0112,西岸梦中心,DRUNK BAKER,DRUNKBAKER,面包蛋糕,4.3,42,L1,rated,True,,rated,parsed,rating_anchor,0.9855,0.9747,45,2,DRUNK BAKER,82.43,83.04,evidence/card_0112.jpg,ocr/input_videos\上海__西岸梦中心__20260825.mp4,DRUNK BAKER | ￥42/人 | 面包蛋糕 | L1 | 🌟🌟⭐🌟 | 4.3 | GAUTA RAMER | 点评榜单 | 龙华/西岸面包蛋糕好评榜第4名,￥42/人 | 面包蛋糕 | L1 | 🌟🌟⭐🌟 | 4.3,结构完整,
CARD-0113,西岸梦中心,BLOOMARKET,BLOOMARKET,美食城,4.0,82,L1,rated,True,,rated,parsed,rating_anchor,0.9986,0.9979,45,5,BLOOMARKET,82.43,84.87,evidence/card_0113.jpg,ocr/input_videos\上海__西岸梦中心__20260825.mp4,"BLOOMARKET | B | T | L1,L2 | ￥82/人 | 美食城 | 🌟🌟⭐⭐ | 4.0 | ＥK | 0 | 0 | 点评榜单 | 上海美食城热门榜第1名 | M | R | A","L1,L2 | ￥82/人 | 美食城 | 🌟🌟⭐⭐ | 4.0",结构完整,
CARD-0114,西岸梦中心,瓦肆VAS est,瓦肆VASest,艺术中心/文化广场,4.9,,L3,rated,True,,rated,parsed,rating_anchor,0.9886,0.9895,55,3,瓦肆VAS est,83.85,84.87,evidence/card_0114.jpg,ocr/input_videos\上海__西岸梦中心__20260825.mp4,瓦肆VAS est | ⭐🌟🎉⭐🌟 | 4.9 | L3 | 艺术中心/文化广场 | VAS | esl,⭐🌟🎉⭐🌟 | 4.9 | L3 | 艺术中心/文化广场,结构完整,
CARD-0115,西岸梦中心,Mill Hill,MillHill,面包蛋糕,4.0,65,L1,rated,True,,rated,parsed,rating_anchor,0.948,0.8982,54,3,Mill Hill,83.85,84.87,evidence/card_0115.jpg,ocr/input_videos\上海__西岸梦中心__20260825.mp4,Mill Hil | Mill Hill | rei l Ue 1 e | L1 | 🌟🌟🌟🌟 | ￥65/人 | 4.0 | 面包蛋糕 | 美批报纸 | 点评榜单 | 龙华/西岸面包蛋糕热门榜第3名,L1 | 🌟🌟🌟🌟 | ￥65/人 | 4.0 | 面包蛋糕,结构完整,
CARD-0116,西岸梦中心,BunkerBang棒可棒,BunkerBang棒可棒,零食,3.2,,L1,rated,True,,rated,parsed,rating_anchor,0.9976,0.9983,57,3,Bunker Bang棒可棒 | BunkerBang棒可棒,83.85,84.87,evidence/card_0116.jpg,ocr/input_videos\上海__西岸梦中心__20260825.mp4,BunkerBang棒可棒 | ANG | ⭐🌟⭐ | 3.2零食 | L1 | ★★,⭐🌟⭐ | 3.2零食 | L1 | ★★,结构完整,
CARD-0117,西岸梦中心,NB Running,NBRunning,服饰..,4.2,1282,商场内,rated,True,,rated,parsed,rating_anchor,0.9532,0.9708,63,3,NB Running,83.85,84.87,evidence/card_0117.jpg,ocr/input_videos\上海__西岸梦中心__20260825.mp4,NB Running | 3 | 4.2服饰.. | 🌟🌟🎉⭐ | ￥1282/人商场内 | ★ | “服务人员态度好，货品齐全有折扣” | new balance,4.2服饰.. | 🌟🌟🎉⭐ | ￥1282/人商场内 | ★,结构完整,
CARD-0118,西岸梦中心,81BAKERY,81BAKERY,甜品,4.4,46,L1,rated,True,,rated,parsed,rating_anchor,0.9993,0.9986,48,5,81BAKERY,83.85,86.91,evidence/card_0118.jpg,ocr/input_videos\上海__西岸梦中心__20260825.mp4,81BAKER | 81BAKERY | 🌟🌟⭐⭐ | L1 | 4.4 | ￥46/人 | 甜品 | 点评榜单 | 龙华/西岸甜品口味榜第4名,🌟🌟⭐⭐ | L1 | 4.4 | ￥46/人 | 甜品,结构完整,
CARD-0119,西岸梦中心,喜鼎海胆水饺,喜鼎海胆水饺,海鲜,4.9,226,L3,rated,True,,rated,parsed,rating_anchor,0.9779,0.999,52,3,喜鼎海胆水饺,86.3,87.92,evidence/card_0119.jpg,ocr/input_videos\上海__西岸梦中心__20260825.mp4,喜鼎海胆水饺 | 喜鼎 | L3 | 🌟🌟🌟🌟🌟 | 海鲜￥226/人 | 4.9 | 点评榜单 | 上海鱼鲜海鲜好评榜第1名 | 1Dtm | 海胆水饺 | 休息中 | 上排队 | 支持,L3 | 🌟🌟🌟🌟🌟 | 海鲜￥226/人 | 4.9,结构完整,
CARD-0120,西岸梦中心,Bape Gallery,BapeGallery,购物,4.0,1234,L1,rated,True,,rated,parsed,rating_anchor,0.9928,0.9856,62,3,Bape Gallery,86.3,87.92,evidence/card_0120.jpg,ocr/input_videos\上海__西岸梦中心__20260825.mp4,Bape Gallery | L1 | 🌟🌟🎉🎉 | 4.0 | 购物 | ￥1234/人 | ★ | 艺术氛围拉满，展品极具收藏价值” | 6,L1 | 🌟🌟🎉🎉 | 4.0 | 购物 | ￥1234/人 | ★,结构完整,
CARD-0121,西岸梦中心,延岁酒家·串酒烩面大排档,延岁酒家·串酒烩面大排档,小吃快餐,3.8,59,L1,rated,True,,rated,parsed,rating_anchor,0.9805,0.9883,51,3,延岁酒家·串酒烩面大排档,86.3,87.92,evidence/card_0121.jpg,ocr/input_videos\上海__西岸梦中心__20260825.mp4,延岁酒家·串酒烩面大排档 | 🌟🌟⭐🌟🌟 | 3.8小吃快餐￥59/人 | L1 | 國 | 酒 | 福,🌟🌟⭐🌟🌟 | 3.8小吃快餐￥59/人 | L1,结构完整,
CARD-0122,西岸梦中心,L Cafe,LCafe,咖啡,,,L1,unrated,False,explicitly_unrated,unrated,parsed,unrated_anchor,0.9906,0.9813,54,3,L Cafe,86.3,87.92,evidence/card_0122.jpg,ocr/input_videos\上海__西岸梦中心__20260825.mp4,L Cafe | 咖啡 | ⭐🌟🌟⭐🌟 | L1 | 暂无星级 | 美食 | 即将开业,咖啡 | ⭐🌟🌟⭐🌟 | L1 | 暂无星级,研究排除,
CARD-0123,西岸梦中心,Garmin佳明,Garmin佳明,数码产品,4.8,2315,L1,rated,True,,rated,parsed,rating_anchor,0.9997,0.9996,49,5,Garmin佳明,86.3,88.74,evidence/card_0123.jpg,ocr/input_videos\上海__西岸梦中心__20260825.mp4,Garmin佳明 | ⭐🌟🌟⭐🌟 | ￥2315/人 | L1 | 数码产品 | 4.8 | GARMIN | 心 | 跑前热身专业，周边风景出片,⭐🌟🌟⭐🌟 | ￥2315/人 | L1 | 数码产品 | 4.8,结构完整,
CARD-0124,西岸梦中心,每轻plantcode·蔬果汁·轻食沙拉,每轻plantcode·蔬果汁·轻食沙拉,茶饮果汁,,,L1,unrated,False,explicitly_unrated,unrated,parsed,unrated_anchor,0.9933,0.9891,60,3,每轻plantcode·蔬果汁·轻食沙拉,87.92,88.74,evidence/card_0124.jpg,ocr/input_videos\上海__西岸梦中心__20260825.mp4,每轻plantcode·蔬果汁·轻食沙拉 | (208ka) | L1 | 🌟🌟🌟🌟🌟 | 暂无星级 | 茶饮果汁 | 即将开业,L1 | 🌟🌟🌟🌟🌟 | 暂无星级 | 茶饮果汁,研究排除,
CARD-0125,西岸梦中心,ONE MOMENT,ONEMOMENT,服饰鞋包,4.8,293,L2,rated,True,,rated,parsed,rating_anchor,0.994,0.9886,44,3,ONE MOMENT,88.53,90.16,evidence/card_0125.jpg,ocr/input_videos\上海__西岸梦中心__20260825.mp4,ONE MOMENT | aaa | L2 | ★★★★★ | 服饰鞋包 | ￥293/人 | 4.8 | 点评榜单 | Moment | 龙华/西岸服饰鞋包热门榜第1名 | one | 设计细节满满，灯光陈列出片率高 | 力,L2 | ★★★★★ | 服饰鞋包 | ￥293/人 | 4.8,结构完整,
CARD-0126,西岸梦中心,HELLY HANSEN,HELLYHANSEN,服饰鞋包,4.0,,L1,rated,True,,rated,parsed,rating_anchor,0.9954,0.9913,41,4,HELLY HANSEN,88.53,90.77,evidence/card_0126.jpg,ocr/input_videos\上海__西岸梦中心__20260825.mp4,HELLY HANSEN | ⭐🌟🌟⭐ | L1 | 服饰鞋包 | 4.0 | HH | 0 | 扭蛋抽徽章，户外运动服饰老品牌,⭐🌟🌟⭐ | L1 | 服饰鞋包 | 4.0,结构完整,
CARD-0127,西岸梦中心,lululemon,lululemon,运动户外,4.8,1223,L1,rated,True,,rated,parsed,rating_anchor,0.9844,0.9956,51,4,lululemon,88.53,90.77,evidence/card_0127.jpg,ocr/input_videos\上海__西岸梦中心__20260825.mp4,Ω | lululemon | 🌟🌟🌟🌟🌟 | L1 | 4.8 | 运动户外￥1223/人 | 龙华/西岸运动户外好评榜第1名 | 点评榜单 | 大屏震撼感，细节清晰可见,🌟🌟🌟🌟🌟 | L1 | 4.8 | 运动户外￥1223/人,结构完整,
CARD-0128,西岸梦中心,PUMA,PUMA,运动户外,3.7,1057,L1,rated,True,,rated,parsed,rating_anchor,0.9978,0.9972,46,4,PUMA,88.53,90.77,evidence/card_0128.jpg,ocr/input_videos\上海__西岸梦中心__20260825.mp4,PUMA | 🌟🌟🌟⭐ | L1 | ￥1057/人 | 运动户外 | 3.7,🌟🌟🌟⭐ | L1 | ￥1057/人 | 运动户外 | 3.7,结构完整,
CARD-0129,西岸梦中心,CDOU,CDOU,服饰鞋包,4.7,699,L1,rated,True,,rated,parsed,rating_anchor,0.9801,0.9955,51,5,CDOU,90.16,93.22,evidence/card_0129.jpg,ocr/input_videos\上海__西岸梦中心__20260825.mp4,CDOU | CDojled | L1 | 🌟🌟⭐🌟🌟 | 服饰鞋包￥699/人 | 4.7 | 点评榜单 | 龙华/西岸服饰鞋包热门榜第5名 | 店铺色调简单，海淘物件精心挑选,L1 | 🌟🌟⭐🌟🌟 | 服饰鞋包￥699/人 | 4.7,结构完整,
CARD-0130,西岸梦中心,McHugs,McHugs,购物,4.1,,L2,rated,True,,rated,parsed,rating_anchor,0.9984,0.9983,65,5,McHugs,90.16,93.22,evidence/card_0130.jpg,ocr/input_videos\上海__西岸梦中心__20260825.mp4,McHugs | 4.1购物 | 🌟🌟🌟⭐ | L2 | ★,4.1购物 | 🌟🌟🌟⭐ | L2 | ★,结构完整,
CARD-0131,西岸梦中心,adidas,adidas,运动户外,4.2,1277,L1,rated,True,,rated,parsed,rating_anchor,0.9849,0.999,60,4,adidas,90.77,93.22,evidence/card_0131.jpg,ocr/input_videos\上海__西岸梦中心__20260825.mp4,adidas | 🌟🌟🌟🌟 | 4.2运动户外￥1277/人 | L1 | ★ | 未来感满满，面料舒适 | 小 | T酒搏 | ￥674.249.8折 | ￥800上海多品牌688.. | 惠,🌟🌟🌟🌟 | 4.2运动户外￥1277/人 | L1 | ★,结构完整,
CARD-0132,西岸梦中心,Y+PRETTYNAIL·美甲美睫,Y+PRETTYNAIL·美甲美睫,美甲,4.7,318,L2,rated,True,,rated,parsed,rating_anchor,0.97,0.9857,54,4,Y+PRETTYNAIL·美甲美睫,92.4,94.44,evidence/card_0132.jpg,ocr/input_videos\上海__西岸梦中心__20260825.mp4,Y+PRETTYNAIL·美甲美睫 | 4.7美甲￥318/人 | L2 | ⭐🌟⭐🌟🌟 | Nai | 点评榜单 | 龙华/西岸美甲美睫热门榜第1名 | 手法轻盈舒适，私密性很好 | ￥168￥258美甲气质150+纯色·猫眼.. | 惠,4.7美甲￥318/人 | L2 | ⭐🌟⭐🌟🌟,结构完整,
CARD-0133,西岸梦中心,威尔胜Wilson,威尔胜Wilson,运动户外,4.8,1323,L1,rated,True,,rated,parsed,rating_anchor,0.9829,0.9982,54,6,威尔胜Wilson,92.4,95.25,evidence/card_0133.jpg,ocr/input_videos\上海__西岸梦中心__20260825.mp4,威尔胜Wilson | 🌟🎉⭐4.8 | L1 | 运动户外￥1323/人 | wilson. | 点评榜单 | 龙华/西岸运动户外好评榜第2名 | 穿拍线省时省心，手法一流 | −,🌟🎉⭐4.8 | L1 | 运动户外￥1323/人,结构完整,
CARD-0134,西岸梦中心,On昂跑,On昂跑,运动户外,4.4,1721,L1,rated,True,,rated,parsed,rating_anchor,0.9823,0.9971,61,3,On昂跑,94.44,95.25,evidence/card_0134.jpg,ocr/input_videos\上海__西岸梦中心__20260825.mp4,On昂跑 | oC | 🌟🌟🌟🌟 | L1 | 4.4运动户外￥1721/人 | ★ | 经典款偏踩屎感，新款高弹适合冲刺跑,🌟🌟🌟🌟 | L1 | 4.4运动户外￥1721/人 | ★,结构完整,
CARD-0135,西岸梦中心,岩时攀岩,岩时攀岩,攀岩馆,4.0,160,L2,rated,True,,rated,parsed,rating_anchor,0.9797,0.9958,62,3,岩时攀岩,94.44,95.25,evidence/card_0135.jpg,ocr/input_videos\上海__西岸梦中心__20260825.mp4,岩时攀岩 | L2 | ⭐🌟⭐🌟 | 攀岩馆￥160/人 | 4.0 | 徐汇区攀岩馆销量榜第1名 | 线路多空气清新，教练热情专业 | ￥10￥15 | 惠 | 「装备租赁」攀岩安全带租赁,L2 | ⭐🌟⭐🌟 | 攀岩馆￥160/人 | 4.0,结构完整,
CARD-0136,西岸梦中心,SKECHERS斯凯奇,SKECHERS斯凯奇,运动户外,4.3,882,L1,rated,True,,rated,parsed,rating_anchor,0.9845,0.9949,53,5,SKECHERS斯凯奇,94.44,97.69,evidence/card_0136.jpg,ocr/input_videos\上海__西岸梦中心__20260825.mp4,SKECHERS斯凯奇 | S | 🌟🌟🌟🌟⭐ | L1 | 4.3运动户外￥882/人 | 复古感拿捏，6cm隐形厚底超舒适,🌟🌟🌟🌟⭐ | L1 | 4.3运动户外￥882/人,结构完整,
CARD-0137,西岸梦中心,SPECIALIZED闪电自行车,SPECIALIZED闪电自行车,自行车/电动车,4.8,188,L1,rated,True,,rated,parsed,rating_anchor,0.986,0.9979,54,5,SPECIALIZED闪电自行车,94.44,97.69,evidence/card_0137.jpg,ocr/input_videos\上海__西岸梦中心__20260825.mp4,SPECIALIZED闪电自行车 | 0 | ⭐🌟⭐🎉4.8 | 自行车/电动车￥188/人L1 | 点评榜单 | 徐汇区自行车/电动车热门榜第2名 | 满墙自行车车架，装备齐全品质高 | ￥9.9￥29自行车快速维修服务 | 惠,⭐🌟⭐🎉4.8 | 自行车/电动车￥188/人L1,结构完整,
CARD-0138,西岸梦中心,闻献DOCUMENTS,闻献DOCUMENTS,化妆品,4.1,970,L1,rated,True,,rated,parsed,rating_anchor,0.9764,0.9976,54,4,闻献DOCUMENTS,95.25,99.12,evidence/card_0138.jpg,ocr/input_videos\上海__西岸梦中心__20260825.mp4,闻献DOCUMENTS | 闻 | 4.1化妆品￥970/人 | L1,4.1化妆品￥970/人 | L1,结构完整,
CARD-0139,西岸梦中心,Bananain 蕉內,Bananain蕉内,运动户外,4.8,327,L1,rated,True,,rated,parsed,rating_anchor,0.9544,0.9612,58,3,Bananain 蕉內 | Bananain 蕉内 | Bananain蕉内,97.08,99.12,evidence/card_0139.jpg,ocr/input_videos\上海__西岸梦中心__20260825.mp4,Bananain 蕉內 | 🌟🌟⭐🌟🌟 | L1 | 运动户外￥327/人 | 4.8 | in蕉内 | Banana | 点评榜单 | 龙华/西岸运动户外好评榜第5名 | 开在西岸梦中心，毛茸茸配色超可爱 | 5 | ￥2849.8折 | ￥300全场折上折通用券-.. | 惠,🌟🌟⭐🌟🌟 | L1 | 运动户外￥327/人 | 4.8,结构完整,
CARD-0140,西岸梦中心,Tagi,Tagi,服饰鞋包,4.9,198,L1,rated,True,,rated,parsed,rating_anchor,0.9829,0.994,73,6,Tagi,97.08,100.95,evidence/card_0140.jpg,ocr/input_videos\上海__西岸梦中心__20260825.mp4,Tagi | Tagi. | 🌟⭐🌟4.9 | L1 | 服饰鞋包￥198/人 | 点评榜单 | 龙华/西岸服饰鞋包好评榜第1名 | 宠物友好，店员亲切热情 | （ | 電力宠物公园,🌟⭐🌟4.9 | L1 | 服饰鞋包￥198/人,结构完整,
CARD-0141,西岸梦中心,電力宠物公园,电力宠物公园,宠物店,4.5,79,L4,rated,True,,rated,parsed,rating_anchor,0.98,0.9994,59,4,電力宠物公园,99.12,100.95,evidence/card_0141.jpg,ocr/input_videos\上海__西岸梦中心__20260825.mp4,電力宠物公园 | 4.5宠物店￥79/人 | L4 | 電力宠物 | 公图 | 点评榜单 | 龙华/西岸宠物店热门榜第3名 | ￥19￥20 | 【狗专享】小狗门票(肩高 | 惠,4.5宠物店￥79/人 | L4,结构完整,
CARD-0142,西岸梦中心,除七Oneseventh宠物膳食研究所,除七Oneseventh宠物膳食研究所,宠物店,4.5,161,L1,rated,True,,rated,parsed,rating_anchor,0.9833,0.9977,58,5,除七Oneseventh宠物膳食研究所,99.12,101.56,evidence/card_0142.jpg,ocr/input_videos\上海__西岸梦中心__20260825.mp4,除七Oneseventh宠物膳食研究所 | 4.5宠物店￥161/人 | L1 | 点评榜单 | 龙华/西岸宠物店热门榜第5名 | 宠物友好，环境干净网红拍照地 | “ | ￥88￥128你的猫和杰瑞 | 惠,4.5宠物店￥161/人 | L1,结构完整,
CARD-0143,西岸梦中心,FILA Biella,FILABiella,运动户外,4.2,1196,L1,rated,True,,rated,parsed,rating_anchor,0.9754,0.9924,48,4,FILA Biella,99.73,101.56,evidence/card_0143.jpg,ocr/input_videos\上海__西岸梦中心__20260825.mp4,FILA Biella | 🌟🌟🌟 | L1 | 4.2 | 运动户外￥1196/人 | FILA | 时尚休闲角，网红打卡地,🌟🌟🌟 | L1 | 4.2 | 运动户外￥1196/人,结构完整,
CARD-0144,西岸梦中心,電力宠物百货奢华宠物洗护宠物...,电力宠物百货奢华宠物洗护宠物,宠物店,4.5,124,L1,rated,True,,rated,parsed,rating_anchor,0.9539,0.95,60,3,電力宠物百货 奢华宠物洗护 宠物... | 電力宠物百货奢华宠物洗护宠物...,100.95,102.98,evidence/card_0144.jpg,ocr/input_videos\上海__西岸梦中心__20260825.mp4,電力宠物百货奢华宠物洗护宠物... | L1 | 4.5宠物店￥124/人 | 点评榜单 | 龙华/西岸宠物店热门榜第6名 | 電力宠物百货 | う | 服务细致周到，洗澡内容丰富 | “ | ￥2839.9折 | ￥346短毛猫猫洗护（赠.. | 惠,L1 | 4.5宠物店￥124/人,建议复核,name_truncated
CARD-0145,西岸梦中心,CARECASE,CARECASE,更多购物场所,4.8,127,L2,rated,True,,rated,parsed,rating_anchor,0.9812,0.9981,48,5,CARECASE,101.56,104.41,evidence/card_0145.jpg,ocr/input_videos\上海__西岸梦中心__20260825.mp4,CARECASE | 05 | 🌟🌟🎉🌟4.8 | 更多购物场所￥127/人L2 | 款式多到惊喜，服务温柔耐心” | “,🌟🌟🎉🌟4.8 | 更多购物场所￥127/人L2,结构完整,
CARD-0146,西岸梦中心,公路商店,公路商店,精酿酒吧,4.4,53,L1,rated,True,,rated,parsed,rating_anchor,0.9877,0.9999,60,6,公路商店,101.56,105.43,evidence/card_0146.jpg,ocr/input_videos\上海__西岸梦中心__20260825.mp4,公路商店 | 🌟🌟⭐⭐ | 4.4精酿酒吧￥53/人 | L1 | 公路商店 | 点评榜单 | 上海“穷鬼”酒吧榜第2名 | Get wEt | sgEt wid | Get wAsTed | 3 | 包场无人，江景前滩尽收眼底 | ￥29.9￥39#青提上头#EXTRAGREEN | 惠,🌟🌟⭐⭐ | 4.4精酿酒吧￥53/人 | L1,结构完整,
CARD-0147,西岸梦中心,SEAT有座·酒吧,SEAT有座·酒吧,特调酒吧,4.1,124,商场内,rated,True,,rated,parsed,rating_anchor,0.9817,0.9901,52,5,SEAT有座·酒吧,102.98,105.43,evidence/card_0147.jpg,ocr/input_videos\上海__西岸梦中心__20260825.mp4,SEAT有座·酒吧 | 商场内 | LGAT | 🌟🌟🌟 | 4.1特调酒吧￥124/人 | ★ | 龙华/西岸清吧销量榜第7名 | 休息中 | 潮流夜生活，放松解压好去处 | ￥178￥204日本札幌原装生啤醇享 | 惠,商场内 | 🌟🌟🌟 | 4.1特调酒吧￥124/人 | ★,结构完整,
CARD-0148,西岸梦中心,TENERA,TENERA,数码产品,3.5,448,商场内,rated,True,,rated,parsed,rating_anchor,0.9856,0.9945,51,8,TENERA,102.98,106.85,evidence/card_0148.jpg,ocr/input_videos\上海__西岸梦中心__20260825.mp4,TENERA | 🌟🌟🌟🌟🌟 | 商场内 | 3.5数码产品￥448/人 | 多巴胺色系包包，拍照超出！ | 55 | C,🌟🌟🌟🌟🌟 | 商场内 | 3.5数码产品￥448/人,结构完整,
CARD-0149,西岸梦中心,FISEHOOD极限运动公园,FISEHOOD极限运动公园,滑板轮滑,3.9,,商场内,rated,True,,rated,parsed,rating_anchor,0.9992,0.9988,55,9,FISEHOOD极限运动公园,103.39,109.09,evidence/card_0149.jpg,ocr/input_videos\上海__西岸梦中心__20260825.mp4,FISEHOOD极限运动公园 | 商场内 | 🌟🌟🌟🌟🌟 | 滑板轮滑 | 3.9 | 点评榜单 | 上海滑板轮滑热门榜第2名 | 教练一对一指导，课程体验超有成就感” | ￥1929.7折 | ￥600户外运动/小轮车(0... | 惠,商场内 | 🌟🌟🌟🌟🌟 | 滑板轮滑 | 3.9,结构完整,
CARD-0150,西岸梦中心,MOREPRK,MOREPRK,滑板轮滑,4.2,71,L1,rated,True,,rated,parsed,rating_anchor,0.9987,0.9984,42,9,MOREPRK | MOREPRK滑板公园,105.43,109.29,evidence/card_0150.jpg,ocr/input_videos\上海__西岸梦中心__20260825.mp4,专业滑板 | 滑板公园 | MOREPRK | 训练 | G话22 | 🌟🌟🌟🌟 | L1 | 4.2 | 滑板轮滑 | ￥71/人 | AIDREPRK | 点评榜单 | 上海滑板轮滑热门榜第6名 | Iiis | 遛狗好去处，江风徐徐心情飞起 | 5 | 夏营·园谋·私树 | ￥138 | ￥124 | 【周末/节假日】滑... | 9.7折 | 惠,🌟🌟🌟🌟 | L1 | 4.2 | 滑板轮滑 | ￥71/人,结构完整,
CARD-0151,西岸梦中心,7-ELEVEn,7-ELEVEn,超市便利,3.8,15,L1,rated,True,,rated,parsed,rating_anchor,0.9854,0.9965,50,8,7-ELEVEn,106.24,109.29,evidence/card_0151.jpg,ocr/input_videos\上海__西岸梦中心__20260825.mp4,7-ELEVEn | ⭐🌟🌟🌟🌟 | L1 | 3.8超市便利￥15/人 | 点评榜单 | 龙华/西岸超市便利热门榜第4名 | 便利店环境好品类多，折扣活动丰富 | 3,⭐🌟🌟🌟🌟 | L1 | 3.8超市便利￥15/人,结构完整,
CARD-0152,西岸梦中心,LANNI蘭泰式古法按摩,LANNI兰泰式古法按摩,精油SPA,4.7,365,L1,rated,True,,rated,parsed,rating_anchor,0.984,0.9967,48,10,LANNI 蘭 泰式古法按摩 | LANNI蘭 泰式古法按摩 | LANNI蘭泰式古法按摩,106.24,110.31,evidence/card_0152.jpg,ocr/input_videos\上海__西岸梦中心__20260825.mp4,LANNI蘭泰式古法按摩 | Lann | 🌟🌟🎉🌟🌟4.7 | L1 | 精油SPA￥365/人 | 品牌人气榜 | -2025年度- | 龙华/西岸精油SPA销量榜第1名 | 全国80+门店 | 放松解压好去处，古法按摩舒缓身心 | ￥498 | ￥4108.5折 | 【全身精油】泰式S... | 惠,🌟🌟🎉🌟🌟4.7 | L1 | 精油SPA￥365/人,结构完整,
CARD-0153,西岸梦中心,LemonOptics乐眸眼镜,LemonOptics乐眸眼镜,眼镜店,4.6,2559,L1,rated,True,,rated,parsed,rating_anchor,0.9868,0.9981,53,7,LemonOptics乐眸眼镜,107.67,110.31,evidence/card_0153.jpg,ocr/input_videos\上海__西岸梦中心__20260825.mp4,LemonOptics乐眸眼镜 | 🌟🌟🌟🌟🌟 | 眼镜店￥2559/人 | L1 | 4.6 | LEMON#OPTIC | 服务贴心，环境舒适货品多样 | “ | 全国连领·正质探障 | 惠 | ￥1￥200Lindberg林德伯格眼镜-乐眸...,🌟🌟🌟🌟🌟 | 眼镜店￥2559/人 | L1 | 4.6,结构完整,
CARD-0154,西岸梦中心,Popscent香氛,Popscent香氛,化妆品,,,商场内,unrated,False,explicitly_unrated,unrated,parsed,unrated_anchor,0.9977,0.9976,62,2,Popscent香氛,109.9,110.31,evidence/card_0154.jpg,ocr/input_videos\上海__西岸梦中心__20260825.mp4,Popscent香氛 | 化妆品 | 商场内 | ★★★★★ | 暂无星级,化妆品 | 商场内 | ★★★★★ | 暂无星级,研究排除,
CARD-0155,西岸梦中心,SPOSH,SPOSH,化妆品,,,L1,unrated,False,explicitly_unrated,unrated,parsed,unrated_anchor,0.9988,0.9985,45,5,SPOSH,109.9,112.35,evidence/card_0155.jpg,ocr/input_videos\上海__西岸梦中心__20260825.mp4,SPOSH | SPOSH | 化妆品 | 暂无星级 | L1 | ★★★★★,化妆品 | 暂无星级 | L1 | ★★★★★,研究排除,
CARD-0156,西岸梦中心,STANCE,STANCE,内衣,,,L1,unrated,False,explicitly_unrated,unrated,parsed,unrated_anchor,0.9964,0.9984,49,5,STANCE,109.9,112.35,evidence/card_0156.jpg,ocr/input_videos\上海__西岸梦中心__20260825.mp4,STANCE | 内衣 | 暂无星级 | ★★★★★ | L1,内衣 | 暂无星级 | ★★★★★ | L1,研究排除,
CARD-0157,西岸梦中心,MINIATURE(西岸梦中心店),MINIATURE(西岸梦中心店),亲子购物,,,商场内,unrated,False,explicitly_unrated,unrated,parsed,unrated_anchor,0.9928,0.986,58,6,MINI ATURE(西岸梦中心店) | MINIA TURE(西岸梦中心店) | MINIATURE(西岸梦中心店),109.9,113.36,evidence/card_0157.jpg,ocr/input_videos\上海__西岸梦中心__20260825.mp4,MINIATURE(西岸梦中心店) | MINI ATURE | 商场内 | 🌟🌟🌟🌟🌟 | 暂无星级 | 亲子购物,商场内 | 🌟🌟🌟🌟🌟 | 暂无星级 | 亲子购物,研究排除,
CARD-0158,西岸梦中心,大舍,大舍,,,,L3,unrated,False,explicitly_unrated,unrated,missing,unrated_anchor,0.9992,0.9992,61,4,大舍,111.53,113.36,evidence/card_0158.jpg,ocr/input_videos\上海__西岸梦中心__20260825.mp4,大舍 | ★★★★★ | 暂无星级 | L3 | 生活服务 | 生活服务,★★★★★ | 暂无星级 | L3 | 生活服务,研究排除,
CARD-0159,西岸梦中心,梦工场MFactory,梦工场MFactory,休闲娱乐,,,商场内,unrated,False,explicitly_unrated,unrated,parsed,unrated_anchor,0.9837,0.9972,61,7,梦工场M Factory | 梦工场MFactory,111.53,115.2,evidence/card_0159.jpg,ocr/input_videos\上海__西岸梦中心__20260825.mp4,梦工场MFactory | 商场内 | 休闲娱乐 | ⭐🌟🌟🌟 | 暂无星级,商场内 | 休闲娱乐 | ⭐🌟🌟🌟 | 暂无星级,研究排除,
CARD-0160,西岸梦中心,上海徐汇滨江逸扉酒店,上海徐汇滨江逸扉酒店,酒店,,,L2,unrated,False,explicitly_unrated,unrated,parsed,unrated_anchor,0.9996,0.9996,55,8,上海徐汇滨江逸扉酒店,111.53,115.6,evidence/card_0160.jpg,ocr/input_videos\上海__西岸梦中心__20260825.mp4,上海徐汇滨江逸扉酒店 | 酒店 | L2 | ★★★★★ | 暂无星级,酒店 | L2 | ★★★★★ | 暂无星级,研究排除,
CARD-0161,西岸梦中心,Popsockets,Popsockets,手机数码回收,,,L1,unrated,False,explicitly_unrated,unrated,parsed,unrated_anchor,0.9997,0.9996,55,5,Popsockets,113.36,115.6,evidence/card_0161.jpg,ocr/input_videos\上海__西岸梦中心__20260825.mp4,PSOCKETS | Popsockets | ★🌟★★ | 暂无星级 | L1 | 手机数码回收,★🌟★★ | 暂无星级 | L1 | 手机数码回收,研究排除,
CARD-0162,西岸梦中心,之植,之植,化妆品,,,L1,unrated,False,explicitly_unrated,unrated,parsed,unrated_anchor,0.9993,0.9992,62,5,之植,113.36,115.6,evidence/card_0162.jpg,ocr/input_videos\上海__西岸梦中心__20260825.mp4,之植 | 化妆品 | ★★★★★ | 暂无星级 | L1,化妆品 | ★★★★★ | 暂无星级 | L1,研究排除,
CARD-0163,西岸梦中心,入古,入古,,,,L3,unrated,False,explicitly_unrated,unrated,missing,unrated_anchor,0.7085,0.7085,40,1,入古,113.98,113.98,evidence/card_0163.jpg,ocr/input_videos\上海__西岸梦中心__20260825.mp4,入古 | 暂无星级 | 生活服务 | L3 | ★★★★★ | 生活服务,暂无星级 | 生活服务 | L3 | ★★★★★,研究排除,
CARD-0164,西岸梦中心,GENTLEMONSTER,GENTLEMONSTER,眼镜店,,,L1,new_store,False,new_store,ocr_missing,parsed,metadata_anchor,0.9985,0.9982,44,4,GENTLEMONSTER,113.98,115.6,evidence/card_0164.jpg,ocr/input_videos\上海__西岸梦中心__20260825.mp4,GENTLEMONSTER | 眼镜店 | 新店 | L1 | 休息中,眼镜店 | 新店 | L1,研究排除,
CARD-0165,西岸梦中心,Le Specs,LeSpecs,眼镜店,,537,L2,new_store,False,new_store,ocr_missing,parsed,metadata_anchor,0.9841,0.9713,59,3,Le Specs,114.38,115.6,evidence/card_0165.jpg,ocr/input_videos\上海__西岸梦中心__20260825.mp4,Le Specs | 新店 | 眼镜店 | L2 | ￥537/人 | 购物,新店 | 眼镜店 | L2 | ￥537/人,研究排除,
CARD-0166,西岸梦中心,岁L切mractory,岁L切mractory,休闲娱乐,,,商场内,unrated,False,explicitly_unrated,unrated,parsed,unrated_anchor,0.8769,0.7896,42,1,岁L切mractory,115.6,115.6,evidence/card_0166.jpg,ocr/input_videos\上海__西岸梦中心__20260825.mp4,岁L切mractory | 商场内 | 暂无星级 | ★★★★★ | 休闲娱乐,商场内 | 暂无星级 | ★★★★★ | 休闲娱乐,研究排除,
