mall_name,store_count,brand_count,l2_breadth,standardization_loo,head_chain_rate,local_only_rate,function_rarity_loo,subculture_index,light_consumption_index,experiential_share,dining_share,retail_share,sitdown_price_median,sitdown_price_log,sitdown_price_sample,price_dispersion,mean_rating,category_entropy_l1,district,business_area,longitude,latitude,opening_year,result_status,factor1,factor2,w_A0,w_A1,w_A2,dominant,max_weight,is_mixed
BFC外滩金融中心,205,203,48,0.061138,0.146341,0.6,0.404096,0.043902,0.082927,0.039024,0.37561,0.341463,145.0,4.976734,39,1.011127,4.2128,1.468599,[],,121.497809,31.226435,,current,-0.6472,0.4594,0.0154,0.426,0.5586,A2,0.5586,True
K11购物艺术中心,122,122,32,0.072268,0.213115,0.516393,0.249163,0.040984,0.065574,0.016393,0.368852,0.409836,117.0,4.762174,19,0.751912,4.3235,1.337182,黄浦区,北京路,121.473582,31.223433,2013,current,-0.6753,0.1226,0.3047,0.0997,0.5956,A2,0.5956,True
ONE ITC,95,95,36,0.091754,0.252632,0.221053,0.226174,0.031579,0.084211,0.031579,0.431579,0.421053,118.0,4.770685,16,0.447725,4.3169,1.190704,[],,121.437463,31.198257,,current,-0.9713,0.088,0.6579,0.0,0.3421,A0,0.6579,False
万达茂,223,222,47,0.108445,0.327354,0.381166,0.324466,0.053812,0.103139,0.058296,0.367713,0.340807,77.0,4.343805,36,0.926662,4.0503,1.563409,[],,121.084352,31.135065,,current,0.6996,0.1056,0.9151,0.0747,0.0103,A0,0.9151,False
上海久光百货,416,414,37,0.04976,0.141827,0.394231,0.265735,0.024038,0.004808,0.004808,0.1875,0.764423,108.0,4.682131,30,0.680138,3.9196,0.732554,静安区,静安寺,121.446199,31.223995,2004,current,-0.5983,-1.1839,0.3612,0.0,0.6388,A2,0.6388,False
上海恒隆广场,138,134,24,0.03285,0.057971,0.355072,0.186694,0.0,0.014493,0.0,0.15942,0.768116,264.0,5.575949,12,0.812569,4.1008,0.73187,静安区,淮海路,121.453484,31.227845,2001,current,-2.0497,-0.4156,0.0,0.0,1.0,A2,1.0,False
上海来福士广场,208,207,42,0.094071,0.235577,0.288462,0.289572,0.072115,0.072115,0.024038,0.350962,0.504808,92.0,4.521789,34,0.374957,4.1348,1.202033,黄浦区,北京路,121.476607,31.232454,2004,current,-0.5174,-0.2733,0.8166,0.0,0.1834,A0,0.8166,False
上海环球港,484,480,61,0.085813,0.299587,0.409091,0.443861,0.070248,0.053719,0.057851,0.303719,0.5,102.0,4.624973,66,0.478141,4.1635,1.330718,普陀区,曹杨,121.412625,31.233244,2013,current,0.0551,-0.348,0.5817,0.3227,0.0957,A0,0.5817,True
上海荟聚中心,374,374,54,0.090865,0.294118,0.31016,0.362427,0.048128,0.048128,0.045455,0.368984,0.481283,97.0,4.574711,64,0.706145,4.1829,1.258933,,,,,2024,current,0.4241,-0.4007,0.8322,0.0246,0.1432,A0,0.8322,False
世博天地,153,153,43,0.106318,0.333333,0.339869,0.2932,0.078431,0.084967,0.03268,0.529412,0.352941,100.0,4.60517,45,0.572733,4.2722,1.138635,浦东新区,上南地区,121.489442,31.184951,,current,0.0529,0.1976,0.8167,0.0287,0.1547,A0,0.8167,False
世博源,295,295,58,0.094294,0.298305,0.437288,0.4657,0.081356,0.054237,0.128814,0.315254,0.349153,97.0,4.574711,52,0.679061,4.1839,1.673237,浦东新区,上南地区,121.492654,31.183285,,current,0.8171,-0.0581,0.4018,0.5982,0.0,A1,0.5982,True
世贸广场,121,121,34,0.081818,0.239669,0.53719,0.428442,0.247934,0.049587,0.140496,0.421488,0.347107,88.0,4.477337,32,0.426046,4.2538,1.199387,黄浦区,北京路,121.475740,31.234330,2006,current,-0.7188,0.413,0.0,1.0,0.0,A1,1.0,False
中信泰富广场,73,73,29,0.069863,0.191781,0.60274,0.278257,0.027397,0.068493,0.054795,0.315068,0.369863,192.0,5.257495,16,0.86261,4.3485,1.536788,[],,121.455722,31.228536,2000,current,-0.7319,0.3587,0.0,0.2832,0.7168,A2,0.7168,False
五角场万达广场,352,349,56,0.08428,0.261364,0.423295,0.450127,0.053977,0.079545,0.042614,0.332386,0.420455,88.5,4.483003,52,0.747773,4.0767,1.465918,杨浦区,五角场,121.513631,31.301289,,current,0.409,-0.1005,0.6643,0.234,0.1017,A0,0.6643,False
五角场合生汇,429,425,56,0.095377,0.298368,0.293706,0.367307,0.06993,0.067599,0.044289,0.370629,0.484848,105.5,4.658711,74,0.422518,4.1962,1.23057,杨浦区,五角场,121.517962,31.299787,,current,0.2174,-0.3179,0.8109,0.0746,0.1145,A0,0.8109,False
光启城,186,185,45,0.100806,0.284946,0.462366,0.326487,0.026882,0.102151,0.05914,0.537634,0.182796,60.0,4.094345,25,0.834901,4.0818,1.483319,徐汇区,徐家汇,121.428514,31.183919,,current,0.8201,0.7616,0.8968,0.0804,0.0228,A0,0.8968,False
兴业太古汇,247,246,43,0.053509,0.137652,0.408907,0.363297,0.024291,0.044534,0.016194,0.315789,0.574899,132.0,4.882802,33,0.695364,4.154,1.067521,静安区,淮海路,121.463104,31.228926,2017,current,-1.0279,-0.4145,0.3503,0.068,0.5818,A2,0.5818,True
凯德晶萃广场,236,236,51,0.102189,0.288136,0.271186,0.343587,0.033898,0.059322,0.059322,0.347458,0.355932,106.5,4.668145,50,0.611119,4.2722,1.554831,黄浦区,新天地,121.477071,31.210312,2018,current,0.1749,0.1248,0.8914,0.0,0.1086,A0,0.8914,False
前滩太古里,321,321,42,0.047456,0.105919,0.383178,0.313315,0.031153,0.05919,0.012461,0.308411,0.616822,152.0,5.023881,41,0.942986,4.1646,0.93992,[],,121.480882,31.153266,2021,current,-1.2994,-0.4164,0.2571,0.0386,0.7043,A2,0.7043,False
北外滩来福士,251,250,55,0.105511,0.322709,0.354582,0.375714,0.043825,0.055777,0.063745,0.370518,0.342629,90.0,4.49981,51,0.717009,4.2498,1.516225,虹口区,提篮桥,121.507279,31.252681,2021,current,0.0645,0.3286,0.8993,0.0823,0.0184,A0,0.8993,False
国金ifc商场,250,244,38,0.047133,0.096,0.296,0.282528,0.016,0.056,0.008,0.292,0.648,196.0,5.278115,29,0.670406,4.0592,0.874056,浦东新区,小陆家嘴商圈,121.502326,31.236165,2010,current,-1.6907,-0.3908,0.1895,0.0,0.8105,A2,0.8105,False
大宁久光中心,411,411,57,0.081549,0.253041,0.340633,0.423541,0.038929,0.043796,0.053528,0.318735,0.53528,105.0,4.65396,59,0.504638,4.0659,1.229913,静安区,大宁路,121.451283,31.276292,,current,-0.0915,-0.6165,0.7106,0.125,0.1644,A0,0.7106,False
大融城,357,355,53,0.095285,0.282913,0.386555,0.376661,0.053221,0.061625,0.123249,0.330532,0.35014,94.5,4.5486,64,1.049974,4.1757,1.655866,长宁区,北新泾,121.359678,31.217422,,current,0.9152,-0.1103,0.6312,0.3688,0.0,A0,0.6312,False
奉贤宝龙城市广场,258,257,47,0.094444,0.25969,0.484496,0.315223,0.031008,0.089147,0.05814,0.422481,0.337209,70.5,4.255613,30,0.369639,4.0154,1.442502,,,,,,current,0.6469,0.0888,0.7337,0.1313,0.135,A0,0.7337,False
奉贤龙湖天街,306,305,44,0.111983,0.369281,0.251634,0.279765,0.055556,0.062092,0.045752,0.356209,0.48366,89.0,4.488636,46,1.12847,4.0597,1.271784,奉贤区,中国(上海)自由贸易试验区临港新片区,121.511923,30.968340,,current,0.683,-0.5843,0.9551,0.0,0.0449,A0,0.9551,False
尚嘉中心,137,137,38,0.038564,0.094891,0.562044,0.252288,0.036496,0.043796,0.029197,0.489051,0.364964,51.0,3.931826,28,0.756128,4.0781,1.194965,[],,121.407106,31.205723,,current,-1.0364,0.2946,0.3278,0.2299,0.4423,A2,0.4423,True
崇明万达广场,212,211,48,0.113836,0.334906,0.410377,0.338796,0.042453,0.075472,0.056604,0.377358,0.433962,77.0,4.343805,29,0.554245,4.0326,1.374198,崇明区,城桥,121.417913,31.626144,,current,0.5848,-0.1694,0.9425,0.0564,0.0011,A0,0.9425,False
控江旭辉MALL,92,92,33,0.10163,0.228261,0.467391,0.255707,0.021739,0.054348,0.108696,0.434783,0.141304,73.5,4.297285,16,0.31956,4.1845,1.677368,杨浦区,鞍山,121.509018,31.273472,,current,1.1735,1.0389,0.7399,0.1828,0.0773,A0,0.7399,False
新世界城,373,371,46,0.055987,0.158177,0.477212,0.361853,0.075067,0.032172,0.029491,0.163539,0.747989,95.5,4.559126,36,0.992578,3.9383,0.846045,[],,121.473671,31.235113,,current,-0.6067,-0.9196,0.2734,0.3376,0.389,A2,0.389,True
新天地广场,93,93,31,0.069534,0.204301,0.333333,0.16583,0.021505,0.107527,0.021505,0.591398,0.27957,100.0,4.60517,25,0.528332,4.206,1.105651,黄浦区,淮海路,121.475348,31.217483,,current,-0.2806,0.2858,0.455,0.0,0.545,A2,0.545,True
晶耀前滩,165,165,44,0.100202,0.290909,0.339394,0.319044,0.042424,0.054545,0.078788,0.430303,0.290909,96.0,4.564348,44,0.758049,4.2831,1.536012,[],,121.477330,31.152468,,current,0.3509,0.3637,0.8225,0.0856,0.092,A0,0.8225,False
正大乐城,108,108,35,0.105556,0.268519,0.481481,0.295819,0.046296,0.064815,0.092593,0.416667,0.138889,93.0,4.532599,24,0.308809,4.2978,1.753836,[],,121.371053,31.345256,,current,0.8476,1.1149,0.6247,0.2609,0.1144,A0,0.6247,False
正大广场,234,234,46,0.079558,0.269231,0.474359,0.370609,0.059829,0.025641,0.051282,0.440171,0.354701,102.5,4.629863,58,0.482526,4.2206,1.366463,浦东新区,小陆家嘴商圈,121.499170,31.236752,,current,-0.0602,0.1451,0.4382,0.2974,0.2644,A0,0.4382,True
浦东嘉里中心,176,176,38,0.065625,0.1875,0.369318,0.251118,0.034091,0.028409,0.011364,0.306818,0.579545,148.0,4.997212,33,0.491863,4.2799,1.081781,[],,121.564476,31.212128,,current,-0.3502,-0.4171,0.3427,0.0,0.6573,A2,0.6573,False
港汇恒隆广场,364,361,45,0.054075,0.137363,0.296703,0.315812,0.021978,0.03022,0.005495,0.214286,0.728022,144.0,4.969813,36,0.551293,4.095,0.792324,徐汇区,徐家汇,121.437217,31.194628,,current,-0.9798,-0.8272,0.3778,0.0,0.6222,A2,0.6222,False
瑞虹天地太阳宫,414,414,55,0.084903,0.272947,0.321256,0.385689,0.065217,0.077295,0.057971,0.388889,0.437198,99.5,4.600158,70,0.646636,4.2135,1.32179,虹口区,提篮桥,121.500531,31.262923,,current,0.2208,-0.1718,0.7138,0.171,0.1152,A0,0.7138,False
瑞虹天地月亮湾,147,147,40,0.047959,0.14966,0.673469,0.362852,0.07483,0.136054,0.136054,0.47619,0.108844,109.0,4.691348,37,0.341908,4.2794,1.434226,虹口区,四平路,121.498688,31.264400,,current,-0.432,1.6989,0.0,0.7678,0.2322,A1,0.7678,False
白玉兰广场,164,163,41,0.084451,0.231707,0.518293,0.269801,0.030488,0.054878,0.042683,0.54878,0.207317,105.0,4.65396,47,0.715248,4.2531,1.316252,[],,121.488171,31.395874,,current,-0.3103,0.8747,0.4399,0.1273,0.4328,A0,0.4399,True
百联又一城,274,274,54,0.086618,0.240876,0.335766,0.408413,0.047445,0.032847,0.058394,0.222628,0.572993,82.0,4.406719,28,0.482467,4.0651,1.320827,杨浦区,五角场,121.515615,31.301529,,current,0.2433,-0.7507,0.833,0.129,0.038,A0,0.833,False
百联金山,174,174,41,0.125192,0.373563,0.321839,0.297344,0.063218,0.068966,0.04023,0.33908,0.54023,81.0,4.394449,20,1.037059,4.0362,1.16162,金山区,卫清路,121.347755,30.731843,,current,0.1465,-0.5141,1.0,0.0,0.0,A0,1.0,False
真如环宇城,369,368,52,0.094264,0.300813,0.281843,0.345697,0.0271,0.059621,0.02981,0.433604,0.444444,100.0,4.60517,85,0.515187,4.2296,1.168603,普陀区,真如,121.409059,31.248787,,current,0.1641,-0.2776,0.8109,0.0,0.1891,A0,0.8109,False
第一八佰伴,387,383,48,0.05534,0.155039,0.379845,0.387357,0.023256,0.005168,0.020672,0.105943,0.824289,102.5,4.629863,14,1.316781,3.8563,0.683605,浦东新区,陆家嘴,121.516925,31.228205,,current,-0.3882,-1.4841,0.5219,0.0492,0.4288,A0,0.5219,True
第一百货,223,222,42,0.054559,0.139013,0.520179,0.460395,0.09417,0.017937,0.076233,0.179372,0.641256,92.5,4.527209,22,1.042238,3.9764,1.084142,黄浦区,北京路,121.474912,31.235540,,current,-0.6043,-0.6311,0.1444,0.6759,0.1797,A1,0.6759,False
紫荆广场,162,162,39,0.100206,0.320988,0.395062,0.259315,0.012346,0.080247,0.080247,0.506173,0.253086,96.0,4.564348,33,0.754492,4.1469,1.422002,杨浦区,鞍山新村,121.516719,31.275112,,current,0.6004,0.4165,0.782,0.0003,0.2177,A0,0.782,False
绿地缤纷城,225,225,55,0.078815,0.217778,0.502222,0.432946,0.035556,0.08,0.106667,0.457778,0.186667,89.0,4.488636,45,0.673081,4.1723,1.632499,徐汇区,龙华,121.456748,31.183613,,current,0.5183,1.0961,0.4588,0.4629,0.0783,A1,0.4629,True
美罗城,221,220,42,0.108748,0.294118,0.312217,0.313965,0.108597,0.072398,0.040724,0.470588,0.384615,93.0,4.532599,35,0.810889,4.2235,1.192644,徐汇区,徐家汇,121.439649,31.192944,,current,-0.2481,0.2157,0.8396,0.1359,0.0245,A0,0.8396,False
芮欧百货,141,141,35,0.05461,0.12766,0.531915,0.246393,0.042553,0.085106,0.035461,0.439716,0.432624,114.5,4.740575,26,0.708669,4.0727,1.14335,[],,121.447024,31.223314,,current,-0.8092,-0.0803,0.1289,0.2283,0.6428,A2,0.6428,False
虹口凯德龙之梦,349,348,55,0.099284,0.292264,0.312321,0.375808,0.04298,0.068768,0.068768,0.409742,0.363897,81.0,4.394449,62,0.974401,4.1523,1.438805,[],,121.478058,31.270391,,current,0.3986,0.0287,0.939,0.061,0.0,A0,0.939,False
虹桥南丰城,251,251,53,0.101195,0.290837,0.394422,0.411998,0.071713,0.047809,0.111554,0.406375,0.247012,95.5,4.559126,56,0.654201,4.204,1.649918,长宁区,虹桥,121.407792,31.207262,,current,0.5675,0.3265,0.5915,0.4085,0.0,A0,0.5915,True
虹桥新天地,243,243,46,0.096228,0.304527,0.341564,0.325147,0.053498,0.082305,0.049383,0.432099,0.36214,123.5,4.816241,60,0.693836,4.2841,1.299659,,,,,,current,-0.3668,0.1308,0.693,0.0583,0.2488,A0,0.693,False
西岸梦中心,160,160,34,0.036458,0.1,0.625,0.260938,0.0125,0.0625,0.00625,0.50625,0.38125,138.0,4.927254,51,0.397933,4.2397,1.067582,徐汇区,,121.465465,31.161190,,current,-0.759,0.0875,0.0,0.1256,0.8744,A2,0.8744,False
金山万达广场,326,326,53,0.085992,0.260736,0.481595,0.417454,0.070552,0.052147,0.09816,0.331288,0.380368,74.5,4.310799,40,0.464611,3.9075,1.572557,金山区,,121.336056,30.754737,,current,0.7879,-0.0911,0.508,0.492,0.0,A0,0.508,True
金虹桥,215,215,46,0.081163,0.213953,0.502326,0.331401,0.027907,0.111628,0.065116,0.539535,0.176744,85.0,4.442651,55,0.71932,4.1147,1.411763,[],,121.402457,31.209085,,current,0.0366,1.0747,0.529,0.2186,0.2524,A0,0.529,True
长宁来福士,302,300,54,0.087031,0.251656,0.364238,0.378581,0.043046,0.059603,0.072848,0.331126,0.321192,120.0,4.787492,53,0.645008,4.2519,1.653096,长宁区,中山公园,121.414394,31.216358,,current,0.2448,0.3024,0.6129,0.1848,0.2022,A0,0.6129,False
长泰广场,262,262,54,0.106997,0.351145,0.343511,0.421552,0.053435,0.061069,0.061069,0.396947,0.335878,102.0,4.624973,56,0.986941,4.1886,1.530214,,,,,,current,0.6001,0.047,0.8693,0.1307,0.0,A0,0.8693,False
长风大悦城,170,170,53,0.134412,0.405882,0.282353,0.431883,0.070588,0.041176,0.105882,0.470588,0.247059,94.0,4.543295,41,0.432644,4.2514,1.481783,普陀区,金沙江路,121.395319,31.222678,,current,0.2977,0.4338,0.8314,0.1686,0.0,A0,0.8314,False
陆家嘴中心L+MALL,239,239,54,0.083194,0.221757,0.355649,0.367938,0.046025,0.062762,0.07113,0.41841,0.34728,122.0,4.804021,57,0.748422,4.3455,1.4349,浦东新区,陆家嘴,121.515551,31.231065,,current,0.1074,0.2486,0.582,0.1839,0.2341,A0,0.582,True
青浦吾悦广场,313,313,49,0.074121,0.217252,0.527157,0.320669,0.038339,0.083067,0.070288,0.28754,0.373802,74.5,4.310799,38,0.356303,4.0448,1.639235,青浦区,,121.095092,31.144145,,current,0.8412,-0.071,0.4607,0.3032,0.2361,A0,0.4607,True
静安嘉里中心,214,214,40,0.042212,0.098131,0.425234,0.275617,0.018692,0.056075,0.018692,0.350467,0.560748,174.0,5.159055,34,0.647749,4.2243,1.016649,静安区,静安寺,121.449749,31.223558,,current,-0.8242,-0.498,0.1026,0.0525,0.8449,A2,0.8449,False
静安大悦城,297,295,50,0.103143,0.316498,0.427609,0.370341,0.185185,0.080808,0.077441,0.383838,0.444444,95.0,4.553877,57,0.898567,4.1785,1.237907,静安区,七浦路,121.472100,31.243689,,current,-0.3929,0.1238,0.3098,0.6902,0.0,A1,0.6902,False
香港广场,72,72,32,0.055556,0.125,0.555556,0.236752,0.027778,0.069444,0.069444,0.430556,0.208333,136.0,4.912655,19,0.806766,4.2387,1.353832,[],,121.474915,31.223375,,current,0.0211,0.7251,0.0161,0.3099,0.674,A2,0.674,False
