mall_name,amap_status,amap_name,amap_id,district,business_area,address,longitude,latitude,typecode,amap_rating,opening_year,commercial_area_sqm,fetched_at
BFC外滩金融中心,ok,上海市黄浦区外滩金融中心,,[],,外滩金融中心,121.497809,31.226435,[],,,,2026-08-26T20:59:55+08:00
K11购物艺术中心,ok,上海k11购物艺术中心,B00156EKCV,黄浦区,北京路,淮海中路300号(一大会址·黄陂南路地铁站2号口旁),121.473582,31.223433,060101,4.8,2013,40000,2026-08-26T20:59:55+08:00
ONE ITC,ok,上海市徐汇区One ITC(西北1门),,[],,One ITC(西北1门),121.437463,31.198257,[],,,,2026-08-26T20:59:55+08:00
万达茂,ok,上海市青浦区万达茂,,[],,万达茂,121.084352,31.135065,[],,,,2026-08-26T20:59:56+08:00
上海久光百货,ok,久光百货,B0FFFT33UG,静安区,静安寺,南京西路1618号,121.446199,31.223995,060101,4.8,2004,,2026-08-26T20:59:56+08:00
上海恒隆广场,ok,上海恒隆广场,B00155IVGK,静安区,淮海路,南京西路1266号,121.453484,31.227845,060102,4.9,2001,53600,2026-08-26T20:59:56+08:00
上海来福士广场,ok,上海来福士广场,B00151BEEE,黄浦区,北京路,西藏中路268号(人民广场地铁站15号口旁),121.476607,31.232454,060101,4.8,2004,,2026-08-26T20:59:57+08:00
上海环球港,ok,上海月星环球港,B0FFF00NQV,普陀区,曹杨,中山北路3300号(金沙江路地铁站2号口步行50米),121.412625,31.233244,060101,4.9,2013,320000,2026-08-26T20:59:57+08:00
上海荟聚中心,no_match,,,,,,,,,,2024,210000,2026-08-27T13:33:17+08:00
世博天地,ok,世博天地,B0J3S58LBL,浦东新区,上南地区,世博大道1467号(中华艺术宫地铁站3号口步行390米),121.489442,31.184951,060102,4.9,,,2026-08-26T20:59:58+08:00
世博源,ok,世博源,B00155QZKZ,浦东新区,上南地区,世博大道1368号,121.492654,31.183285,060101,4.7,,,2026-08-26T20:59:58+08:00
世贸广场,ok,上海世茂广场,B001513C35,黄浦区,北京路,南京东路街道南京东路789号上海康莱德酒店b3世茂工程部,121.475740,31.234330,060101,4.8,2006,58000,2026-08-26T20:59:58+08:00
中信泰富广场,ok,上海市静安区中信泰富广场,,[],,中信泰富广场,121.455722,31.228536,[],,2000,,2026-08-26T20:59:59+08:00
五角场万达广场,ok,万达广场(上海五角场店),B0FFFR05MK,杨浦区,五角场,淞沪路77号(江湾体育场地铁站4号口步行80米),121.513631,31.301289,060101,4.8,,,2026-08-26T20:59:59+08:00
五角场合生汇,ok,合生汇,B0FFHN0XRK,杨浦区,五角场,翔殷路1099号上海五角场合生汇,121.517962,31.299787,060101,4.9,,,2026-08-26T20:59:59+08:00
光启城,ok,光启城,B0MDDZM62B,徐汇区,徐家汇,宜山路455号(宜山路地铁站出入口步行180米),121.428514,31.183919,060101|060102,4.4,,,2026-08-26T21:00:00+08:00
兴业太古汇,ok,兴业太古汇,B0FFG8S5RN,静安区,淮海路,石门一路288号,121.463104,31.228926,060101,4.9,2017,100000,2026-08-26T21:00:00+08:00
凯德晶萃广场,ok,LU·ONE凯德晶萃广场,B0FFH26VVY,黄浦区,新天地,徐家汇路268号(马当路地铁站4号口旁),121.477071,31.210312,060101,4.8,2018,140000,2026-08-26T21:00:00+08:00
前滩太古里,ok,上海市浦东新区前滩太古里(2号出入口),,[],,前滩太古里(2号出入口),121.480882,31.153266,[],,2021,120000,2026-08-26T21:00:01+08:00
北外滩来福士,ok,北外滩来福士,B0FFKHVPR0,虹口区,提篮桥,东大名路999号(提篮桥地铁站3号口旁),121.507279,31.252681,060100|120201,4.8,2021,120000,2026-08-26T21:00:01+08:00
国金ifc商场,ok,上海ifc商场,B00155LGJZ,浦东新区,小陆家嘴商圈,世纪大道8号(陆家嘴地铁站7号口旁),121.502326,31.236165,060101,4.9,2010,111484,2026-08-26T21:00:02+08:00
大宁久光中心,ok,上海久光中心,B0FFIQXLNJ,静安区,大宁路,共和新路2188号(上海马戏城地铁站3号口步行310米),121.451283,31.276292,060101,4.9,,,2026-08-26T21:00:02+08:00
大融城,ok,长宁Art Park大融城,B0H1U10IGR,长宁区,北新泾,淞虹路377号(淞虹路地铁站4号口步行70米),121.359678,31.217422,060100,4.7,,,2026-08-26T21:00:02+08:00
奉贤宝龙城市广场,no_match,,,,,,,,,,,,2026-08-27T13:33:17+08:00
奉贤龙湖天街,ok,龙湖·上海金汇天街,B0G0ARWNX4,奉贤区,中国(上海)自由贸易试验区临港新片区,南行港路388号,121.511923,30.968340,060101,4.7,,,2026-08-26T21:00:03+08:00
尚嘉中心,ok,上海市长宁区尚嘉中心,,[],,尚嘉中心,121.407106,31.205723,[],,,,2026-08-26T21:00:03+08:00
崇明万达广场,ok,万达广场(上海崇明店),B0FFL9ES83,崇明区,城桥,崇明大道666号,121.417913,31.626144,060101,4.7,,,2026-08-26T21:00:04+08:00
控江旭辉MALL,ok,旭辉Mall,B0FFH997UC,杨浦区,鞍山,控江路2066号(鞍山新村地铁站1号口步行70米),121.509018,31.273472,060101,4.7,,,2026-08-26T21:00:04+08:00
新世界城,ok,上海市黄浦区新世界城,,[],,新世界城,121.473671,31.235113,[],,,,2026-08-26T21:00:04+08:00
新天地广场,ok,新天地时尚二期,B00155L0YG,黄浦区,淮海路,马当路245号,121.475348,31.217483,060101,4.6,,,2026-08-26T21:00:05+08:00
晶耀前滩,ok,上海市浦东新区晶耀前滩,,[],,晶耀前滩,121.477330,31.152468,[],,,,2026-08-26T21:00:05+08:00
正大乐城,ok,上海市宝山区正大乐城(宝山店),,[],,正大乐城(宝山店),121.371053,31.345256,[],,,,2026-08-26T21:00:05+08:00
正大广场,ok,正大广场,B00155L44U,浦东新区,小陆家嘴商圈,中国(上海)自由贸易试验区陆家嘴西路168号,121.499170,31.236752,060101,4.8,,,2026-08-26T21:00:06+08:00
浦东嘉里中心,ok,上海市浦东新区浦东镇浦东嘉里城(F2南1门),,[],,浦东镇浦东嘉里城(F2南1门),121.564476,31.212128,[],,,,2026-08-26T21:00:06+08:00
港汇恒隆广场,ok,上海港汇恒隆广场,B00155QPSL,徐汇区,徐家汇,虹桥路1号,121.437217,31.194628,060101,4.9,,,2026-08-26T21:00:06+08:00
瑞虹天地太阳宫,ok,瑞虹新天地太阳宫,B0GU3UK6MZ,虹口区,提篮桥,瑞虹路181号(临平路地铁站1号口直通商场),121.500531,31.262923,060101,4.9,,,2026-08-26T21:00:07+08:00
瑞虹天地月亮湾,ok,瑞虹新天地月亮湾,B0FFHFMCDT,虹口区,四平路,瑞虹路188号(临平路地铁站4号口步行430米),121.498688,31.264400,060101,4.8,,,2026-08-26T21:00:07+08:00
白玉兰广场,ok,上海市宝山区白玉兰广场,,[],,白玉兰广场,121.488171,31.395874,[],,,,2026-08-26T21:00:07+08:00
百联又一城,ok,百联又一城购物中心,B00155KDVJ,杨浦区,五角场,淞沪路8号,121.515615,31.301529,060101,4.7,,,2026-08-26T21:00:08+08:00
百联金山,ok,百联金山购物中心,B00155Q7CG,金山区,卫清路,卫清西路188号,121.347755,30.731843,060101,4.7,,,2026-08-26T21:00:08+08:00
真如环宇城,ok,真如环宇城MAX购物中心,B0MUBA4VLV,普陀区,真如,南郑路与曹杨路交叉口东120米,121.409059,31.248787,060100,4.1,,,2026-08-26T21:00:09+08:00
第一八佰伴,ok,上海第一八佰伴,B00153A673,浦东新区,陆家嘴,张杨路501号(商城路地铁站3号口步行200米),121.516925,31.228205,060101,4.8,,,2026-08-26T21:00:09+08:00
第一百货,ok,第一百货商业中心,B001548591,黄浦区,北京路,南京东路830号,121.474912,31.235540,060101,4.8,,,2026-08-26T21:00:09+08:00
紫荆广场,ok,紫荆广场(江浦路),B00156O3L3,杨浦区,鞍山新村,控江路1628号(江浦路地铁站3号口步行60米),121.516719,31.275112,060101,4.7,,,2026-08-26T21:00:10+08:00
绿地缤纷城,ok,绿地缤纷城(绿地中心国际广场店),B0FFGWGY2S,徐汇区,龙华,东安路562号(龙华中路地铁站6号口步行70米),121.456748,31.183613,060101|060102,4.7,,,2026-08-26T21:00:10+08:00
美罗城,ok,美罗城,B00154DTEG,徐汇区,徐家汇,肇嘉浜路1111号,121.439649,31.192944,060101,4.8,,,2026-08-26T21:00:10+08:00
芮欧百货,ok,上海市静安区芮欧百货(西门),,[],,芮欧百货(西门),121.447024,31.223314,[],,,,2026-08-26T21:00:11+08:00
虹口凯德龙之梦,ok,上海市虹口区凯德龙之梦,,[],,虹口区凯德龙之梦,121.478058,31.270391,[],,,,2026-08-26T21:00:11+08:00
虹桥南丰城,ok,虹桥南丰城,B001550RQU,长宁区,虹桥,遵义路100号,121.407792,31.207262,060101|060102|070500,4.8,,,2026-08-26T21:00:11+08:00
虹桥新天地,no_match,,,,,,,,,,,,2026-08-27T13:33:17+08:00
西岸梦中心,ok,Gate M西岸梦中心,B0H0OSXDUD,徐汇区,,龙腾大道2266号,121.465465,31.161190,060101,4.9,,,2026-08-26T21:00:12+08:00
金山万达广场,ok,万达广场(上海金山店),B0FFF002FC,金山区,,龙皓路1088号,121.336056,30.754737,060101,4.8,,,2026-08-26T21:00:12+08:00
金虹桥,ok,上海市长宁区金虹桥,,[],,金虹桥,121.402457,31.209085,[],,,,2026-08-26T21:00:13+08:00
长宁来福士,ok,长宁来福士,B0FFFZBN19,长宁区,中山公园,长宁路1191号(中山公园地铁站3号口步行250米),121.414394,31.216358,060101,4.9,,,2026-08-26T21:00:13+08:00
长泰广场,no_match,,,,,,,,,,,,2026-08-27T13:33:17+08:00
长风大悦城,ok,上海长风大悦城,B00156E1IN,普陀区,金沙江路,大渡河路196号,121.395319,31.222678,060101,4.8,,,2026-08-26T21:00:14+08:00
陆家嘴中心L+MALL,ok,上海陆家嘴中心L+mall,B0I11K22OO,浦东新区,陆家嘴,浦东南路899陆家嘴中心老佛爷百货商场LG层靠近广场大屏左边的入口,121.515551,31.231065,060101|060102,4.8,,,2026-08-26T21:00:14+08:00
青浦吾悦广场,ok,吾悦广场(上海青浦店),B00157I0E6,青浦区,,淀山湖大道218号,121.095092,31.144145,060101,4.8,,,2026-08-26T21:00:14+08:00
静安嘉里中心,ok,静安嘉里中心,B0FFFYQI02,静安区,静安寺,南京西路1515号,121.449749,31.223558,060101,4.9,,,2026-08-26T21:00:15+08:00
静安大悦城,ok,上海静安大悦城,B00155Q45M,静安区,七浦路,西藏北路166号,121.472100,31.243689,060101,4.9,,,2026-08-26T21:00:15+08:00
香港广场,ok,上海市黄浦区香港广场,,[],,香港广场,121.474915,31.223375,[],,,,2026-08-26T21:00:16+08:00
