active,mall_name,opening_year,commercial_area_sqm（万m2）,confidence,source,notes,_district,_address
TRUE,BFC外滩金融中心,6,9.6,,,已检索无果,黄浦区,中山东二路600号
TRUE,ONE ITC,6,3.8,,,已检索无果,徐汇区,One ITC(西北1门)
TRUE,万达茂,7,24.7,,,旅游博客弱来源,青浦区,淀山湖大道851号
TRUE,奉贤宝龙城市广场,10,8.3,,,已检索无果；宝龙地产仅有集团层面总GFA,奉贤区,航南公路5639号
TRUE,尚嘉中心,13,4.9,,,,ZZ未知,仙霞路99号
TRUE,新世界城,6,12.5,,,,黄浦区,南京西路2-68
TRUE,晶耀前滩,7,6.8,,,,ZZ未知,耀体路308号
TRUE,正大乐城（宝山店）,11,4.8,,,,宝山区,陆翔路111号
TRUE,浦东嘉里中心,14,4.5,,,,浦东区,浦东镇浦东嘉里城(F2南1门)
TRUE,白玉兰广场,7,11,,,,虹口区,东大名路555号
TRUE,芮欧百货,,,,,,ZZ未知,芮欧百货(西门)
TRUE,虹口凯德龙之梦,,,,,英文名 Hongkou Plaza；capitaland.com 组合PDF 或可解决,ZZ未知,虹口区凯德龙之梦
TRUE,虹桥新天地,,,,,英文名 Hongqiao Tiandi (Shui On Land),ZZ未知,
TRUE,金虹桥,,,,,,ZZ未知,金虹桥
TRUE,长泰广场,,,,,,ZZ未知,
TRUE,香港广场,,,,,,ZZ未知,香港广场
TRUE,奉贤龙湖天街,,,,,已检索无果；龙湖仅有集团层面累计GFA,奉贤区,南行港路388号
TRUE,崇明万达广场,,,,,已检索无果,崇明区,崇明大道666号
TRUE,光启城,,,,,已检索无果,徐汇区,宜山路455号(宜山路地铁站出入口步行180米)
TRUE,港汇恒隆广场,,,,,,徐汇区,虹桥路1号
TRUE,绿地缤纷城,,,,,来源指向徐汇东安路项目 与本样本商场是否同一物业未确认 暂不采用,徐汇区,东安路562号(龙华中路地铁站6号口步行70米)
TRUE,美罗城,,,,,,徐汇区,肇嘉浜路1111号
TRUE,西岸梦中心,,,,,45000为MVRDV改造设计面积非零售GFA；未找到开业年份,徐汇区,龙腾大道2266号
TRUE,真如环宇城,,,,,线索指向2024年开业但无明确日期；注意勿与中山公园龙之梦(CloudNine)混淆,普陀区,南郑路与曹杨路交叉口东120米
TRUE,长风大悦城,,,,,,普陀区,大渡河路196号
TRUE,五角场万达广场,,,,,仅据万达影城2006-12-14开业推断 非商场本身,杨浦区,淞沪路77号(江湾体育场地铁站4号口步行80米)
TRUE,五角场合生汇,,,,,已检索无果,杨浦区,翔殷路1099号上海五角场合生汇
TRUE,控江旭辉MALL,,,,,已检索无果；旭辉仅有月度合约GFA,杨浦区,控江路2066号(鞍山新村地铁站1号口步行70米)
TRUE,百联又一城,,,,,已检索无果；仅确认为五角场五大主力店之一,杨浦区,淞沪路8号
TRUE,紫荆广场,,,,,,杨浦区,控江路1628号(江浦路地铁站3号口步行60米)
TRUE,世博天地,,,,,已检索无果,浦东新区,世博大道1467号(中华艺术宫地铁站3号口步行390米)
TRUE,世博源,,,,,已检索无果,浦东新区,世博大道1368号
TRUE,正大广场,,,,,,浦东新区,中国(上海)自由贸易试验区陆家嘴西路168号
TRUE,第一八佰伴,,,,,,浦东新区,张杨路501号(商城路地铁站3号口步行200米)
TRUE,陆家嘴中心L+MALL,,,,,,浦东新区,浦东南路899陆家嘴中心老佛爷百货商场LG层靠近广场大屏左边的入口
TRUE,瑞虹天地太阳宫,,,,,,虹口区,瑞虹路181号(临平路地铁站1号口直通商场)
TRUE,瑞虹天地月亮湾,,,,,,虹口区,瑞虹路188号(临平路地铁站4号口步行430米)
TRUE,百联金山,,,,,已检索无果,金山区,卫清西路188号
TRUE,金山万达广场,,,,,已检索无果,金山区,龙皓路1088号
TRUE,大融城,,,,,,长宁区,淞虹路377号(淞虹路地铁站4号口步行70米)
TRUE,虹桥南丰城,,,,,英文名 The Place (Nan Fung),长宁区,遵义路100号
TRUE,长宁来福士,,,,,,长宁区,长宁路1191号(中山公园地铁站3号口步行250米)
TRUE,青浦吾悦广场,,,,,,青浦区,淀山湖大道218号
TRUE,大宁久光中心,,,,,,静安区,共和新路2188号(上海马戏城地铁站3号口步行310米)
TRUE,静安嘉里中心,,,,,,静安区,南京西路1515号
TRUE,静安大悦城,,,,,,静安区,西藏北路166号
TRUE,新天地广场,,,,,,黄浦区,马当路245号
TRUE,第一百货,,,,,,黄浦区,南京东路830号
