mall_name,w_A0,w_A1,w_A2,dominant,max_weight,is_mixed
BFC外滩金融中心,0.0154,0.426,0.5586,A2,0.5586,True
K11购物艺术中心,0.3047,0.0997,0.5956,A2,0.5956,True
ONE ITC,0.6579,0.0,0.3421,A0,0.6579,False
万达茂,0.9151,0.0747,0.0103,A0,0.9151,False
上海久光百货,0.3612,0.0,0.6388,A2,0.6388,False
上海恒隆广场,0.0,0.0,1.0,A2,1.0,False
上海来福士广场,0.8166,0.0,0.1834,A0,0.8166,False
上海环球港,0.5817,0.3227,0.0957,A0,0.5817,True
上海荟聚中心,0.8322,0.0246,0.1432,A0,0.8322,False
世博天地,0.8167,0.0287,0.1547,A0,0.8167,False
世博源,0.4018,0.5982,0.0,A1,0.5982,True
世贸广场,0.0,1.0,0.0,A1,1.0,False
中信泰富广场,0.0,0.2832,0.7168,A2,0.7168,False
五角场万达广场,0.6643,0.234,0.1017,A0,0.6643,False
五角场合生汇,0.8109,0.0746,0.1145,A0,0.8109,False
光启城,0.8968,0.0804,0.0228,A0,0.8968,False
兴业太古汇,0.3503,0.068,0.5818,A2,0.5818,True
凯德晶萃广场,0.8914,0.0,0.1086,A0,0.8914,False
前滩太古里,0.2571,0.0386,0.7043,A2,0.7043,False
北外滩来福士,0.8993,0.0823,0.0184,A0,0.8993,False
国金ifc商场,0.1895,0.0,0.8105,A2,0.8105,False
大宁久光中心,0.7106,0.125,0.1644,A0,0.7106,False
大融城,0.6312,0.3688,0.0,A0,0.6312,False
奉贤宝龙城市广场,0.7337,0.1313,0.135,A0,0.7337,False
奉贤龙湖天街,0.9551,0.0,0.0449,A0,0.9551,False
尚嘉中心,0.3278,0.2299,0.4423,A2,0.4423,True
崇明万达广场,0.9425,0.0564,0.0011,A0,0.9425,False
控江旭辉MALL,0.7399,0.1828,0.0773,A0,0.7399,False
新世界城,0.2734,0.3376,0.389,A2,0.389,True
新天地广场,0.455,0.0,0.545,A2,0.545,True
晶耀前滩,0.8225,0.0856,0.092,A0,0.8225,False
正大乐城,0.6247,0.2609,0.1144,A0,0.6247,False
正大广场,0.4382,0.2974,0.2644,A0,0.4382,True
浦东嘉里中心,0.3427,0.0,0.6573,A2,0.6573,False
港汇恒隆广场,0.3778,0.0,0.6222,A2,0.6222,False
瑞虹天地太阳宫,0.7138,0.171,0.1152,A0,0.7138,False
瑞虹天地月亮湾,0.0,0.7678,0.2322,A1,0.7678,False
白玉兰广场,0.4399,0.1273,0.4328,A0,0.4399,True
百联又一城,0.833,0.129,0.038,A0,0.833,False
百联金山,1.0,0.0,0.0,A0,1.0,False
真如环宇城,0.8109,0.0,0.1891,A0,0.8109,False
第一八佰伴,0.5219,0.0492,0.4288,A0,0.5219,True
第一百货,0.1444,0.6759,0.1797,A1,0.6759,False
紫荆广场,0.782,0.0003,0.2177,A0,0.782,False
绿地缤纷城,0.4588,0.4629,0.0783,A1,0.4629,True
美罗城,0.8396,0.1359,0.0245,A0,0.8396,False
芮欧百货,0.1289,0.2283,0.6428,A2,0.6428,False
虹口凯德龙之梦,0.939,0.061,0.0,A0,0.939,False
虹桥南丰城,0.5915,0.4085,0.0,A0,0.5915,True
虹桥新天地,0.693,0.0583,0.2488,A0,0.693,False
西岸梦中心,0.0,0.1256,0.8744,A2,0.8744,False
金山万达广场,0.508,0.492,0.0,A0,0.508,True
金虹桥,0.529,0.2186,0.2524,A0,0.529,True
长宁来福士,0.6129,0.1848,0.2022,A0,0.6129,False
长泰广场,0.8693,0.1307,0.0,A0,0.8693,False
长风大悦城,0.8314,0.1686,0.0,A0,0.8314,False
陆家嘴中心L+MALL,0.582,0.1839,0.2341,A0,0.582,True
青浦吾悦广场,0.4607,0.3032,0.2361,A0,0.4607,True
静安嘉里中心,0.1026,0.0525,0.8449,A2,0.8449,False
静安大悦城,0.3098,0.6902,0.0,A1,0.6902,False
香港广场,0.0161,0.3099,0.674,A2,0.674,False
