mall_name,factor1,factor2
BFC外滩金融中心,-0.6472,0.4594
K11购物艺术中心,-0.6753,0.1226
ONE ITC,-0.9713,0.088
万达茂,0.6996,0.1056
上海久光百货,-0.5983,-1.1839
上海恒隆广场,-2.0497,-0.4156
上海来福士广场,-0.5174,-0.2733
上海环球港,0.0551,-0.348
上海荟聚中心,0.4241,-0.4007
世博天地,0.0529,0.1976
世博源,0.8171,-0.0581
世贸广场,-0.7188,0.413
中信泰富广场,-0.7319,0.3587
五角场万达广场,0.409,-0.1005
五角场合生汇,0.2174,-0.3179
光启城,0.8201,0.7616
兴业太古汇,-1.0279,-0.4145
凯德晶萃广场,0.1749,0.1248
前滩太古里,-1.2994,-0.4164
北外滩来福士,0.0645,0.3286
国金ifc商场,-1.6907,-0.3908
大宁久光中心,-0.0915,-0.6165
大融城,0.9152,-0.1103
奉贤宝龙城市广场,0.6469,0.0888
奉贤龙湖天街,0.683,-0.5843
尚嘉中心,-1.0364,0.2946
崇明万达广场,0.5848,-0.1694
控江旭辉MALL,1.1735,1.0389
新世界城,-0.6067,-0.9196
新天地广场,-0.2806,0.2858
晶耀前滩,0.3509,0.3637
正大乐城,0.8476,1.1149
正大广场,-0.0602,0.1451
浦东嘉里中心,-0.3502,-0.4171
港汇恒隆广场,-0.9798,-0.8272
瑞虹天地太阳宫,0.2208,-0.1718
瑞虹天地月亮湾,-0.432,1.6989
白玉兰广场,-0.3103,0.8747
百联又一城,0.2433,-0.7507
百联金山,0.1465,-0.5141
真如环宇城,0.1641,-0.2776
第一八佰伴,-0.3882,-1.4841
第一百货,-0.6043,-0.6311
紫荆广场,0.6004,0.4165
绿地缤纷城,0.5183,1.0961
美罗城,-0.2481,0.2157
芮欧百货,-0.8092,-0.0803
虹口凯德龙之梦,0.3986,0.0287
虹桥南丰城,0.5675,0.3265
虹桥新天地,-0.3668,0.1308
西岸梦中心,-0.759,0.0875
金山万达广场,0.7879,-0.0911
金虹桥,0.0366,1.0747
长宁来福士,0.2448,0.3024
长泰广场,0.6001,0.047
长风大悦城,0.2977,0.4338
陆家嘴中心L+MALL,0.1074,0.2486
青浦吾悦广场,0.8412,-0.071
静安嘉里中心,-0.8242,-0.498
静安大悦城,-0.3929,0.1238
香港广场,0.0211,0.7251
