mall_name,DIY手工,KTV,VR体验,东南亚料理,书店,亲子活动,健身中心,儿童乐园,儿童摄影,其它,其它地方菜,北京菜,咖啡,回收护理,奢侈品,家具家居,密室逃脱,小吃快餐,居家日用,川菜,彩票,手表腕表,按摩足疗,摄影写真,撸宠购宠,教育培训,数码家电,日料,服饰鞋包,桌游棋牌,母婴用品,江浙菜,汽车体验,汽车服务,洗浴汗蒸,洗衣护理,游戏电竞,游泳冰雪,湘菜,演出活动,潮玩礼品,火锅,烟酒茶叶,烧烤烤肉,珠宝首饰,球馆,瑜伽普拉提,电影院,眼镜店,粤菜,维修,美发,美妆护肤,美容医美,美甲美睫,自助餐,舞蹈,花店,茶饮果汁,茶馆,药店保健,营业网点,西餐,超市便利,运动户外,酒吧,面包甜点,韩料,食品滋补
BFC外滩金融中心,0,0,0,1,1,0,2,1,1,11,7,1,8,0,3,4,0,11,2,3,2,1,4,2,9,0,5,7,21,0,0,4,0,1,0,1,0,0,2,2,7,0,2,3,9,1,1,1,2,2,0,5,1,14,0,1,0,1,8,0,0,0,9,3,5,4,7,0,2
K11购物艺术中心,0,0,0,1,0,0,1,0,0,10,3,0,5,0,3,0,0,4,0,0,0,0,0,0,0,2,3,5,22,0,0,0,0,0,0,2,0,0,0,1,4,2,2,1,2,0,0,0,4,2,1,3,4,9,3,0,0,0,5,0,0,0,1,3,1,3,9,1,0
ONE ITC,0,0,0,1,0,0,2,0,0,2,0,0,8,0,5,1,0,1,1,1,0,0,0,1,0,0,2,2,15,0,1,2,1,1,0,0,0,0,1,0,3,2,0,1,5,0,0,0,2,1,0,2,1,4,1,0,1,1,7,2,0,0,4,1,1,0,8,0,0
万达茂,1,1,0,0,0,0,0,2,0,18,4,0,4,3,0,2,1,17,2,3,2,0,2,0,2,13,9,5,22,0,1,2,0,0,0,0,3,0,4,1,6,6,2,4,5,1,1,1,5,1,1,5,1,7,9,1,2,0,12,0,0,0,2,7,9,0,10,0,1
上海久光百货,0,0,0,2,0,1,1,0,0,12,2,0,10,1,9,8,0,5,19,0,0,1,2,1,0,1,18,6,154,0,2,4,0,0,0,2,0,0,1,0,10,1,0,0,22,0,0,0,5,5,0,5,47,5,0,0,0,1,2,0,0,0,5,7,8,0,28,0,3
上海恒隆广场,0,0,0,0,0,0,0,0,0,5,0,0,3,0,56,0,0,0,4,0,0,10,0,0,0,1,3,2,17,0,0,1,0,0,0,0,0,0,0,0,0,0,1,1,2,0,0,0,1,4,0,2,6,5,1,0,0,1,1,0,0,0,1,0,3,0,7,0,0
上海来福士广场,1,0,0,2,0,0,2,0,0,10,4,0,6,1,4,0,0,9,0,2,2,1,1,3,1,1,9,7,41,0,0,3,0,0,0,1,1,1,2,0,13,2,0,2,10,0,0,0,6,3,1,5,13,3,2,0,1,0,12,0,0,0,4,3,1,0,11,0,1
上海环球港,2,1,1,4,0,1,3,5,0,25,8,1,8,7,2,10,0,22,5,3,1,5,2,2,3,6,21,8,88,2,3,7,2,1,0,2,8,0,2,2,19,9,1,6,22,1,2,1,11,7,1,13,11,9,3,1,0,1,20,2,0,0,7,13,18,5,23,1,4
上海荟聚中心,2,1,0,3,0,2,1,6,0,17,9,0,6,3,0,4,1,22,4,2,0,1,4,1,1,3,18,11,70,0,3,5,11,2,0,1,2,1,2,0,13,7,1,4,10,1,0,1,4,4,3,7,3,5,2,2,1,1,15,0,0,0,7,14,20,0,28,0,2
世博天地,0,0,0,1,1,0,1,2,0,4,5,1,5,1,0,1,1,10,2,2,1,0,2,0,2,2,11,12,10,0,0,4,2,1,0,0,1,0,1,0,10,4,0,3,2,0,0,0,4,3,0,1,1,1,1,1,0,0,10,0,0,0,5,3,7,0,10,0,1
世博源,4,2,2,1,0,0,2,7,1,23,6,0,9,2,0,1,2,15,4,2,1,1,2,3,2,16,14,7,37,1,2,9,3,1,0,0,7,1,1,1,7,7,1,3,5,8,1,1,6,5,3,5,0,4,3,2,2,1,11,1,0,0,3,8,8,0,7,0,1
世贸广场,2,0,1,1,1,0,0,0,0,15,4,0,5,1,1,0,3,5,1,1,1,1,0,0,0,0,4,2,8,1,0,3,0,0,0,0,0,1,2,10,13,5,0,4,0,0,0,0,0,3,0,0,3,2,0,0,0,0,6,0,0,0,2,0,4,0,4,0,1
中信泰富广场,0,0,0,1,0,0,3,0,0,5,2,1,4,1,1,0,0,0,0,0,0,0,0,0,0,1,2,2,11,0,0,1,0,1,0,1,0,0,0,0,2,0,0,0,7,0,1,0,1,4,0,3,0,4,3,0,0,1,2,1,0,0,4,1,0,2,0,0,0
五角场万达广场,4,1,0,2,1,2,1,1,0,27,4,1,6,6,0,3,0,26,2,1,2,2,3,0,2,8,14,5,47,0,0,6,4,1,1,2,1,1,3,0,14,11,1,4,13,3,0,1,8,4,3,12,4,10,11,1,2,1,15,0,1,0,4,8,13,0,16,0,2
五角场合生汇,2,1,0,1,0,0,2,3,0,21,6,0,6,3,3,7,1,21,4,4,2,1,3,1,4,5,26,16,83,0,2,6,8,2,0,1,4,0,6,1,22,10,0,7,16,1,2,1,13,4,3,6,5,8,2,2,2,1,23,0,0,0,5,6,8,0,23,1,2
光启城,3,2,0,0,1,1,2,1,2,11,2,0,9,4,0,2,0,41,2,2,2,0,1,0,0,11,2,3,8,0,0,3,0,0,0,0,1,0,3,0,1,3,1,2,2,1,0,0,4,1,2,7,1,4,2,0,2,1,17,0,0,0,1,4,1,0,9,1,0
兴业太古汇,0,0,0,3,1,0,1,0,0,8,2,0,14,5,14,1,0,7,2,1,0,1,0,1,0,0,4,8,66,0,1,3,3,1,0,0,0,1,0,0,6,0,0,1,1,2,1,0,3,6,0,4,20,4,3,0,0,1,8,1,2,0,8,3,9,1,14,1,0
凯德晶萃广场,0,1,0,0,1,1,3,1,0,17,5,1,8,7,0,2,0,9,2,3,1,0,3,1,2,4,15,4,29,0,0,5,0,1,0,1,0,0,4,2,6,4,0,1,11,1,1,2,3,4,3,9,2,13,5,2,3,1,7,2,0,0,4,4,5,0,9,1,0
前滩太古里,1,0,0,2,2,0,1,0,0,16,4,1,15,0,32,3,0,10,3,1,0,10,0,0,2,0,8,3,79,0,2,3,0,1,0,1,0,0,1,0,9,1,0,3,6,1,0,1,4,4,0,3,20,4,2,0,0,1,15,0,0,0,8,0,15,4,18,1,0
北外滩来福士,0,1,0,1,1,0,4,1,0,19,4,0,7,3,1,1,0,18,3,3,2,0,2,4,1,1,13,8,22,0,0,5,1,1,0,1,1,1,3,3,7,8,1,2,6,4,1,1,6,3,2,8,2,11,4,0,1,1,9,4,2,0,6,10,6,0,9,1,0
国金ifc商场,0,0,0,2,0,0,0,0,0,6,1,2,9,0,56,1,0,2,2,1,0,10,0,0,0,0,5,7,34,0,1,5,0,0,0,0,0,0,1,0,4,1,0,3,10,0,0,1,4,2,1,1,26,6,2,0,1,2,12,1,1,0,3,3,2,0,19,0,0
大宁久光中心,0,1,1,3,0,0,1,8,0,11,3,1,7,3,1,1,0,14,1,3,0,6,3,3,1,4,15,13,101,1,2,6,1,1,0,0,4,0,2,0,10,7,3,3,22,2,1,1,5,9,4,6,25,8,2,1,3,2,15,1,2,0,5,5,13,0,29,3,2
大融城,2,1,0,0,1,5,4,11,0,25,3,0,5,6,0,1,0,20,1,6,2,0,4,0,3,17,12,7,47,1,1,8,8,1,0,0,8,2,3,0,8,11,0,4,8,6,1,3,11,4,1,9,4,8,3,3,3,1,16,1,0,0,5,7,9,0,15,1,0
奉贤宝龙城市广场,1,1,0,1,0,2,2,3,0,5,2,0,8,4,0,1,1,41,3,5,2,0,2,0,0,8,10,7,33,0,1,1,1,0,0,0,3,0,1,0,3,5,1,4,10,1,1,1,7,1,1,5,3,15,7,0,0,0,16,0,0,0,3,10,3,1,11,0,0
奉贤龙湖天街,1,1,0,2,0,0,0,3,0,4,4,0,3,3,0,4,0,24,3,4,2,0,0,2,0,5,10,6,66,0,3,4,9,2,0,0,7,0,3,0,9,9,1,3,15,1,1,1,6,3,7,8,6,3,0,3,0,0,19,0,0,0,4,8,8,0,16,0,0
尚嘉中心,0,1,0,1,0,0,2,0,0,11,2,0,6,0,9,1,0,15,5,2,0,0,1,0,1,0,1,7,17,0,0,2,0,1,0,2,0,0,1,0,5,0,0,0,4,1,1,0,2,1,0,3,1,3,1,0,0,2,4,2,0,0,7,2,1,0,7,0,2
崇明万达广场,1,1,0,0,0,1,1,2,0,15,4,1,4,1,0,5,0,21,4,2,0,0,1,1,1,6,12,1,26,0,2,3,0,1,0,1,3,1,0,0,5,6,0,3,9,2,0,1,4,2,2,4,1,3,2,0,1,1,13,0,3,0,3,7,6,0,12,0,0
控江旭辉MALL,0,1,0,0,0,1,3,0,0,7,0,0,6,1,0,0,0,11,0,2,1,0,2,0,0,13,6,2,0,0,0,2,0,0,0,0,1,0,1,0,1,3,1,1,0,2,1,1,0,1,1,3,0,2,1,0,1,0,4,0,0,0,1,4,0,0,4,0,0
新世界城,1,0,0,1,0,0,1,0,0,28,1,2,6,2,6,4,0,11,10,1,2,8,0,0,0,1,24,4,113,0,0,7,0,0,0,0,2,0,1,4,21,2,2,1,18,1,0,1,1,2,0,3,38,2,3,0,1,0,9,1,0,1,2,1,15,1,6,1,0
新天地广场,0,0,0,3,0,0,0,0,0,2,3,0,2,0,0,0,0,10,0,2,0,0,1,1,2,1,1,6,17,0,0,0,0,0,0,0,1,0,1,0,1,1,0,1,1,0,0,0,2,1,0,1,1,1,3,0,1,0,5,0,0,0,6,2,1,0,12,0,0
晶耀前滩,0,0,0,2,1,0,3,2,0,11,4,0,7,1,0,2,0,9,1,3,0,0,2,1,0,7,1,9,20,0,1,5,0,2,0,0,2,1,3,0,5,3,0,1,3,0,2,1,4,3,0,6,0,6,2,1,3,0,7,0,1,0,5,5,1,0,4,2,0
正大乐城,0,1,0,0,0,3,2,0,0,12,1,1,4,3,0,0,1,12,0,1,0,0,4,0,1,8,4,3,3,0,0,0,1,0,0,0,2,0,1,0,2,6,0,3,0,1,0,0,1,2,0,3,0,6,2,0,1,0,4,2,0,0,4,2,0,0,1,0,0
正大广场,0,1,0,0,1,2,1,2,0,24,7,0,6,1,0,0,0,18,2,5,0,1,1,1,0,2,9,6,32,0,0,7,1,1,0,3,4,0,3,3,7,4,0,4,5,0,0,0,3,5,1,4,4,9,1,0,0,1,5,0,0,1,12,6,7,2,6,3,0
浦东嘉里中心,0,0,0,3,1,0,1,1,0,6,2,0,5,0,0,2,0,4,3,1,0,0,0,2,0,2,8,4,39,0,0,4,0,1,0,2,0,0,0,0,6,1,1,2,3,0,0,0,4,4,0,4,2,4,2,1,0,3,3,0,0,0,7,3,25,1,9,0,0
港汇恒隆广场,0,0,0,2,0,0,0,0,0,11,1,1,5,4,30,5,0,4,5,2,0,4,1,2,1,0,19,7,109,0,1,5,0,1,0,1,0,0,0,0,8,2,1,1,25,0,1,1,8,3,1,4,18,2,2,1,0,2,8,0,0,0,6,3,23,0,19,1,3
瑞虹天地太阳宫,2,0,0,3,1,2,2,7,0,15,11,0,10,2,0,14,1,27,4,4,2,2,6,1,2,4,22,14,62,0,2,8,2,1,0,0,1,1,1,1,22,7,1,2,7,2,1,1,9,13,2,8,6,8,6,1,4,0,24,0,0,0,4,11,11,0,26,0,1
瑞虹天地月亮湾,2,1,0,2,0,0,4,0,0,13,3,0,3,0,0,0,3,10,0,4,1,0,4,0,9,1,0,5,4,1,0,3,0,1,0,0,1,0,0,3,1,6,0,4,0,3,2,0,0,4,1,3,0,4,1,0,1,6,10,1,0,0,6,2,1,7,6,0,0
白玉兰广场,0,3,0,2,0,0,1,0,0,16,4,0,11,2,0,0,0,20,2,1,1,0,2,0,0,0,1,5,6,0,0,6,1,1,0,0,0,0,2,0,5,1,2,1,0,4,1,1,3,4,1,6,2,4,3,0,0,0,6,1,0,0,13,4,4,2,8,1,0
百联又一城,0,1,0,0,0,2,1,1,0,10,5,0,5,1,1,2,3,10,4,2,2,3,1,2,0,7,8,3,84,0,0,2,1,2,0,1,3,1,0,1,6,6,1,1,11,2,1,1,4,3,2,7,9,7,2,1,1,0,7,0,2,0,3,2,14,0,8,1,3
百联金山,0,1,0,0,0,0,0,2,0,8,1,0,4,0,0,0,0,13,3,3,2,3,0,0,0,2,5,3,38,0,0,3,2,1,0,1,2,0,0,0,9,3,1,2,9,2,0,1,4,2,1,1,6,1,2,0,0,1,10,0,1,0,2,4,5,0,9,0,1
真如环宇城,0,1,0,3,0,0,2,2,0,13,11,1,8,0,2,4,0,31,4,2,0,1,1,1,1,5,11,18,74,0,3,7,8,1,0,0,1,1,3,0,9,11,0,5,13,1,1,1,6,10,1,6,3,6,5,3,3,1,16,0,0,0,7,4,18,0,17,1,1
第一八佰伴,1,1,0,1,0,0,0,1,0,16,1,1,2,1,9,13,0,3,14,1,1,4,0,0,0,0,23,1,154,1,3,4,0,1,0,0,0,0,2,0,7,1,1,1,17,3,1,1,2,1,2,3,38,6,0,0,0,2,2,1,1,0,2,1,20,1,3,0,11
第一百货,2,0,1,1,0,0,0,1,0,21,1,0,6,0,2,3,0,7,4,0,1,3,1,0,0,1,14,3,54,1,1,4,0,0,0,0,0,0,0,9,8,2,1,2,10,0,0,3,0,2,0,7,22,2,1,2,0,2,3,1,0,1,2,0,8,1,2,0,0
紫荆广场,0,0,0,2,1,1,2,1,0,10,5,1,3,2,0,0,0,23,4,3,0,0,2,1,0,7,8,2,15,0,0,5,0,0,0,0,1,0,4,0,1,2,0,3,3,3,2,1,2,3,0,5,0,4,1,0,2,0,12,0,0,0,1,5,0,0,9,0,0
绿地缤纷城,2,1,0,2,1,2,3,0,2,26,7,0,9,1,0,2,0,28,1,1,1,0,2,2,2,9,2,7,4,1,0,2,2,1,0,1,1,0,7,0,4,4,2,2,5,7,4,2,2,3,2,6,0,8,6,0,2,2,10,2,1,0,5,4,1,1,7,1,0
美罗城,1,0,2,1,0,0,1,0,0,11,4,0,4,5,0,1,0,19,1,1,2,3,0,3,0,0,17,15,16,0,0,0,0,1,0,0,0,0,3,2,19,2,0,3,6,1,0,1,7,2,2,2,2,1,3,0,1,2,13,0,0,0,5,6,0,0,28,1,1
芮欧百货,4,0,0,1,0,0,1,0,0,9,1,1,6,1,6,2,0,10,0,0,0,0,0,1,0,0,0,6,41,0,0,2,0,1,0,1,0,0,1,0,2,1,1,2,2,0,0,0,1,3,0,3,1,2,2,0,0,1,10,0,0,0,4,1,0,0,7,3,0
虹口凯德龙之梦,2,1,0,1,1,1,7,2,0,19,9,0,7,1,0,1,3,31,4,6,2,0,4,2,1,9,19,10,46,2,1,6,3,1,0,0,2,0,2,0,6,6,1,3,11,1,1,1,5,5,3,9,3,11,3,0,2,1,20,0,0,0,3,12,9,0,23,2,2
虹桥南丰城,4,1,0,1,0,2,4,7,1,14,7,1,11,4,0,7,0,15,2,2,2,0,4,2,0,6,6,5,17,1,0,9,2,1,0,2,5,1,2,1,7,7,1,2,2,0,1,1,3,6,1,10,0,16,4,0,2,0,8,0,0,0,6,7,4,0,12,1,1
虹桥新天地,0,1,0,4,0,0,3,0,0,10,9,1,8,2,0,1,1,10,4,4,0,0,0,1,1,0,5,11,44,0,1,8,2,0,0,0,3,0,3,1,8,3,2,6,5,1,1,2,3,4,0,7,3,12,3,0,0,2,16,1,0,0,4,3,5,4,10,0,0
西岸梦中心,0,1,0,3,1,0,0,0,0,19,5,1,8,1,0,3,0,5,0,1,0,0,0,0,3,0,2,4,23,0,0,5,0,0,0,0,0,0,2,1,1,5,0,2,1,0,0,0,3,3,0,0,8,1,1,0,0,0,6,0,0,0,10,2,13,2,13,1,0
金山万达广场,3,1,1,0,0,5,4,1,0,30,5,0,4,2,0,4,1,33,1,4,2,0,3,0,0,11,13,4,44,0,1,2,3,2,0,1,10,1,2,0,8,6,0,6,18,4,0,1,6,1,3,7,2,10,5,3,2,1,12,0,1,0,2,9,4,3,13,0,1
金虹桥,1,0,0,1,0,0,7,0,0,11,1,0,9,2,0,1,0,22,3,2,0,0,4,2,3,3,6,25,4,0,0,2,0,1,0,1,1,0,2,0,4,3,1,4,2,2,1,1,9,2,1,13,0,7,2,0,1,1,19,1,0,1,4,7,0,0,12,3,0
长宁来福士,1,1,0,0,0,3,7,0,0,27,5,1,12,5,1,5,0,14,3,0,1,0,6,1,3,8,12,8,26,0,0,2,4,2,0,2,2,1,4,2,8,5,0,1,9,2,1,1,5,4,1,14,2,18,4,2,3,2,11,1,0,0,10,7,8,0,10,2,2
长泰广场,3,1,2,2,0,0,1,5,0,19,8,0,5,2,0,1,0,18,1,4,1,0,1,2,3,7,15,5,26,0,0,2,13,1,0,1,2,3,3,2,5,4,1,4,4,0,1,0,4,7,1,5,3,12,3,2,0,1,10,1,0,2,8,7,5,0,11,1,1
长风大悦城,1,1,0,0,1,1,2,2,1,7,11,1,5,1,0,2,0,18,3,2,2,0,5,1,0,0,5,5,11,1,1,4,0,1,0,1,1,2,1,2,7,5,0,3,3,4,1,1,2,4,0,4,1,4,1,2,2,0,6,1,0,0,5,2,2,0,6,0,2
陆家嘴中心L+MALL,1,1,0,1,1,0,4,1,0,9,8,2,6,3,0,7,3,14,1,1,0,1,2,1,1,3,17,13,21,0,1,8,3,1,0,2,0,0,3,1,6,4,1,3,8,2,0,1,3,5,2,7,1,9,3,1,4,2,11,1,0,0,5,5,2,0,12,0,0
青浦吾悦广场,3,1,0,0,0,0,3,6,0,25,2,0,3,2,0,1,0,28,2,1,2,0,0,0,3,21,14,4,48,0,0,4,3,1,0,2,3,2,2,0,6,7,2,6,13,2,2,1,5,1,1,10,2,19,11,1,2,1,12,0,0,0,2,8,4,1,8,0,0
静安嘉里中心,0,0,0,3,0,1,1,0,0,9,1,1,11,0,6,0,0,5,1,2,0,0,0,0,0,0,1,6,58,0,3,5,0,1,0,2,0,0,1,0,4,1,1,1,5,1,0,1,4,3,0,2,14,4,5,0,0,2,7,1,0,0,5,1,17,0,15,0,2
静安大悦城,6,1,0,2,2,0,1,0,0,20,3,1,11,2,3,1,3,14,3,3,0,1,3,1,0,1,8,9,38,1,0,3,0,1,0,0,5,0,3,2,38,6,0,4,5,0,0,2,5,6,0,5,6,5,5,0,3,1,19,0,0,0,4,5,4,1,17,3,1
香港广场,0,0,0,1,0,0,3,0,0,2,1,1,3,0,0,0,0,5,0,1,0,0,3,0,0,0,1,3,5,0,0,1,2,0,0,0,1,0,2,1,0,1,0,1,3,0,0,0,0,3,0,6,1,8,4,1,0,1,1,0,0,0,1,1,0,0,3,1,0
